{"type":"FeatureCollection","name":"hackensack_road_centerlines","metadata":{"source":"NJOGIS NG911 Road Centerlines (Tran_road)","url":"https://services2.arcgis.com/XVOqAjTOJ5P6ngMu/arcgis/rest/services/Tran_road/FeatureServer/0","query_url":"https://services2.arcgis.com/XVOqAjTOJ5P6ngMu/arcgis/rest/services/Tran_road/FeatureServer/0/query","retrieved_at_utc":"2026-09-04T20:05:17.008815+00:00","source_last_edit_date":1785341586960,"out_sr":4326,"query_envelope_wgs84":[-74.0683067,40.8586407,-74.0248202,40.9136973],"spatial_relationship":"esriSpatialRelIntersects","boundary_file":"hackensack_boundary.geojson","boundary_sha256":"c185ba5dbc41153e14b3f7be32932d9006f29e79df16c00e521dd0de0e9c5a92","fields":["OBJECTID","PRIMENAME","ELEVTYP_F","ELEVTYP_T"],"feature_count":2766,"complete_objectid_inventory_verified":true,"municipal_clipping":"Envelope selection only; clip against the actual municipal boundary in the application."},"features":[{"type":"Feature","id":61,"properties":{"OBJECTID":61,"PRIMENAME":"South River Road","ELEVTYP_F":0,"ELEVTYP_T":0},"geometry":{"type":"LineString","coordinates":[[-74.0381521878388,40.8682262740189],[-74.0381692474328,40.868269081584]]}},{"type":"Feature","id":283,"properties":{"OBJECTID":283,"PRIMENAME":"Leonia Avenue","ELEVTYP_F":0,"ELEVTYP_T":0},"geometry":{"type":"LineString","coordinates":[[-74.027730383218,40.8776684486491],[-74.027707617378,40.8777254775928],[-74.0274514719159,40.8783671011407]]}},{"type":"Feature","id":445,"properties":{"OBJECTID":445,"PRIMENAME":"Daniel Street","ELEVTYP_F":0,"ELEVTYP_T":0},"geometry":{"type":"LineString","coordinates":[[-74.0579278490751,40.8752453913475],[-74.0580259269386,40.875304536566],[-74.0591139830287,40.8759606516743]]}},{"type":"Feature","id":489,"properties":{"OBJECTID":489,"PRIMENAME":"West Shore Avenue","ELEVTYP_F":0,"ELEVTYP_T":0},"geometry":{"type":"LineString","coordinates":[[-74.0289075829571,40.8760077707995],[-74.0293278882362,40.874974068391]]}},{"type":"Feature","id":525,"properties":{"OBJECTID":525,"PRIMENAME":"Penn Avenue","ELEVTYP_F":0,"ELEVTYP_T":0},"geometry":{"type":"LineString","coordinates":[[-74.0279721068054,40.8900479168486],[-74.0260751557343,40.8896025676388]]}},{"type":"Feature","id":578,"properties":{"OBJECTID":578,"PRIMENAME":"Victory Lane","ELEVTYP_F":0,"ELEVTYP_T":0},"geometry":{"type":"LineString","coordinates":[[-74.0251313169315,40.8621583255537],[-74.0248064629449,40.8621302849297],[-74.0238617280427,40.8619312903963]]}},{"type":"Feature","id":598,"properties":{"OBJECTID":598,"PRIMENAME":"Mendez Avenue","ELEVTYP_F":0,"ELEVTYP_T":0},"geometry":{"type":"LineString","coordinates":[[-74.0645660588577,40.909886502233],[-74.0637014127457,40.9096736865326]]}},{"type":"Feature","id":603,"properties":{"OBJECTID":603,"PRIMENAME":"Maywood Avenue","ELEVTYP_F":0,"ELEVTYP_T":0},"geometry":{"type":"LineString","coordinates":[[-74.0571017624301,40.9130538199206],[-74.0575500682321,40.9124362943285],[-74.0575790412647,40.9122966064819]]}},{"type":"Feature","id":703,"properties":{"OBJECTID":703,"PRIMENAME":"Hegner Court","ELEVTYP_F":0,"ELEVTYP_T":0},"geometry":{"type":"LineString","coordinates":[[-74.044856617404,40.8588565066144],[-74.0448874799214,40.8586688248739],[-74.044911623312,40.8584805764055],[-74.0449290298525,40.8582918998451],[-74.0449396867811,40.8581029341428],[-74.0449547754201,40.8579636058473],[-74.0449615868082,40.8579336738466],[-74.0449743987329,40.8579048980549],[-74.0449929044083,40.8578779675019],[-74.0450166607143,40.8578535270324],[-74.0450450988078,40.8578321618663],[-74.0450775377435,40.8578143835859],[-74.0451132007794,40.8578006178859],[-74.0451512339749,40.8577911943814]]}},{"type":"Feature","id":755,"properties":{"OBJECTID":755,"PRIMENAME":"Elm Avenue","ELEVTYP_F":0,"ELEVTYP_T":0},"geometry":{"type":"LineString","coordinates":[[-74.042794307438,40.9023244330794],[-74.0439307617057,40.9030027030997]]}},{"type":"Feature","id":764,"properties":{"OBJECTID":764,"PRIMENAME":"Clay Street","ELEVTYP_F":0,"ELEVTYP_T":0},"geometry":{"type":"LineString","coordinates":[[-74.0507918840794,40.890391943173],[-74.0505323387318,40.8902448744444],[-74.0494794826817,40.8896514571477]]}},{"type":"Feature","id":885,"properties":{"OBJECTID":885,"PRIMENAME":"South Main Street","ELEVTYP_F":0,"ELEVTYP_T":0},"geometry":{"type":"LineString","coordinates":[[-74.0457147983948,40.8725508520181],[-74.0459757625769,40.8717109671374],[-74.046262124891,40.8708205090787]]}},{"type":"Feature","id":1147,"properties":{"OBJECTID":1147,"PRIMENAME":"Maywood Avenue","ELEVTYP_F":0,"ELEVTYP_T":0},"geometry":{"type":"LineString","coordinates":[[-74.0642967516531,40.8992649760988],[-74.0642686023784,40.8993089926249],[-74.0642374327167,40.8993518213891],[-74.063763691085,40.8999764774829]]}},{"type":"Feature","id":1842,"properties":{"OBJECTID":1842,"PRIMENAME":"Third Street","ELEVTYP_F":0,"ELEVTYP_T":0},"geometry":{"type":"LineString","coordinates":[[-74.0301364562898,40.8632383984175],[-74.0304346104585,40.8624129992147]]}},{"type":"Feature","id":2030,"properties":{"OBJECTID":2030,"PRIMENAME":"West Pleasant Avenue","ELEVTYP_F":0,"ELEVTYP_T":0},"geometry":{"type":"LineString","coordinates":[[-74.065548308646,40.9063670121411],[-74.0644375263967,40.9056596820268]]}},{"type":"Feature","id":2621,"properties":{"OBJECTID":2621,"PRIMENAME":"Kaplan Avenue","ELEVTYP_F":0,"ELEVTYP_T":0},"geometry":{"type":"LineString","coordinates":[[-74.0619179452174,40.8845876439705],[-74.0616245002726,40.8844144484749],[-74.0602940171003,40.8836130781712],[-74.0602938376547,40.8836129397002]]}},{"type":"Feature","id":2634,"properties":{"OBJECTID":2634,"PRIMENAME":"East Grove Street","ELEVTYP_F":0,"ELEVTYP_T":0},"geometry":{"type":"LineString","coordinates":[[-74.044856617404,40.8588565066144],[-74.0445386672683,40.8588213793465]]}},{"type":"Feature","id":6500,"properties":{"OBJECTID":6500,"PRIMENAME":"East Lafayette Street","ELEVTYP_F":0,"ELEVTYP_T":0},"geometry":{"type":"LineString","coordinates":[[-74.0417003873599,40.8722506778219],[-74.0408283760882,40.8724470965992]]}},{"type":"Feature","id":6928,"properties":{"OBJECTID":6928,"PRIMENAME":"Coles Avenue","ELEVTYP_F":0,"ELEVTYP_T":0},"geometry":{"type":"LineString","coordinates":[[-74.0457444717805,40.9121279811199],[-74.0447937469423,40.9115609469192],[-74.0447087702733,40.9115110930764]]}},{"type":"Feature","id":7979,"properties":{"OBJECTID":7979,"PRIMENAME":"Summit Avenue","ELEVTYP_F":0,"ELEVTYP_T":0},"geometry":{"type":"LineString","coordinates":[[-74.0271574672938,40.8743450270903],[-74.0270576641515,40.8745425548778],[-74.0266336307974,40.8753638588962]]}},{"type":"Feature","id":8114,"properties":{"OBJECTID":8114,"PRIMENAME":"Palmer Avenue","ELEVTYP_F":0,"ELEVTYP_T":0},"geometry":{"type":"LineString","coordinates":[[-74.063684390575,40.9052506128466],[-74.0637163422485,40.905222351522],[-74.0637382508104,40.9052025886519]]}},{"type":"Feature","id":8165,"properties":{"OBJECTID":8165,"PRIMENAME":"Clark Court","ELEVTYP_F":0,"ELEVTYP_T":0},"geometry":{"type":"LineString","coordinates":[[-74.0683219563256,40.8755465997311],[-74.0684171751507,40.8754515416032],[-74.0685927766975,40.8752762281154],[-74.0685998854987,40.8752687916828],[-74.0686001412622,40.8752685044571],[-74.0686090472269,40.8752580380747],[-74.0686171027064,40.8752471819027],[-74.0686242781925,40.8752359757092],[-74.0686305474007,40.8752244605443],[-74.0686373259782,40.8752090503624],[-74.0686424825078,40.8751932824294],[-74.0686495125406,40.8751674533649],[-74.0686687503146,40.8750967693492],[-74.0686896020991,40.8750201593122]]}},{"type":"Feature","id":8399,"properties":{"OBJECTID":8399,"PRIMENAME":"Voorhis Lane","ELEVTYP_F":0,"ELEVTYP_T":0},"geometry":{"type":"LineString","coordinates":[[-74.0409568853631,40.9048826251907],[-74.0415297722198,40.9052305731579],[-74.041941027059,40.9054803488717],[-74.0419902236122,40.9055042755699],[-74.0420422138382,40.9055245183058],[-74.0420965199592,40.9055408910525],[-74.0421526429137,40.9055532433475]]}},{"type":"Feature","id":8544,"properties":{"OBJECTID":8544,"PRIMENAME":"Hackensack Avenue","ELEVTYP_F":0,"ELEVTYP_T":0},"geometry":{"type":"LineString","coordinates":[[-74.0333859021889,40.9116801581217],[-74.0334170281825,40.9121059668276],[-74.0334428612606,40.9125488269583],[-74.0334512370168,40.9127317823397]]}},{"type":"Feature","id":8672,"properties":{"OBJECTID":8672,"PRIMENAME":"Hudson Street","ELEVTYP_F":0,"ELEVTYP_T":0},"geometry":{"type":"LineString","coordinates":[[-74.0427206285106,40.87480664457],[-74.0429509466037,40.8753903905208],[-74.0431808715931,40.8759583780446]]}},{"type":"Feature","id":8758,"properties":{"OBJECTID":8758,"PRIMENAME":"Sussex Street","ELEVTYP_F":0,"ELEVTYP_T":0},"geometry":{"type":"LineString","coordinates":[[-74.0510641024544,40.8808981330101],[-74.0511508997159,40.8809251240401],[-74.052209681286,40.8812542401942]]}},{"type":"Feature","id":8843,"properties":{"OBJECTID":8843,"PRIMENAME":"West Passaic Street","ELEVTYP_F":0,"ELEVTYP_T":0},"geometry":{"type":"LineString","coordinates":[[-74.0634865536842,40.9037004078863],[-74.0639147812626,40.9039560431253]]}},{"type":"Feature","id":9046,"properties":{"OBJECTID":9046,"PRIMENAME":"Terrace Avenue","ELEVTYP_F":0,"ELEVTYP_T":0},"geometry":{"type":"LineString","coordinates":[[-74.0624835963044,40.8720064646124],[-74.0623236174007,40.8721988111189],[-74.0620577854751,40.8725184221422]]}},{"type":"Feature","id":9068,"properties":{"OBJECTID":9068,"PRIMENAME":"West Fairmount Avenue","ELEVTYP_F":0,"ELEVTYP_T":0},"geometry":{"type":"LineString","coordinates":[[-74.0602605710658,40.9110398603157],[-74.0611280551415,40.9112558933656],[-74.0613035844427,40.9112996045757],[-74.0618962480346,40.9114484090467],[-74.0619737672106,40.911467863007]]}},{"type":"Feature","id":9172,"properties":{"OBJECTID":9172,"PRIMENAME":"Catalpa Avenue","ELEVTYP_F":0,"ELEVTYP_T":0},"geometry":{"type":"LineString","coordinates":[[-74.0289950167846,40.8876662027723],[-74.0287069489105,40.8883665487481],[-74.0286663997477,40.8884637730501]]}},{"type":"Feature","id":9258,"properties":{"OBJECTID":9258,"PRIMENAME":"Hackensack Avenue","ELEVTYP_F":0,"ELEVTYP_T":0},"geometry":{"type":"LineString","coordinates":[[-74.0359417061238,40.900479757145],[-74.035861953527,40.900606828352]]}},{"type":"Feature","id":9315,"properties":{"OBJECTID":9315,"PRIMENAME":"East Wesley Street","ELEVTYP_F":0,"ELEVTYP_T":0},"geometry":{"type":"LineString","coordinates":[[-74.0469543444068,40.8687196702094],[-74.0463102507953,40.8685853536727],[-74.0460923827262,40.8685390951867]]}},{"type":"Feature","id":9365,"properties":{"OBJECTID":9365,"PRIMENAME":"State Street","ELEVTYP_F":0,"ELEVTYP_T":0},"geometry":{"type":"LineString","coordinates":[[-74.0463351611085,40.8806641525381],[-74.0461456531534,40.8810398472799]]}},{"type":"Feature","id":9433,"properties":{"OBJECTID":9433,"PRIMENAME":"Washington Avenue","ELEVTYP_F":0,"ELEVTYP_T":0},"geometry":{"type":"LineString","coordinates":[[-74.0415554974162,40.8694760911463],[-74.041916883352,40.8703724881564],[-74.0420642891915,40.8707583804985]]}},{"type":"Feature","id":9491,"properties":{"OBJECTID":9491,"PRIMENAME":"Hackensack Avenue","ELEVTYP_F":0,"ELEVTYP_T":0},"geometry":{"type":"LineString","coordinates":[[-74.0254290997281,40.8622235636427],[-74.0251313169315,40.8621583255537]]}},{"type":"Feature","id":9557,"properties":{"OBJECTID":9557,"PRIMENAME":"Baldwin Terrace","ELEVTYP_F":0,"ELEVTYP_T":0},"geometry":{"type":"LineString","coordinates":[[-74.0641659330951,40.871563266305],[-74.0642146311152,40.8715041594633],[-74.064499384766,40.8711585766502]]}},{"type":"Feature","id":9725,"properties":{"OBJECTID":9725,"PRIMENAME":"Cedar Avenue","ELEVTYP_F":0,"ELEVTYP_T":0},"geometry":{"type":"LineString","coordinates":[[-74.0548789822175,40.9125285067644],[-74.0549079750871,40.9125227497604],[-74.054936272619,40.912515261848],[-74.0549636955637,40.912506090459],[-74.0549900702116,40.9124952936894],[-74.0550152294939,40.9124829399308],[-74.0550390140409,40.9124691074378],[-74.0550612731912,40.9124538838317],[-74.0550818659463,40.9124373655457],[-74.0551518381576,40.9123368276927],[-74.0552165109187,40.9122342679468],[-74.0552757829323,40.912129846987],[-74.0553295613636,40.9120237284073],[-74.0553356077448,40.9120004087175],[-74.0553368932646,40.9119766622052],[-74.0553333878262,40.9119530449242],[-74.0553251735187,40.9119301099014],[-74.0553124426944,40.9119083941874],[-74.0552954934647,40.9118884062807],[-74.0552747227184,40.9118706142207],[-74.0552506168285,40.9118554346284],[-74.0549513062536,40.9116891174449]]}},{"type":"Feature","id":9778,"properties":{"OBJECTID":9778,"PRIMENAME":"Interstate 80","ELEVTYP_F":0,"ELEVTYP_T":1},"geometry":{"type":"LineString","coordinates":[[-74.0574412921557,40.8705620808291],[-74.057670693225,40.8707630674549],[-74.0577142901122,40.8708031190829]]}},{"type":"Feature","id":9784,"properties":{"OBJECTID":9784,"PRIMENAME":"Ross Avenue","ELEVTYP_F":0,"ELEVTYP_T":0},"geometry":{"type":"LineString","coordinates":[[-74.0470646789664,40.9009131248894],[-74.0474387207694,40.901134544628]]}},{"type":"Feature","id":9924,"properties":{"OBJECTID":9924,"PRIMENAME":"Coolidge Place","ELEVTYP_F":0,"ELEVTYP_T":0},"geometry":{"type":"LineString","coordinates":[[-74.0565803867798,40.890277261435],[-74.0566795413144,40.8903353959717],[-74.0584904815969,40.8913966994498]]}},{"type":"Feature","id":10076,"properties":{"OBJECTID":10076,"PRIMENAME":"Krone Place","ELEVTYP_F":0,"ELEVTYP_T":0},"geometry":{"type":"LineString","coordinates":[[-74.0466958908424,40.9033877660999],[-74.0474410267488,40.9026432209002],[-74.0474924793126,40.9025944257534]]}},{"type":"Feature","id":10160,"properties":{"OBJECTID":10160,"PRIMENAME":"River Road","ELEVTYP_F":0,"ELEVTYP_T":0},"geometry":{"type":"LineString","coordinates":[[-74.0325831738808,40.8800031870213],[-74.0325469513318,40.8801089677634],[-74.0324278234417,40.8804892352328],[-74.032401382937,40.8805976077844]]}},{"type":"Feature","id":10199,"properties":{"OBJECTID":10199,"PRIMENAME":"Union Street","ELEVTYP_F":0,"ELEVTYP_T":0},"geometry":{"type":"LineString","coordinates":[[-74.0485308328028,40.8803646202928],[-74.0485296895478,40.8803678551627],[-74.048197835249,40.8813887702185],[-74.0480797760914,40.8814277805149]]}},{"type":"Feature","id":10208,"properties":{"OBJECTID":10208,"PRIMENAME":"East Pleasantview Avenue","ELEVTYP_F":0,"ELEVTYP_T":0},"geometry":{"type":"LineString","coordinates":[[-74.0631531369415,40.8738413333667],[-74.0635288156745,40.8740520578905]]}},{"type":"Feature","id":10255,"properties":{"OBJECTID":10255,"PRIMENAME":"Salem Street","ELEVTYP_F":0,"ELEVTYP_T":0},"geometry":{"type":"LineString","coordinates":[[-74.0435007544064,40.8862465181816],[-74.0433713770114,40.8862099923454],[-74.0419004337995,40.8857946425309]]}},{"type":"Feature","id":10449,"properties":{"OBJECTID":10449,"PRIMENAME":"Passaic Street","ELEVTYP_F":0,"ELEVTYP_T":0},"geometry":{"type":"LineString","coordinates":[[-74.0424453737109,40.8911313933611],[-74.0430826198716,40.8915120883505],[-74.0436253269803,40.8918363004526]]}},{"type":"Feature","id":10470,"properties":{"OBJECTID":10470,"PRIMENAME":"Grove Avenue","ELEVTYP_F":0,"ELEVTYP_T":0},"geometry":{"type":"LineString","coordinates":[[-74.0568564983975,40.9031312551631],[-74.0577510935542,40.9036672473103],[-74.0578306574083,40.9037149842477]]}},{"type":"Feature","id":10607,"properties":{"OBJECTID":10607,"PRIMENAME":"Clay Street","ELEVTYP_F":0,"ELEVTYP_T":0},"geometry":{"type":"LineString","coordinates":[[-74.0444418418189,40.8876794990155],[-74.045576421902,40.8880426833779],[-74.045711144633,40.8880864188193]]}},{"type":"Feature","id":10675,"properties":{"OBJECTID":10675,"PRIMENAME":"Fair Street","ELEVTYP_F":0,"ELEVTYP_T":0},"geometry":{"type":"LineString","coordinates":[[-74.0468633386138,40.8756401623681],[-74.0472464364404,40.8745645795898],[-74.0473898302639,40.8741596321622]]}},{"type":"Feature","id":10688,"properties":{"OBJECTID":10688,"PRIMENAME":"Tuve Lane","ELEVTYP_F":0,"ELEVTYP_T":0},"geometry":{"type":"LineString","coordinates":[[-74.0428661486653,40.8605624442069],[-74.0428895703217,40.8605002544004],[-74.0431581159348,40.8597864787948],[-74.0431692420651,40.8597564731183],[-74.043178458668,40.8597260966152],[-74.0431857445061,40.8596954192899],[-74.0431910827914,40.8596645118402],[-74.0431944612242,40.8596334454937],[-74.0431958720215,40.8596022918444],[-74.0431953119349,40.8595711226875],[-74.0431927822578,40.8595400098535],[-74.043179309002,40.8594434440349],[-74.0431709348307,40.8593835165516]]}},{"type":"Feature","id":10696,"properties":{"OBJECTID":10696,"PRIMENAME":"Dyer Avenue","ELEVTYP_F":0,"ELEVTYP_T":0},"geometry":{"type":"LineString","coordinates":[[-74.0453181366876,40.8652738470407],[-74.0452819911645,40.8651918192572],[-74.0448747226891,40.8641501536504]]}},{"type":"Feature","id":10791,"properties":{"OBJECTID":10791,"PRIMENAME":"Division Place","ELEVTYP_F":0,"ELEVTYP_T":0},"geometry":{"type":"LineString","coordinates":[[-74.0508017147853,40.8729377675824],[-74.0505223299474,40.8729755261833]]}},{"type":"Feature","id":11040,"properties":{"OBJECTID":11040,"PRIMENAME":"Bogota Gardens","ELEVTYP_F":0,"ELEVTYP_T":0},"geometry":{"type":"LineString","coordinates":[[-74.0330733783223,40.8752090789535],[-74.0330365029042,40.8752019331499],[-74.0330261812309,40.8751993914256],[-74.03301636885,40.8751958745596],[-74.0329825126903,40.8751816732969],[-74.032951390654,40.875157771359],[-74.0329468329392,40.8751547111956],[-74.0329417773427,40.8751521407993],[-74.0329336396726,40.8751485776167],[-74.0329264406335,40.875145784977],[-74.0329189060689,40.8751435599835],[-74.0329111134244,40.8751419255064],[-74.0329031427982,40.8751408983459],[-74.0328978984729,40.8751404286248],[-74.0328909812595,40.8751401602478],[-74.0328840781124,40.8751405892378],[-74.0328773105199,40.8751417080453],[-74.0328707975845,40.8751434969802],[-74.0328692313772,40.8751440183707],[-74.0328650143831,40.8751454232906],[-74.0328611606074,40.8751469052],[-74.0328575462015,40.875148701315],[-74.0328542154467,40.875150789631],[-74.0328512091494,40.875153144563],[-74.0328485641408,40.8751557372602],[-74.0328463128259,40.8751585359583],[-74.0328444827865,40.8751615063696],[-74.0328430964429,40.8751646121024],[-74.0328403324087,40.8751721539799],[-74.0328392549359,40.8751758932814]]}},{"type":"Feature","id":11094,"properties":{"OBJECTID":11094,"PRIMENAME":"Main Street","ELEVTYP_F":0,"ELEVTYP_T":0},"geometry":{"type":"LineString","coordinates":[[-74.0393561742426,40.9115259873846],[-74.0391700302152,40.9115863181167],[-74.0379228580242,40.911990622934],[-74.0378206628583,40.9120240583834]]}},{"type":"Feature","id":11113,"properties":{"OBJECTID":11113,"PRIMENAME":"Oak Avenue","ELEVTYP_F":0,"ELEVTYP_T":0},"geometry":{"type":"LineString","coordinates":[[-74.0623753113124,40.9042912691711],[-74.0623636678798,40.904307942881],[-74.0623522987132,40.9043247251894],[-74.0623420347926,40.9043403149731],[-74.0623320127142,40.9043559950723]]}},{"type":"Feature","id":11130,"properties":{"OBJECTID":11130,"PRIMENAME":"Moore Street","ELEVTYP_F":0,"ELEVTYP_T":0},"geometry":{"type":"LineString","coordinates":[[-74.0432317846868,40.8801889978082],[-74.0429816167027,40.8812212288892]]}},{"type":"Feature","id":11260,"properties":{"OBJECTID":11260,"PRIMENAME":"Third Street","ELEVTYP_F":0,"ELEVTYP_T":0},"geometry":{"type":"LineString","coordinates":[[-74.0526410353237,40.8896274201213],[-74.0525845866632,40.889727445984],[-74.0522333686881,40.8903498148267]]}},{"type":"Feature","id":11372,"properties":{"OBJECTID":11372,"PRIMENAME":"Essex Street","ELEVTYP_F":0,"ELEVTYP_T":0},"geometry":{"type":"LineString","coordinates":[[-74.0613318022737,40.8851526848704],[-74.0598586002715,40.8842733034747],[-74.0597254821363,40.8841945378418]]}},{"type":"Feature","id":11409,"properties":{"OBJECTID":11409,"PRIMENAME":"Phillips Avenue","ELEVTYP_F":1,"ELEVTYP_T":1},"geometry":{"type":"LineString","coordinates":[[-74.0447670226613,40.8668572324525],[-74.0448165884407,40.8669849038152]]}},{"type":"Feature","id":11616,"properties":{"OBJECTID":11616,"PRIMENAME":"Green Street","ELEVTYP_F":0,"ELEVTYP_T":0},"geometry":{"type":"LineString","coordinates":[[-74.0554003430816,40.8738609004835],[-74.0553952881617,40.8738675785353],[-74.0553601157867,40.8739141888226]]}},{"type":"Feature","id":11752,"properties":{"OBJECTID":11752,"PRIMENAME":"Hackensack Avenue","ELEVTYP_F":0,"ELEVTYP_T":0},"geometry":{"type":"LineString","coordinates":[[-74.0333523042414,40.9112661151411],[-74.0333613087625,40.9113440530131],[-74.0333859021889,40.9116801581217]]}},{"type":"Feature","id":12006,"properties":{"OBJECTID":12006,"PRIMENAME":"Lodi Street","ELEVTYP_F":0,"ELEVTYP_T":0},"geometry":{"type":"LineString","coordinates":[[-74.0461541916572,40.8739334250364],[-74.0453248576064,40.873763074416]]}},{"type":"Feature","id":12204,"properties":{"OBJECTID":12204,"PRIMENAME":"Thoma Avenue","ELEVTYP_F":0,"ELEVTYP_T":0},"geometry":{"type":"LineString","coordinates":[[-74.0654856813697,40.9010328593305],[-74.0665542645647,40.9016883891184],[-74.0670318290423,40.9019840555114]]}},{"type":"Feature","id":12299,"properties":{"OBJECTID":12299,"PRIMENAME":"Kipp Street","ELEVTYP_F":0,"ELEVTYP_T":0},"geometry":{"type":"LineString","coordinates":[[-74.0624186136748,40.8734292239704],[-74.0623510074614,40.8734981942758],[-74.061834286298,40.8740252110051]]}},{"type":"Feature","id":12337,"properties":{"OBJECTID":12337,"PRIMENAME":"Jackson Avenue","ELEVTYP_F":0,"ELEVTYP_T":0},"geometry":{"type":"LineString","coordinates":[[-74.0432099565057,40.8718900241653],[-74.0431465894625,40.8720603717235]]}},{"type":"Feature","id":12458,"properties":{"OBJECTID":12458,"PRIMENAME":"Louis Street","ELEVTYP_F":0,"ELEVTYP_T":0},"geometry":{"type":"LineString","coordinates":[[-74.0445143779606,40.9086192337842],[-74.0453988775602,40.9077501951647]]}},{"type":"Feature","id":12469,"properties":{"OBJECTID":12469,"PRIMENAME":"Hamilton Place","ELEVTYP_F":0,"ELEVTYP_T":0},"geometry":{"type":"LineString","coordinates":[[-74.050847533154,40.8973049970386],[-74.0527429853458,40.8984385532436]]}},{"type":"Feature","id":12511,"properties":{"OBJECTID":12511,"PRIMENAME":"Sagamore Avenue","ELEVTYP_F":0,"ELEVTYP_T":0},"geometry":{"type":"LineString","coordinates":[[-74.0263025461213,40.8951528475494],[-74.0262410762047,40.8951341757884],[-74.0246431070083,40.8946486653023],[-74.0245479232156,40.894618315736],[-74.0244499759684,40.894593541292],[-74.0243498314278,40.8945744851726],[-74.0242480684542,40.8945612575263],[-74.0241883438013,40.8945620934123],[-74.0241286260087,40.8945610115126]]}},{"type":"Feature","id":12619,"properties":{"OBJECTID":12619,"PRIMENAME":"Maybrook Drive","ELEVTYP_F":0,"ELEVTYP_T":0},"geometry":{"type":"LineString","coordinates":[[-74.0623349185993,40.8905560584111],[-74.062822588002,40.8904722108828],[-74.0628468983833,40.8904681649226]]}},{"type":"Feature","id":12630,"properties":{"OBJECTID":12630,"PRIMENAME":"Rutgers Place","ELEVTYP_F":0,"ELEVTYP_T":0},"geometry":{"type":"LineString","coordinates":[[-74.0368022403003,40.9135821082386],[-74.0367786225166,40.9135836417488],[-74.036754923356,40.9135840101984],[-74.036731242581,40.9135832120362],[-74.0367076798769,40.9135812506222],[-74.0366843344318,40.913578134213],[-74.0366613045195,40.9135738759273],[-74.0366386870849,40.9135684936905],[-74.0366165773372,40.9135620101594],[-74.0360349549423,40.913438565701]]}},{"type":"Feature","id":12678,"properties":{"OBJECTID":12678,"PRIMENAME":"Hudson Street","ELEVTYP_F":0,"ELEVTYP_T":0},"geometry":{"type":"LineString","coordinates":[[-74.0406768811148,40.8696761056625],[-74.0408080179308,40.8700027818208],[-74.0411904624014,40.8709642103417]]}},{"type":"Feature","id":12731,"properties":{"OBJECTID":12731,"PRIMENAME":"Thompson Street","ELEVTYP_F":0,"ELEVTYP_T":0},"geometry":{"type":"LineString","coordinates":[[-74.0593499073385,40.8848556757953],[-74.0579630374329,40.8840518676627]]}},{"type":"Feature","id":12761,"properties":{"OBJECTID":12761,"PRIMENAME":"Cedar Avenue","ELEVTYP_F":0,"ELEVTYP_T":0},"geometry":{"type":"LineString","coordinates":[[-74.0549513062536,40.9116891174449],[-74.0542273869956,40.9112867701389],[-74.0529816022566,40.9105808400821]]}},{"type":"Feature","id":13121,"properties":{"OBJECTID":13121,"PRIMENAME":"Calicooneck Road","ELEVTYP_F":0,"ELEVTYP_T":0},"geometry":{"type":"LineString","coordinates":[[-74.0407971588025,40.8603938111514],[-74.039921875561,40.8603223861177]]}},{"type":"Feature","id":13127,"properties":{"OBJECTID":13127,"PRIMENAME":"Sievers Lane","ELEVTYP_F":0,"ELEVTYP_T":0},"geometry":{"type":"LineString","coordinates":[[-74.041161189528,40.8593579994409],[-74.0426334220837,40.8594162468224],[-74.0426368209037,40.8594161783465]]}},{"type":"Feature","id":13156,"properties":{"OBJECTID":13156,"PRIMENAME":"Poplar Avenue","ELEVTYP_F":0,"ELEVTYP_T":0},"geometry":{"type":"LineString","coordinates":[[-74.0433202979805,40.9000936828807],[-74.0411225356551,40.8987760405986],[-74.0410178794524,40.8987133410331]]}},{"type":"Feature","id":13223,"properties":{"OBJECTID":13223,"PRIMENAME":"River Road","ELEVTYP_F":0,"ELEVTYP_T":0},"geometry":{"type":"LineString","coordinates":[[-74.0330031885341,40.8709526815549],[-74.0330033690812,40.8709528191725],[-74.0332344196248,40.8713668961174],[-74.033387767016,40.8716774475881],[-74.0335714525745,40.8720913312942],[-74.0336786382422,40.8723278300587],[-74.0337354889276,40.8725229782364],[-74.0338301932198,40.8728892884969],[-74.0339892457717,40.8735215698288],[-74.0340634577582,40.873814562753]]}},{"type":"Feature","id":13269,"properties":{"OBJECTID":13269,"PRIMENAME":"West Fort Lee Road","ELEVTYP_F":0,"ELEVTYP_T":0},"geometry":{"type":"LineString","coordinates":[[-74.0333888222402,40.8770902695959],[-74.0326340116139,40.8769094088912]]}},{"type":"Feature","id":13301,"properties":{"OBJECTID":13301,"PRIMENAME":"Lexington Avenue","ELEVTYP_F":0,"ELEVTYP_T":0},"geometry":{"type":"LineString","coordinates":[[-74.0516169034013,40.876454524522],[-74.050361769059,40.8763487351217]]}},{"type":"Feature","id":13318,"properties":{"OBJECTID":13318,"PRIMENAME":"River Street","ELEVTYP_F":0,"ELEVTYP_T":0},"geometry":{"type":"LineString","coordinates":[[-74.0382689479319,40.8940908039898],[-74.038390302154,40.8946694271031],[-74.0384834326096,40.8951454409773],[-74.0385253397556,40.8953614698332],[-74.0385482615991,40.895529880929],[-74.0385616883974,40.8956799455211],[-74.0385605697787,40.8958409307119],[-74.0385546399369,40.896001897549],[-74.0385449956223,40.8960466837274]]}},{"type":"Feature","id":13350,"properties":{"OBJECTID":13350,"PRIMENAME":"Interstate 80","ELEVTYP_F":0,"ELEVTYP_T":0},"geometry":{"type":"LineString","coordinates":[[-74.0457218409085,40.867266645263],[-74.0458931372708,40.8672752519816],[-74.0465306518055,40.8673065269366],[-74.0472600906534,40.8673523233803],[-74.0480568578389,40.8674195973712],[-74.0487292336659,40.8674771835502],[-74.0491585132961,40.867519158231]]}},{"type":"Feature","id":13430,"properties":{"OBJECTID":13430,"PRIMENAME":"Kenneth Street","ELEVTYP_F":0,"ELEVTYP_T":0},"geometry":{"type":"LineString","coordinates":[[-74.0574142783277,40.8757753639008],[-74.0579278490751,40.8752453913475]]}},{"type":"Feature","id":13508,"properties":{"OBJECTID":13508,"PRIMENAME":"Cypress Avenue","ELEVTYP_F":0,"ELEVTYP_T":0},"geometry":{"type":"LineString","coordinates":[[-74.0246936857812,40.8674434778929],[-74.0261047371658,40.8678392305343],[-74.027065163736,40.8681067692141]]}},{"type":"Feature","id":13515,"properties":{"OBJECTID":13515,"PRIMENAME":"South River Road","ELEVTYP_F":0,"ELEVTYP_T":0},"geometry":{"type":"LineString","coordinates":[[-74.0376620463182,40.8670158216949],[-74.037696031173,40.8670995965799]]}},{"type":"Feature","id":13575,"properties":{"OBJECTID":13575,"PRIMENAME":"Preston Street","ELEVTYP_F":0,"ELEVTYP_T":0},"geometry":{"type":"LineString","coordinates":[[-74.0274028219277,40.8610309446252],[-74.0267033973879,40.8608640118014],[-74.025822954806,40.860640278317]]}},{"type":"Feature","id":13614,"properties":{"OBJECTID":13614,"PRIMENAME":"Leonia Avenue","ELEVTYP_F":0,"ELEVTYP_T":0},"geometry":{"type":"LineString","coordinates":[[-74.0293854249102,40.8737737482225],[-74.0291906273405,40.8741503826917],[-74.028850399949,40.8748357502985]]}},{"type":"Feature","id":13630,"properties":{"OBJECTID":13630,"PRIMENAME":"Reilly Court","ELEVTYP_F":0,"ELEVTYP_T":0},"geometry":{"type":"LineString","coordinates":[[-74.0431064603385,40.8710909187293],[-74.0432069070445,40.8710710033092],[-74.0434190967788,40.8710289402811],[-74.0434388520059,40.8710247485043],[-74.0434590416397,40.8710219967721],[-74.0434794839437,40.8710207098544],[-74.0434999949066,40.8710208993351],[-74.0435203898993,40.8710225635088],[-74.0435404853367,40.8710256873954],[-74.0435601003299,40.8710302428753],[-74.0435790583145,40.8710361889424],[-74.0436725915185,40.8710614201447],[-74.0437878477716,40.8710943461063]]}},{"type":"Feature","id":13675,"properties":{"OBJECTID":13675,"PRIMENAME":"East Fort Lee Road","ELEVTYP_F":0,"ELEVTYP_T":0},"geometry":{"type":"LineString","coordinates":[[-74.0289075829571,40.8760077707995],[-74.0283860853952,40.8758632048142]]}},{"type":"Feature","id":13690,"properties":{"OBJECTID":13690,"PRIMENAME":"Grand Avenue","ELEVTYP_F":0,"ELEVTYP_T":0},"geometry":{"type":"LineString","coordinates":[[-74.0355075480781,40.9113178837229],[-74.0348364585435,40.9114324780708],[-74.0333859021889,40.9116801581217]]}},{"type":"Feature","id":13704,"properties":{"OBJECTID":13704,"PRIMENAME":"Paulison Avenue","ELEVTYP_F":0,"ELEVTYP_T":0},"geometry":{"type":"LineString","coordinates":[[-74.0272108552248,40.861796437671],[-74.0270311281722,40.8625127354599],[-74.0270881730563,40.8625801375235]]}},{"type":"Feature","id":13723,"properties":{"OBJECTID":13723,"PRIMENAME":"Jackson Avenue","ELEVTYP_F":0,"ELEVTYP_T":0},"geometry":{"type":"LineString","coordinates":[[-74.0407971588025,40.8603938111514],[-74.0407619463442,40.8604667415362],[-74.0402213757365,40.8615867640022]]}},{"type":"Feature","id":13726,"properties":{"OBJECTID":13726,"PRIMENAME":"Kipp Street","ELEVTYP_F":0,"ELEVTYP_T":0},"geometry":{"type":"LineString","coordinates":[[-74.0237853312125,40.8855520173303],[-74.0248336232986,40.8858016553583]]}},{"type":"Feature","id":13728,"properties":{"OBJECTID":13728,"PRIMENAME":"Coolidge Avenue","ELEVTYP_F":0,"ELEVTYP_T":0},"geometry":{"type":"LineString","coordinates":[[-74.0615247399158,40.912514113891],[-74.0606589308175,40.912298279349]]}},{"type":"Feature","id":13786,"properties":{"OBJECTID":13786,"PRIMENAME":"North Wyoming Avenue","ELEVTYP_F":0,"ELEVTYP_T":0},"geometry":{"type":"LineString","coordinates":[[-74.0633974584864,40.9125382379248],[-74.063229573514,40.9129387448004]]}},{"type":"Feature","id":13890,"properties":{"OBJECTID":13890,"PRIMENAME":"Main Street","ELEVTYP_F":0,"ELEVTYP_T":0},"geometry":{"type":"LineString","coordinates":[[-74.0334512370168,40.9127317823397],[-74.0334530089391,40.9127318444425],[-74.0339431705508,40.9127337993823],[-74.0339546046534,40.912733653771]]}},{"type":"Feature","id":14071,"properties":{"OBJECTID":14071,"PRIMENAME":"Terrace Avenue","ELEVTYP_F":0,"ELEVTYP_T":0},"geometry":{"type":"LineString","coordinates":[[-74.0662793706974,40.867554171244],[-74.0659379432616,40.8679001227111],[-74.0657907708161,40.8680670313799],[-74.0656454368978,40.8682348660517]]}},{"type":"Feature","id":14191,"properties":{"OBJECTID":14191,"PRIMENAME":"Longview Avenue","ELEVTYP_F":0,"ELEVTYP_T":0},"geometry":{"type":"LineString","coordinates":[[-74.0581352355618,40.8805219608702],[-74.0585411091745,40.8799743077256],[-74.058603817407,40.8798876428359]]}},{"type":"Feature","id":14286,"properties":{"OBJECTID":14286,"PRIMENAME":"West Anderson Street","ELEVTYP_F":0,"ELEVTYP_T":0},"geometry":{"type":"LineString","coordinates":[[-74.0555284042667,40.9012681441174],[-74.0554753254148,40.9012366376908],[-74.05473757514,40.9007987033818],[-74.0534332978217,40.9000180808675],[-74.0525273983852,40.8994717041642]]}},{"type":"Feature","id":14321,"properties":{"OBJECTID":14321,"PRIMENAME":"Marvin Avenue","ELEVTYP_F":0,"ELEVTYP_T":0},"geometry":{"type":"LineString","coordinates":[[-74.0642610603707,40.8823195662255],[-74.0653074171108,40.8829415376818]]}},{"type":"Feature","id":14389,"properties":{"OBJECTID":14389,"PRIMENAME":"Court Street","ELEVTYP_F":0,"ELEVTYP_T":0},"geometry":{"type":"LineString","coordinates":[[-74.0444568108275,40.8787661451567],[-74.0444046961062,40.8788453775782],[-74.0443940584953,40.8788606528855],[-74.0443823840813,40.8788754855582],[-74.0443697047436,40.8788898350916],[-74.044356055106,40.8789036623005],[-74.0443414724419,40.8789169294259],[-74.0443259965726,40.8789296002384],[-74.0443096697588,40.8789416401368],[-74.0442925365849,40.8789530162429],[-74.0442762019001,40.8789628122942],[-74.0442592692414,40.8789720048169],[-74.0442417772815,40.8789805728162],[-74.0442237659705,40.8789884967232],[-74.0442052764446,40.8789957584406],[-74.0441863509324,40.8790023413829],[-74.0441670326584,40.8790082305153],[-74.044147365744,40.8790134123874],[-74.0441273951068,40.8790178751642],[-74.0441071663584,40.8790216086531],[-74.0440867256997,40.8790246043269],[-74.0440661198157,40.8790268553439],[-74.0440453957688,40.8790283565629],[-74.0440246008913,40.8790291045551],[-74.0440037826771,40.8790290976123],[-74.0439829886737,40.8790283357503]]}},{"type":"Feature","id":14413,"properties":{"OBJECTID":14413,"PRIMENAME":"South River Street","ELEVTYP_F":0,"ELEVTYP_T":0},"geometry":{"type":"LineString","coordinates":[[-74.0404559148395,40.8744187870181],[-74.0406527882312,40.8749934832771],[-74.0407234576228,40.8752279351901],[-74.0407369444077,40.875270096803]]}},{"type":"Feature","id":14417,"properties":{"OBJECTID":14417,"PRIMENAME":"Grand Avenue","ELEVTYP_F":0,"ELEVTYP_T":0},"geometry":{"type":"LineString","coordinates":[[-74.0438792984844,40.897723233598],[-74.0439999503959,40.8972058250553],[-74.0440088752084,40.8971842623482],[-74.0440200240332,40.8971633041627],[-74.0440333267346,40.89714308234],[-74.044048699628,40.8971237240888],[-74.0444210775294,40.8967553440677]]}},{"type":"Feature","id":14435,"properties":{"OBJECTID":14435,"PRIMENAME":"Hudson Street","ELEVTYP_F":0,"ELEVTYP_T":0},"geometry":{"type":"LineString","coordinates":[[-74.0441752233786,40.877665574218],[-74.044404251664,40.8777926370823],[-74.0444270529662,40.8778051892155],[-74.0444495201001,40.8778199817284],[-74.044471385434,40.8778352849572],[-74.0444926288245,40.877851084804],[-74.0445132307014,40.8778673667138],[-74.0445331720852,40.8778841156871],[-74.0445524346049,40.8779013162945],[-74.0445710005148,40.8779189526903],[-74.044588852711,40.8779370086274]]}},{"type":"Feature","id":14477,"properties":{"OBJECTID":14477,"PRIMENAME":"Frederick Street","ELEVTYP_F":0,"ELEVTYP_T":0},"geometry":{"type":"LineString","coordinates":[[-74.046262124891,40.8708205090787],[-74.0461656061885,40.8708003105189],[-74.0454418056114,40.8706489042036]]}},{"type":"Feature","id":14485,"properties":{"OBJECTID":14485,"PRIMENAME":"Grant Avenue","ELEVTYP_F":0,"ELEVTYP_T":0},"geometry":{"type":"LineString","coordinates":[[-74.0635820980754,40.9077622456371],[-74.063407313406,40.9081742839522],[-74.0628421894376,40.9094622033307]]}},{"type":"Feature","id":14578,"properties":{"OBJECTID":14578,"PRIMENAME":"Spring Valley Road","ELEVTYP_F":0,"ELEVTYP_T":0},"geometry":{"type":"LineString","coordinates":[[-74.0649747639295,40.9117143804544],[-74.0647466611083,40.9124493236582],[-74.0645046904291,40.91325637881]]}},{"type":"Feature","id":14591,"properties":{"OBJECTID":14591,"PRIMENAME":"Pink Street","ELEVTYP_F":0,"ELEVTYP_T":0},"geometry":{"type":"LineString","coordinates":[[-74.0465649015807,40.872696000708],[-74.0461575863424,40.8726035907421]]}},{"type":"Feature","id":14863,"properties":{"OBJECTID":14863,"PRIMENAME":"Lincoln Avenue","ELEVTYP_F":0,"ELEVTYP_T":0},"geometry":{"type":"LineString","coordinates":[[-74.0264107288642,40.8582894505482],[-74.0263102756593,40.8586829381504],[-74.0262122786902,40.8590764627423]]}},{"type":"Feature","id":14870,"properties":{"OBJECTID":14870,"PRIMENAME":"Madison Avenue","ELEVTYP_F":0,"ELEVTYP_T":0},"geometry":{"type":"LineString","coordinates":[[-74.0681857906095,40.8617831557806],[-74.0686213609662,40.8620220870516]]}},{"type":"Feature","id":14889,"properties":{"OBJECTID":14889,"PRIMENAME":"Union Street","ELEVTYP_F":0,"ELEVTYP_T":0},"geometry":{"type":"LineString","coordinates":[[-74.0490112718568,40.8789611192901],[-74.049000617088,40.8790052220164],[-74.0489888294125,40.8790491583716],[-74.0489759133255,40.8790929115921],[-74.0489618737529,40.879136464984],[-74.0488389575228,40.8794867593564]]}},{"type":"Feature","id":14952,"properties":{"OBJECTID":14952,"PRIMENAME":"River Road","ELEVTYP_F":0,"ELEVTYP_T":0},"geometry":{"type":"LineString","coordinates":[[-74.0312684209434,40.8907210768629],[-74.0313019816185,40.890988597764],[-74.0313557525554,40.8914214448083],[-74.0313587428322,40.8914650461764],[-74.0313612664162,40.8915207703559],[-74.0313621703442,40.8915765232124]]}},{"type":"Feature","id":14953,"properties":{"OBJECTID":14953,"PRIMENAME":"Hudson Street","ELEVTYP_F":0,"ELEVTYP_T":0},"geometry":{"type":"LineString","coordinates":[[-74.0396330647688,40.8670643028012],[-74.0396800081357,40.8671829619846]]}},{"type":"Feature","id":15080,"properties":{"OBJECTID":15080,"PRIMENAME":"Porter Avenue","ELEVTYP_F":0,"ELEVTYP_T":0},"geometry":{"type":"LineString","coordinates":[[-74.0646490238634,40.8866892333944],[-74.0649344768084,40.8864072890603]]}},{"type":"Feature","id":15226,"properties":{"OBJECTID":15226,"PRIMENAME":"Beech Street","ELEVTYP_F":0,"ELEVTYP_T":0},"geometry":{"type":"LineString","coordinates":[[-74.0610271295005,40.890296246697],[-74.0609191792913,40.8901885016818],[-74.0605388251924,40.8898088643501]]}},{"type":"Feature","id":15230,"properties":{"OBJECTID":15230,"PRIMENAME":"Standish Road","ELEVTYP_F":0,"ELEVTYP_T":0},"geometry":{"type":"LineString","coordinates":[[-74.0234806573595,40.8958306661769],[-74.0235614315912,40.8958371125237],[-74.0236415940122,40.8958470246761],[-74.0237208865719,40.8958603707261],[-74.0237990540192,40.8958771077116],[-74.0240183157195,40.8959409474196],[-74.0242361512584,40.8960075394356],[-74.0248576955612,40.8961938581836],[-74.0254801341335,40.8963784534279]]}},{"type":"Feature","id":15513,"properties":{"OBJECTID":15513,"PRIMENAME":"Sutton Avenue","ELEVTYP_F":0,"ELEVTYP_T":0},"geometry":{"type":"LineString","coordinates":[[-74.0606290831686,40.8810955994222],[-74.058603817407,40.8798876428359]]}},{"type":"Feature","id":15553,"properties":{"OBJECTID":15553,"PRIMENAME":"River Road","ELEVTYP_F":0,"ELEVTYP_T":0},"geometry":{"type":"LineString","coordinates":[[-74.031430714325,40.885610038965],[-74.0312710941772,40.8864466775178]]}},{"type":"Feature","id":15696,"properties":{"OBJECTID":15696,"PRIMENAME":"Park Street","ELEVTYP_F":0,"ELEVTYP_T":0},"geometry":{"type":"LineString","coordinates":[[-74.0408666887389,40.862478523242],[-74.0416517884825,40.8624491132899]]}},{"type":"Feature","id":15740,"properties":{"OBJECTID":15740,"PRIMENAME":"Hackensack Avenue","ELEVTYP_F":0,"ELEVTYP_T":0},"geometry":{"type":"LineString","coordinates":[[-74.0251313169315,40.8621583255537],[-74.0251110289445,40.862153877865],[-74.0249643821629,40.862113279686],[-74.0248780575163,40.8620757026569],[-74.0248106354043,40.8620239852204],[-74.024732306437,40.8619149897231],[-74.0247306614392,40.861912463148],[-74.0241701867345,40.8610522694964]]}},{"type":"Feature","id":15815,"properties":{"OBJECTID":15815,"PRIMENAME":"Lehigh Street","ELEVTYP_F":0,"ELEVTYP_T":0},"geometry":{"type":"LineString","coordinates":[[-74.0530738721443,40.8815228625775],[-74.0531063150784,40.881458098729],[-74.0535687220596,40.8805345427039]]}},{"type":"Feature","id":15836,"properties":{"OBJECTID":15836,"PRIMENAME":"East Fairmount Avenue","ELEVTYP_F":0,"ELEVTYP_T":0},"geometry":{"type":"LineString","coordinates":[[-74.0563708989935,40.9094424316348],[-74.0570040614653,40.9098184771667]]}},{"type":"Feature","id":15934,"properties":{"OBJECTID":15934,"PRIMENAME":"De Wolf Place","ELEVTYP_F":0,"ELEVTYP_T":0},"geometry":{"type":"LineString","coordinates":[[-74.0503000694716,40.8958296322359],[-74.0503538202687,40.8957447761323],[-74.0512345755572,40.8943542759083],[-74.0512437278617,40.8943400021009],[-74.05124934595,40.8943247115654],[-74.0512512464128,40.8943089034863],[-74.0512493672091,40.8942930939439],[-74.0512437696912,40.8942777990656],[-74.0512346366013,40.8942635181768],[-74.0512222661053,40.8942507174992],[-74.0512070620587,40.8942398149303]]}},{"type":"Feature","id":15987,"properties":{"OBJECTID":15987,"PRIMENAME":"Main Street","ELEVTYP_F":0,"ELEVTYP_T":0},"geometry":{"type":"LineString","coordinates":[[-74.0408983096361,40.8999546709626],[-74.0412165877111,40.9006521113895],[-74.0413601279601,40.9009666427468],[-74.0413745482752,40.9009971790207],[-74.0413852410511,40.9010285853236],[-74.0413912098821,40.901055123788],[-74.041394515258,40.90108192884],[-74.0413951382267,40.9011088468124],[-74.0413930752136,40.9011357233905]]}},{"type":"Feature","id":15988,"properties":{"OBJECTID":15988,"PRIMENAME":"River Road","ELEVTYP_F":0,"ELEVTYP_T":0},"geometry":{"type":"LineString","coordinates":[[-74.0302376216982,40.8944725144391],[-74.0300418362139,40.8947006280701],[-74.029981658841,40.8947700497213]]}},{"type":"Feature","id":16005,"properties":{"OBJECTID":16005,"PRIMENAME":"Rosalie Street","ELEVTYP_F":0,"ELEVTYP_T":0},"geometry":{"type":"LineString","coordinates":[[-74.0645751357818,40.8938844245387],[-74.0639582937554,40.8944880925643]]}},{"type":"Feature","id":16065,"properties":{"OBJECTID":16065,"PRIMENAME":"Simons Avenue","ELEVTYP_F":0,"ELEVTYP_T":0},"geometry":{"type":"LineString","coordinates":[[-74.0649996537418,40.8846345254673],[-74.0640569120331,40.8840483804071],[-74.0631656845515,40.8835124627948],[-74.0630786102091,40.8834603088754]]}},{"type":"Feature","id":16216,"properties":{"OBJECTID":16216,"PRIMENAME":"Pangborn Place","ELEVTYP_F":0,"ELEVTYP_T":0},"geometry":{"type":"LineString","coordinates":[[-74.0407836645916,40.8945879865335],[-74.0407203923334,40.8942435481037],[-74.0407187391962,40.894219012498],[-74.0407199185946,40.894194461151],[-74.0407239214974,40.8941700819994],[-74.0407307172601,40.8941460616614],[-74.0407402538593,40.8941225840085],[-74.0407524582911,40.8940998287579],[-74.0407672371304,40.8940779700965],[-74.0407844772456,40.8940571753481]]}},{"type":"Feature","id":16406,"properties":{"OBJECTID":16406,"PRIMENAME":"River Walk Lane","ELEVTYP_F":0,"ELEVTYP_T":0},"geometry":{"type":"LineString","coordinates":[[-74.0307456072419,40.8957883315015],[-74.0306228573164,40.8958839574872],[-74.0303279619454,40.89710053784],[-74.0302764076609,40.8971588484301],[-74.030165158885,40.8976965849305],[-74.0300016759115,40.897899651034],[-74.0297829168451,40.8981308584517],[-74.0297437452941,40.8982184399217],[-74.0298143511302,40.8984940000026]]}},{"type":"Feature","id":16469,"properties":{"OBJECTID":16469,"PRIMENAME":"Palisade Avenue","ELEVTYP_F":0,"ELEVTYP_T":0},"geometry":{"type":"LineString","coordinates":[[-74.027722384008,40.8711406466136],[-74.0274115435189,40.8717718353213]]}},{"type":"Feature","id":16666,"properties":{"OBJECTID":16666,"PRIMENAME":"South Street","ELEVTYP_F":0,"ELEVTYP_T":0},"geometry":{"type":"LineString","coordinates":[[-74.053610281264,40.8739981228885],[-74.0540038807017,40.8734510076477]]}},{"type":"Feature","id":16845,"properties":{"OBJECTID":16845,"PRIMENAME":"High Street","ELEVTYP_F":0,"ELEVTYP_T":0},"geometry":{"type":"LineString","coordinates":[[-74.0511593763823,40.8897451034255],[-74.0507304787257,40.8895022634563],[-74.0498438983639,40.8890168509123]]}},{"type":"Feature","id":16934,"properties":{"OBJECTID":16934,"PRIMENAME":"Campbell Avenue","ELEVTYP_F":0,"ELEVTYP_T":0},"geometry":{"type":"LineString","coordinates":[[-74.048002289875,40.8757258535575],[-74.0478978321301,40.8757180333856],[-74.0468633386138,40.8756401623681]]}},{"type":"Feature","id":17236,"properties":{"OBJECTID":17236,"PRIMENAME":"Trinity Place","ELEVTYP_F":0,"ELEVTYP_T":0},"geometry":{"type":"LineString","coordinates":[[-74.0462606594078,40.8844187683332],[-74.0446861802511,40.8839679937908]]}},{"type":"Feature","id":17287,"properties":{"OBJECTID":17287,"PRIMENAME":"Stelling Avenue","ELEVTYP_F":0,"ELEVTYP_T":0},"geometry":{"type":"LineString","coordinates":[[-74.0529607156498,40.9083903910489],[-74.0538025979466,40.9089196070084]]}},{"type":"Feature","id":17342,"properties":{"OBJECTID":17342,"PRIMENAME":"Voorhis Lane","ELEVTYP_F":0,"ELEVTYP_T":0},"geometry":{"type":"LineString","coordinates":[[-74.0398676368513,40.9042104167338],[-74.0409568853631,40.9048826251907]]}},{"type":"Feature","id":17362,"properties":{"OBJECTID":17362,"PRIMENAME":"Stanley Place","ELEVTYP_F":0,"ELEVTYP_T":0},"geometry":{"type":"LineString","coordinates":[[-74.0453682430217,40.891803217724],[-74.0455341510617,40.8918921772465],[-74.04569807452,40.8919832310084],[-74.0458599674927,40.8920763535164],[-74.0460197846438,40.8921715186977],[-74.0475196759936,40.893071602515]]}},{"type":"Feature","id":17400,"properties":{"OBJECTID":17400,"PRIMENAME":"Willow Avenue","ELEVTYP_F":0,"ELEVTYP_T":0},"geometry":{"type":"LineString","coordinates":[[-74.0445143779606,40.9086192337842],[-74.0454273705007,40.9091580692272],[-74.0455026124,40.9092025042237]]}},{"type":"Feature","id":17744,"properties":{"OBJECTID":17744,"PRIMENAME":"Anderson Street","ELEVTYP_F":0,"ELEVTYP_T":0},"geometry":{"type":"LineString","coordinates":[[-74.0503858373042,40.8979671690401],[-74.0503845498362,40.8979503593431],[-74.0503838128616,40.8979335305712],[-74.0503836268344,40.8979166931025],[-74.0503839918689,40.8978998573204],[-74.0503849077397,40.8978830336073],[-74.0503863738814,40.8978662323381],[-74.0503883893895,40.8978494638739],[-74.0503909530207,40.8978327385556],[-74.0503940631936,40.8978160666975],[-74.0503977179898,40.8977994585807],[-74.0504019151551,40.8977829244473],[-74.0504066521006,40.8977664744934],[-74.050411925905,40.8977501188636],[-74.0504177333154,40.8977338676441],[-74.0504240707501,40.8977177308567],[-74.0504309343006,40.8977017184525]]}},{"type":"Feature","id":17804,"properties":{"OBJECTID":17804,"PRIMENAME":"Green Street","ELEVTYP_F":0,"ELEVTYP_T":0},"geometry":{"type":"LineString","coordinates":[[-74.0578909741425,40.8705740988022],[-74.0578296597188,40.8706536047613]]}},{"type":"Feature","id":17881,"properties":{"OBJECTID":17881,"PRIMENAME":"South River Street","ELEVTYP_F":0,"ELEVTYP_T":0},"geometry":{"type":"LineString","coordinates":[[-74.0401384285174,40.8735065300479],[-74.0404118196006,40.8742900109356],[-74.0404559148395,40.8744187870181]]}},{"type":"Feature","id":17888,"properties":{"OBJECTID":17888,"PRIMENAME":"Clarendon Place","ELEVTYP_F":0,"ELEVTYP_T":0},"geometry":{"type":"LineString","coordinates":[[-74.0453725100368,40.8986144242013],[-74.0454503919494,40.8985304886737],[-74.0461284086209,40.8978826659434],[-74.0461970518041,40.8978163986626]]}},{"type":"Feature","id":18146,"properties":{"OBJECTID":18146,"PRIMENAME":"West End Avenue","ELEVTYP_F":0,"ELEVTYP_T":0},"geometry":{"type":"LineString","coordinates":[[-74.0280220632066,40.8745958320283],[-74.0276427401696,40.8744859642035],[-74.0271574672938,40.8743450270903]]}},{"type":"Feature","id":18208,"properties":{"OBJECTID":18208,"PRIMENAME":"Mendez Avenue","ELEVTYP_F":0,"ELEVTYP_T":0},"geometry":{"type":"LineString","coordinates":[[-74.0619852721174,40.9092474822543],[-74.0611224742728,40.9090312510025]]}},{"type":"Feature","id":18241,"properties":{"OBJECTID":18241,"PRIMENAME":"Milano Court","ELEVTYP_F":0,"ELEVTYP_T":0},"geometry":{"type":"LineString","coordinates":[[-74.0458164432093,40.8610620676128],[-74.0461085897422,40.8606523534081]]}},{"type":"Feature","id":18694,"properties":{"OBJECTID":18694,"PRIMENAME":"Spring Valley Avenue","ELEVTYP_F":0,"ELEVTYP_T":0},"geometry":{"type":"LineString","coordinates":[[-74.0500505481304,40.9078930570078],[-74.0490757716702,40.9073120465639],[-74.0490359890807,40.9072884223003]]}},{"type":"Feature","id":18787,"properties":{"OBJECTID":18787,"PRIMENAME":"Main Street","ELEVTYP_F":0,"ELEVTYP_T":0},"geometry":{"type":"LineString","coordinates":[[-74.0421526429137,40.9055532433475],[-74.0421073812337,40.9058104548716]]}},{"type":"Feature","id":18922,"properties":{"OBJECTID":18922,"PRIMENAME":"East Camden Street","ELEVTYP_F":0,"ELEVTYP_T":0},"geometry":{"type":"LineString","coordinates":[[-74.0396827721438,40.8865493438423],[-74.0390239214211,40.8861845339596]]}},{"type":"Feature","id":18927,"properties":{"OBJECTID":18927,"PRIMENAME":"Anderson Street","ELEVTYP_F":0,"ELEVTYP_T":0},"geometry":{"type":"LineString","coordinates":[[-74.0475805396788,40.8965093188033],[-74.0466403197755,40.8959492011917],[-74.0454723937546,40.8952369340328],[-74.0454477871937,40.8952222893097]]}},{"type":"Feature","id":18944,"properties":{"OBJECTID":18944,"PRIMENAME":"MacArthur Avenue","ELEVTYP_F":0,"ELEVTYP_T":0},"geometry":{"type":"LineString","coordinates":[[-74.0684919550772,40.8756409400991],[-74.0686136806371,40.8757084896535],[-74.0691956690588,40.8760297645432]]}},{"type":"Feature","id":18977,"properties":{"OBJECTID":18977,"PRIMENAME":"Clay Street","ELEVTYP_F":0,"ELEVTYP_T":0},"geometry":{"type":"LineString","coordinates":[[-74.0494794826817,40.8896514571477],[-74.0482569389131,40.8889457286953],[-74.0482139122234,40.8889199212547],[-74.0481694077717,40.888895599902],[-74.0481235146118,40.8888728133038],[-74.0480763245761,40.8888516070554],[-74.0480279320917,40.8888320235898],[-74.0479784339915,40.8888141020931],[-74.0479279293205,40.8887978784254],[-74.0478765191374,40.8887833850499],[-74.0474871602186,40.8886592692752]]}},{"type":"Feature","id":18978,"properties":{"OBJECTID":18978,"PRIMENAME":"Longview Avenue","ELEVTYP_F":0,"ELEVTYP_T":0},"geometry":{"type":"LineString","coordinates":[[-74.064396413475,40.8734946249076],[-74.0662390950457,40.8745793188411]]}},{"type":"Feature","id":19289,"properties":{"OBJECTID":19289,"PRIMENAME":"Prospect Avenue North","ELEVTYP_F":0,"ELEVTYP_T":0},"geometry":{"type":"LineString","coordinates":[[-74.0449106086444,40.903588059517],[-74.0441205647647,40.9043599967812]]}},{"type":"Feature","id":19488,"properties":{"OBJECTID":19488,"PRIMENAME":"Main Street","ELEVTYP_F":0,"ELEVTYP_T":0},"geometry":{"type":"LineString","coordinates":[[-74.0420853855722,40.9059518408025],[-74.042010035353,40.9064483739411],[-74.0419287340965,40.9069733744997]]}},{"type":"Feature","id":19521,"properties":{"OBJECTID":19521,"PRIMENAME":"Grand Avenue","ELEVTYP_F":0,"ELEVTYP_T":0},"geometry":{"type":"LineString","coordinates":[[-74.0433202979805,40.9000936828807],[-74.043576525824,40.8990108622192],[-74.0436106926787,40.8988662576408]]}},{"type":"Feature","id":19573,"properties":{"OBJECTID":19573,"PRIMENAME":"Sutton Avenue","ELEVTYP_F":0,"ELEVTYP_T":0},"geometry":{"type":"LineString","coordinates":[[-74.0636565350326,40.8828975611769],[-74.0619945299816,40.8819079147577]]}},{"type":"Feature","id":19686,"properties":{"OBJECTID":19686,"PRIMENAME":"Ramapo Avenue","ELEVTYP_F":0,"ELEVTYP_T":0},"geometry":{"type":"LineString","coordinates":[[-74.0670882244971,40.8992717003894],[-74.0671537730355,40.8992054360259],[-74.0680035655221,40.8983460556673]]}},{"type":"Feature","id":19716,"properties":{"OBJECTID":19716,"PRIMENAME":"Central Avenue","ELEVTYP_F":0,"ELEVTYP_T":0},"geometry":{"type":"LineString","coordinates":[[-74.0273023349871,40.8648060958923],[-74.0262778495114,40.8645231439384]]}},{"type":"Feature","id":19781,"properties":{"OBJECTID":19781,"PRIMENAME":"East Camden Street","ELEVTYP_F":0,"ELEVTYP_T":0},"geometry":{"type":"LineString","coordinates":[[-74.0411424347933,40.8873099076889],[-74.0411067455063,40.8872912391503],[-74.0410717440381,40.8872718350839],[-74.0410374567009,40.8872517100769],[-74.0410039092694,40.8872308792583],[-74.0404011276609,40.8869199751007]]}},{"type":"Feature","id":19828,"properties":{"OBJECTID":19828,"PRIMENAME":"Elm Avenue","ELEVTYP_F":0,"ELEVTYP_T":0},"geometry":{"type":"LineString","coordinates":[[-74.0458992910668,40.9041747589885],[-74.046443815246,40.9044978387224],[-74.046879211765,40.9047597692904]]}},{"type":"Feature","id":19857,"properties":{"OBJECTID":19857,"PRIMENAME":"Edel Avenue","ELEVTYP_F":0,"ELEVTYP_T":0},"geometry":{"type":"LineString","coordinates":[[-74.0619852721174,40.9092474822543],[-74.0616568358297,40.9100118768967]]}},{"type":"Feature","id":19927,"properties":{"OBJECTID":19927,"PRIMENAME":"State Highway 17","ELEVTYP_F":0,"ELEVTYP_T":0},"geometry":{"type":"LineString","coordinates":[[-74.0642631838569,40.8674185212962],[-74.0642896023921,40.8672924394146],[-74.0643028245641,40.8672293242221],[-74.0643469585105,40.8669614197962],[-74.0643813986535,40.866743518954],[-74.0643817213677,40.8667395297431],[-74.064401863744,40.8664898261616],[-74.0644183065011,40.8661324957657],[-74.0644443498286,40.8657501414064],[-74.0644619092232,40.8654211156215]]}},{"type":"Feature","id":19978,"properties":{"OBJECTID":19978,"PRIMENAME":"Jackson Avenue","ELEVTYP_F":0,"ELEVTYP_T":0},"geometry":{"type":"LineString","coordinates":[[-74.0428977640156,40.8705619922981],[-74.0431064603385,40.8710909187293]]}},{"type":"Feature","id":19999,"properties":{"OBJECTID":19999,"PRIMENAME":"East Magnolia Avenue","ELEVTYP_F":0,"ELEVTYP_T":0},"geometry":{"type":"LineString","coordinates":[[-74.0619860219089,40.8962639467737],[-74.0619730123719,40.8962179501635],[-74.0619572393565,40.896172454122],[-74.0619387359929,40.8961275541946],[-74.0619175411451,40.8960833446747],[-74.0618971710256,40.8960568677233],[-74.0618738463701,40.8960318338398],[-74.061847743583,40.896008432352],[-74.0618190600784,40.8959868402419],[-74.0617880127876,40.895967220807],[-74.061754836518,40.8959497224258],[-74.0617197821776,40.8959344774357],[-74.0616831148774,40.8959216011318],[-74.0616194457855,40.8959084885513],[-74.0615564931411,40.8958935161241],[-74.0614943512607,40.8958767062822],[-74.0614331132458,40.8958580842104],[-74.0613728708434,40.8958376778088],[-74.0613137143088,40.8958155176505],[-74.0612557322699,40.8957916369361],[-74.061199011595,40.8957660714442],[-74.0611351292866,40.8957393448522],[-74.0610731112496,40.8957101994317],[-74.0610131164065,40.8956787098695],[-74.0609552984946,40.8956449568595],[-74.0608998056719,40.8956090268955],[-74.0608467801376,40.89557101205],[-74.0607963577678,40.8955310097376],[-74.060748667767,40.895489122466],[-74.0606320313062,40.8953844531696],[-74.0605192438071,40.8952773826445],[-74.0604667671264,40.8952358847471],[-74.0604120930214,40.8951960538969]]}},{"type":"Feature","id":20101,"properties":{"OBJECTID":20101,"PRIMENAME":"Esplanade","ELEVTYP_F":0,"ELEVTYP_T":0},"geometry":{"type":"LineString","coordinates":[[-74.0576499751751,40.8990517005353],[-74.0572923384808,40.899855252064],[-74.0572424261592,40.8999674375377]]}},{"type":"Feature","id":20151,"properties":{"OBJECTID":20151,"PRIMENAME":"Johnson Avenue","ELEVTYP_F":0,"ELEVTYP_T":0},"geometry":{"type":"LineString","coordinates":[[-74.0374992118299,40.9109651236218],[-74.0375292066467,40.9110638141916],[-74.0378206628583,40.9120240583834]]}},{"type":"Feature","id":20187,"properties":{"OBJECTID":20187,"PRIMENAME":"Cedar Lane","ELEVTYP_F":0,"ELEVTYP_T":0},"geometry":{"type":"LineString","coordinates":[[-74.0272588505917,40.8908919711361],[-74.0265570251107,40.8906523144679],[-74.0257569643997,40.8903824949175]]}},{"type":"Feature","id":20473,"properties":{"OBJECTID":20473,"PRIMENAME":"Lodi Street","ELEVTYP_F":0,"ELEVTYP_T":0},"geometry":{"type":"LineString","coordinates":[[-74.0465073269711,40.8740059346516],[-74.0461541916572,40.8739334250364]]}},{"type":"Feature","id":20602,"properties":{"OBJECTID":20602,"PRIMENAME":"Coles Street","ELEVTYP_F":0,"ELEVTYP_T":0},"geometry":{"type":"LineString","coordinates":[[-74.0544464787772,40.9082942221621],[-74.0538857653269,40.9088407376495],[-74.0538025979466,40.9089196070084]]}},{"type":"Feature","id":20604,"properties":{"OBJECTID":20604,"PRIMENAME":"Leonia Avenue","ELEVTYP_F":0,"ELEVTYP_T":0},"geometry":{"type":"LineString","coordinates":[[-74.0281699763225,40.8765455086632],[-74.027912959,40.8772025835702]]}},{"type":"Feature","id":20622,"properties":{"OBJECTID":20622,"PRIMENAME":"Berry Street","ELEVTYP_F":0,"ELEVTYP_T":0},"geometry":{"type":"LineString","coordinates":[[-74.0405550626129,40.8883949205023],[-74.0406314449935,40.8884588245986],[-74.0420679434106,40.8888882727733]]}},{"type":"Feature","id":20696,"properties":{"OBJECTID":20696,"PRIMENAME":"Bogert Street","ELEVTYP_F":0,"ELEVTYP_T":0},"geometry":{"type":"LineString","coordinates":[[-74.0256530960007,40.8727515061724],[-74.0255178496168,40.873861167971]]}},{"type":"Feature","id":20703,"properties":{"OBJECTID":20703,"PRIMENAME":"Davis Avenue","ELEVTYP_F":0,"ELEVTYP_T":0},"geometry":{"type":"LineString","coordinates":[[-74.0415417286943,40.9082549793496],[-74.0426462402995,40.9089032141267]]}},{"type":"Feature","id":20770,"properties":{"OBJECTID":20770,"PRIMENAME":"Interstate 80","ELEVTYP_F":0,"ELEVTYP_T":0},"geometry":{"type":"LineString","coordinates":[[-74.0628625293478,40.8767949424871],[-74.0628663610611,40.8768008035048],[-74.06302634821,40.8770537915649],[-74.0630895214145,40.8771536878728],[-74.0632146379343,40.8773589070558],[-74.0633409368187,40.87758238421],[-74.0635081101507,40.8778665143423],[-74.0635223715492,40.8778907512945],[-74.0636735070768,40.8781653500977],[-74.063858348927,40.8784950576923]]}},{"type":"Feature","id":20803,"properties":{"OBJECTID":20803,"PRIMENAME":"Prospect Avenue","ELEVTYP_F":0,"ELEVTYP_T":0},"geometry":{"type":"LineString","coordinates":[[-74.0665824649421,40.9029934071497],[-74.0671987241554,40.9033591220873]]}},{"type":"Feature","id":21002,"properties":{"OBJECTID":21002,"PRIMENAME":"West Hunter Avenue","ELEVTYP_F":0,"ELEVTYP_T":0},"geometry":{"type":"LineString","coordinates":[[-74.065745223672,40.8954058774352],[-74.0658513372325,40.8954588429946],[-74.0675180203044,40.8962906982586],[-74.0687763364208,40.8969101923545]]}},{"type":"Feature","id":21085,"properties":{"OBJECTID":21085,"PRIMENAME":"Grand Avenue","ELEVTYP_F":0,"ELEVTYP_T":0},"geometry":{"type":"LineString","coordinates":[[-74.0430594649184,40.9012187291237],[-74.043295148032,40.9001999499602],[-74.0433202979805,40.9000936828807]]}},{"type":"Feature","id":21113,"properties":{"OBJECTID":21113,"PRIMENAME":"Mary Street","ELEVTYP_F":0,"ELEVTYP_T":0},"geometry":{"type":"LineString","coordinates":[[-74.0625906254214,40.8772878090782],[-74.0626889560257,40.8775755107329],[-74.0627843930134,40.8778637732936],[-74.0628957296896,40.8782124267512],[-74.0630028338676,40.8785618433092]]}},{"type":"Feature","id":21114,"properties":{"OBJECTID":21114,"PRIMENAME":"McKinley Street","ELEVTYP_F":0,"ELEVTYP_T":0},"geometry":{"type":"LineString","coordinates":[[-74.0516169034013,40.876454524522],[-74.0513215378495,40.8774051838011]]}},{"type":"Feature","id":21245,"properties":{"OBJECTID":21245,"PRIMENAME":"Elm Street","ELEVTYP_F":0,"ELEVTYP_T":0},"geometry":{"type":"LineString","coordinates":[[-74.0572061761869,40.9043180651193],[-74.0562892363181,40.9051936858213],[-74.0561930699337,40.9052879336244],[-74.0556680527684,40.9058024795402],[-74.0556013348502,40.9058678538194]]}},{"type":"Feature","id":21331,"properties":{"OBJECTID":21331,"PRIMENAME":"Newman Street","ELEVTYP_F":0,"ELEVTYP_T":0},"geometry":{"type":"LineString","coordinates":[[-74.0518695623565,40.8819372043976],[-74.0515468496363,40.8825853201576]]}},{"type":"Feature","id":21416,"properties":{"OBJECTID":21416,"PRIMENAME":"Willow Avenue","ELEVTYP_F":0,"ELEVTYP_T":0},"geometry":{"type":"LineString","coordinates":[[-74.0485417454351,40.9109940034551],[-74.0498475590033,40.9117630750488]]}},{"type":"Feature","id":21478,"properties":{"OBJECTID":21478,"PRIMENAME":"Cleveland Street","ELEVTYP_F":0,"ELEVTYP_T":0},"geometry":{"type":"LineString","coordinates":[[-74.0487443605159,40.8771792130417],[-74.0487642636976,40.8770974372902],[-74.048975710701,40.8762292709793]]}},{"type":"Feature","id":21479,"properties":{"OBJECTID":21479,"PRIMENAME":"Hackensack Avenue","ELEVTYP_F":0,"ELEVTYP_T":0},"geometry":{"type":"LineString","coordinates":[[-74.0303709514425,40.8632865387724],[-74.0301364562898,40.8632383984175]]}},{"type":"Feature","id":21483,"properties":{"OBJECTID":21483,"PRIMENAME":"Washington Avenue","ELEVTYP_F":0,"ELEVTYP_T":0},"geometry":{"type":"LineString","coordinates":[[-74.0586159006716,40.9099083775267],[-74.0585288718315,40.9098558089866],[-74.0575704425616,40.9092767449227]]}},{"type":"Feature","id":21629,"properties":{"OBJECTID":21629,"PRIMENAME":"Summit Street","ELEVTYP_F":0,"ELEVTYP_T":0},"geometry":{"type":"LineString","coordinates":[[-74.0298213292053,40.8607878539035],[-74.0291104194377,40.8606236887244],[-74.0288656079885,40.8605634531208]]}},{"type":"Feature","id":21647,"properties":{"OBJECTID":21647,"PRIMENAME":"Willow Avenue","ELEVTYP_F":0,"ELEVTYP_T":0},"geometry":{"type":"LineString","coordinates":[[-74.0475105918948,40.9103932432178],[-74.0485417454351,40.9109940034551]]}},{"type":"Feature","id":22342,"properties":{"OBJECTID":22342,"PRIMENAME":"Jackson Avenue","ELEVTYP_F":0,"ELEVTYP_T":0},"geometry":{"type":"LineString","coordinates":[[-74.0428623763281,40.8727629381789],[-74.0428114009787,40.8728748754645],[-74.0427593857083,40.8729865367757],[-74.0427063331047,40.8730979165462],[-74.0426522458073,40.8732090092239]]}},{"type":"Feature","id":22373,"properties":{"OBJECTID":22373,"PRIMENAME":"Ise Street","ELEVTYP_F":0,"ELEVTYP_T":0},"geometry":{"type":"LineString","coordinates":[[-74.0451724183867,40.8683437642311],[-74.0451948782851,40.8682795385619],[-74.0453485563747,40.8678405417877]]}},{"type":"Feature","id":22386,"properties":{"OBJECTID":22386,"PRIMENAME":"Louis Street","ELEVTYP_F":0,"ELEVTYP_T":0},"geometry":{"type":"LineString","coordinates":[[-74.0427398581158,40.9103555680327],[-74.0436304482549,40.9094810767108]]}},{"type":"Feature","id":22410,"properties":{"OBJECTID":22410,"PRIMENAME":"FR US 4 WB TO RT 503 NB","ELEVTYP_F":0,"ELEVTYP_T":0},"geometry":{"type":"LineString","coordinates":[[-74.0316762801467,40.9043967358256],[-74.0320025153645,40.9048928329449],[-74.032163992159,40.905153240588],[-74.0321921193758,40.9051930740763],[-74.0321992319896,40.905203146021],[-74.0323225759694,40.905377814517],[-74.0325092320125,40.9056335480717],[-74.0326648849196,40.9058223986592],[-74.0327832483046,40.9059635004468],[-74.0328548738093,40.9060471540278],[-74.0329358083483,40.9061499768506],[-74.0329886712894,40.9062263903691],[-74.0330258830146,40.9062956584523],[-74.0330443477947,40.9063505217411],[-74.0330501708773,40.9064124987298],[-74.0330490813302,40.9065673904509],[-74.0330868425692,40.9067899367476]]}},{"type":"Feature","id":22566,"properties":{"OBJECTID":22566,"PRIMENAME":"Esplanade","ELEVTYP_F":0,"ELEVTYP_T":0},"geometry":{"type":"LineString","coordinates":[[-74.059190981344,40.8943777962393],[-74.0591833159905,40.8948896687319]]}},{"type":"Feature","id":22571,"properties":{"OBJECTID":22571,"PRIMENAME":"Gardner Place","ELEVTYP_F":0,"ELEVTYP_T":0},"geometry":{"type":"LineString","coordinates":[[-74.0372962866925,40.8636832271769],[-74.037269737832,40.8636119440579],[-74.0369924723002,40.862866868902]]}},{"type":"Feature","id":22599,"properties":{"OBJECTID":22599,"PRIMENAME":"Linwood Avenue","ELEVTYP_F":0,"ELEVTYP_T":0},"geometry":{"type":"LineString","coordinates":[[-74.0256530960007,40.8727515061724],[-74.0267819251952,40.8730545726199]]}},{"type":"Feature","id":22650,"properties":{"OBJECTID":22650,"PRIMENAME":"East Spring Valley Avenue","ELEVTYP_F":0,"ELEVTYP_T":0},"geometry":{"type":"LineString","coordinates":[[-74.0555401438986,40.9110784745464],[-74.0554099043609,40.9110056194249],[-74.054773998946,40.9106498911586]]}},{"type":"Feature","id":22809,"properties":{"OBJECTID":22809,"PRIMENAME":"Elm Avenue","ELEVTYP_F":0,"ELEVTYP_T":0},"geometry":{"type":"LineString","coordinates":[[-74.0518649119381,40.9077355083731],[-74.0527591436795,40.9082681738274]]}},{"type":"Feature","id":22830,"properties":{"OBJECTID":22830,"PRIMENAME":"Williams Avenue","ELEVTYP_F":0,"ELEVTYP_T":0},"geometry":{"type":"LineString","coordinates":[[-74.0420032155602,40.8660349686056],[-74.0419662444207,40.8659431410139],[-74.0415033592978,40.8647939974717],[-74.04124436896,40.8641281690412]]}},{"type":"Feature","id":23040,"properties":{"OBJECTID":23040,"PRIMENAME":"Baldwin Avenue","ELEVTYP_F":0,"ELEVTYP_T":0},"geometry":{"type":"LineString","coordinates":[[-74.0637968502904,40.8713466402717],[-74.0641659330951,40.871563266305]]}},{"type":"Feature","id":23064,"properties":{"OBJECTID":23064,"PRIMENAME":"Romaine Avenue","ELEVTYP_F":0,"ELEVTYP_T":0},"geometry":{"type":"LineString","coordinates":[[-74.0614332979144,40.8981177491183],[-74.0623904186225,40.8986620539475]]}},{"type":"Feature","id":23299,"properties":{"OBJECTID":23299,"PRIMENAME":"Spring Valley Road","ELEVTYP_F":0,"ELEVTYP_T":0},"geometry":{"type":"LineString","coordinates":[[-74.0655062995517,40.9102534216469],[-74.0652897786309,40.9108072450941],[-74.0652483246513,40.9109105456236]]}},{"type":"Feature","id":23324,"properties":{"OBJECTID":23324,"PRIMENAME":"South Elm Street","ELEVTYP_F":0,"ELEVTYP_T":0},"geometry":{"type":"LineString","coordinates":[[-74.060848639478,40.9005561512309],[-74.0602581882986,40.9013327221478],[-74.0601294764296,40.9015020031974],[-74.0600048687236,40.9016187364556]]}},{"type":"Feature","id":23333,"properties":{"OBJECTID":23333,"PRIMENAME":"Allen Street","ELEVTYP_F":0,"ELEVTYP_T":0},"geometry":{"type":"LineString","coordinates":[[-74.0485417454351,40.9109940034551],[-74.0476545392407,40.9118616285815]]}},{"type":"Feature","id":23337,"properties":{"OBJECTID":23337,"PRIMENAME":"Orchard Place","ELEVTYP_F":0,"ELEVTYP_T":0},"geometry":{"type":"LineString","coordinates":[[-74.0645751357818,40.8938844245387],[-74.065528296668,40.8944425502504],[-74.0660238090736,40.8947288462863]]}},{"type":"Feature","id":23371,"properties":{"OBJECTID":23371,"PRIMENAME":"Kinderkamack Road","ELEVTYP_F":0,"ELEVTYP_T":0},"geometry":{"type":"LineString","coordinates":[[-74.0367305690951,40.9084695383422],[-74.0366911781799,40.9084956828779],[-74.0366525076483,40.9085224392665],[-74.0366145740097,40.9085497960858],[-74.0365773934586,40.9085777416572],[-74.0365303553391,40.9086148140386],[-74.0364846423654,40.9086528285829],[-74.0364402873138,40.9086917580354],[-74.0363973219871,40.9087315744855]]}},{"type":"Feature","id":23415,"properties":{"OBJECTID":23415,"PRIMENAME":"Lawrence Street","ELEVTYP_F":0,"ELEVTYP_T":0},"geometry":{"type":"LineString","coordinates":[[-74.0468084560466,40.8834062566937],[-74.0466902518695,40.8833705745711],[-74.045206482823,40.8829225239446]]}},{"type":"Feature","id":23698,"properties":{"OBJECTID":23698,"PRIMENAME":"Woodland Avenue","ELEVTYP_F":0,"ELEVTYP_T":0},"geometry":{"type":"LineString","coordinates":[[-74.0556013348502,40.9058678538194],[-74.0564455374137,40.9063621159347]]}},{"type":"Feature","id":23876,"properties":{"OBJECTID":23876,"PRIMENAME":"Huyler Street","ELEVTYP_F":0,"ELEVTYP_T":1},"geometry":{"type":"LineString","coordinates":[[-74.0490926917751,40.8659410228549],[-74.0491675668013,40.8663334321205],[-74.0491816768602,40.8664501883257],[-74.0491897868054,40.8665672731088],[-74.0491918843012,40.866684508833],[-74.0491879661333,40.8668017176316],[-74.0491735515824,40.8671517238907]]}},{"type":"Feature","id":24316,"properties":{"OBJECTID":24316,"PRIMENAME":"Prospect Avenue","ELEVTYP_F":0,"ELEVTYP_T":0},"geometry":{"type":"LineString","coordinates":[[-74.0648083160986,40.9019308888026],[-74.0648942250177,40.901982378572],[-74.0664848730677,40.9029355068311],[-74.0665824649421,40.9029934071497]]}},{"type":"Feature","id":24433,"properties":{"OBJECTID":24433,"PRIMENAME":"King Street","ELEVTYP_F":0,"ELEVTYP_T":0},"geometry":{"type":"LineString","coordinates":[[-74.0539005466914,40.8758526573998],[-74.05381120401,40.8758339762341],[-74.0519338775514,40.8754406778643]]}},{"type":"Feature","id":24602,"properties":{"OBJECTID":24602,"PRIMENAME":"Fairmount Avenue","ELEVTYP_F":0,"ELEVTYP_T":0},"geometry":{"type":"LineString","coordinates":[[-74.048658272143,40.9045578019069],[-74.0496465588624,40.9051459779146]]}},{"type":"Feature","id":24675,"properties":{"OBJECTID":24675,"PRIMENAME":"Allen Street","ELEVTYP_F":0,"ELEVTYP_T":0},"geometry":{"type":"LineString","coordinates":[[-74.0518649119381,40.9077355083731],[-74.0515215280985,40.9080560432992],[-74.0510893554493,40.9085098005734]]}},{"type":"Feature","id":24802,"properties":{"OBJECTID":24802,"PRIMENAME":"Larch Avenue","ELEVTYP_F":0,"ELEVTYP_T":0},"geometry":{"type":"LineString","coordinates":[[-74.0289252643122,40.8826726328625],[-74.0287039806508,40.8832126467718]]}},{"type":"Feature","id":24999,"properties":{"OBJECTID":24999,"PRIMENAME":"Lincoln Street","ELEVTYP_F":0,"ELEVTYP_T":0},"geometry":{"type":"LineString","coordinates":[[-74.0482491884919,40.9080522751531],[-74.0473690288158,40.908915725943]]}},{"type":"Feature","id":25076,"properties":{"OBJECTID":25076,"PRIMENAME":"West Pleasantview Avenue","ELEVTYP_F":0,"ELEVTYP_T":0},"geometry":{"type":"LineString","coordinates":[[-74.0649183229502,40.874839000219],[-74.0638495383595,40.8742394053376],[-74.0638216866686,40.8742230188846],[-74.0637954945139,40.8742051249914],[-74.0637711031739,40.8741858201774],[-74.0637486442131,40.8741652085721],[-74.0637282387726,40.8741434013539],[-74.0637099969164,40.8741205161501],[-74.0636940170382,40.8740966764025],[-74.0636803853299,40.8740720107015]]}},{"type":"Feature","id":25105,"properties":{"OBJECTID":25105,"PRIMENAME":"Briarcliff Avenue","ELEVTYP_F":0,"ELEVTYP_T":0},"geometry":{"type":"LineString","coordinates":[[-74.0659183088153,40.9138043250544],[-74.0661293570283,40.9133634612468],[-74.0663079518668,40.9129881053564]]}},{"type":"Feature","id":25138,"properties":{"OBJECTID":25138,"PRIMENAME":"Marlboro Court","ELEVTYP_F":0,"ELEVTYP_T":0},"geometry":{"type":"LineString","coordinates":[[-74.0641586132477,40.8894753646409],[-74.064070452479,40.8894172969841],[-74.0638318572079,40.8892601446883]]}},{"type":"Feature","id":25230,"properties":{"OBJECTID":25230,"PRIMENAME":"Prospect Avenue","ELEVTYP_F":0,"ELEVTYP_T":0},"geometry":{"type":"LineString","coordinates":[[-74.0671987241554,40.9033591220873],[-74.0677940879724,40.903712431176],[-74.0696666749263,40.9048081017382],[-74.0699966452644,40.9050011636866],[-74.0701606952009,40.9050971477787]]}},{"type":"Feature","id":25231,"properties":{"OBJECTID":25231,"PRIMENAME":"Kenwood Place","ELEVTYP_F":0,"ELEVTYP_T":0},"geometry":{"type":"LineString","coordinates":[[-74.0309635339597,40.888093211015],[-74.0308628771417,40.8880978799275],[-74.0307799225719,40.8880900218394],[-74.0289950167846,40.8876662027723]]}},{"type":"Feature","id":25293,"properties":{"OBJECTID":25293,"PRIMENAME":"Berry Street","ELEVTYP_F":0,"ELEVTYP_T":0},"geometry":{"type":"LineString","coordinates":[[-74.0492618852302,40.8930779300484],[-74.0479578745452,40.8923058102819]]}},{"type":"Feature","id":25297,"properties":{"OBJECTID":25297,"PRIMENAME":"Park Street","ELEVTYP_F":0,"ELEVTYP_T":0},"geometry":{"type":"LineString","coordinates":[[-74.0469794137965,40.8858521716128],[-74.0465086436672,40.8866733088187]]}},{"type":"Feature","id":25427,"properties":{"OBJECTID":25427,"PRIMENAME":"East Fort Lee Road","ELEVTYP_F":0,"ELEVTYP_T":0},"geometry":{"type":"LineString","coordinates":[[-74.0253969911626,40.874996088314],[-74.0251973740122,40.8749099261659],[-74.0248369024525,40.8747483295999],[-74.0243789181466,40.8745291248106],[-74.0238270737168,40.8742751848548]]}},{"type":"Feature","id":25454,"properties":{"OBJECTID":25454,"PRIMENAME":"Palisade Avenue","ELEVTYP_F":0,"ELEVTYP_T":0},"geometry":{"type":"LineString","coordinates":[[-74.0292317120535,40.8680030345445],[-74.0290469898226,40.8683736161319],[-74.0289268925322,40.8686254131978]]}},{"type":"Feature","id":25542,"properties":{"OBJECTID":25542,"PRIMENAME":"Frederick Street","ELEVTYP_F":0,"ELEVTYP_T":0},"geometry":{"type":"LineString","coordinates":[[-74.0420642891915,40.8707583804985],[-74.0411904624014,40.8709642103417]]}},{"type":"Feature","id":25552,"properties":{"OBJECTID":25552,"PRIMENAME":"South Prospect Avenue","ELEVTYP_F":0,"ELEVTYP_T":0},"geometry":{"type":"LineString","coordinates":[[-74.0630028338676,40.8785618433092],[-74.0628130802388,40.8787648806718],[-74.0623004112165,40.8793848575338],[-74.0619017721305,40.8798551169791],[-74.0618374589293,40.8799281627718]]}},{"type":"Feature","id":25663,"properties":{"OBJECTID":25663,"PRIMENAME":"Hillcrest Street","ELEVTYP_F":0,"ELEVTYP_T":0},"geometry":{"type":"LineString","coordinates":[[-74.0261522905635,40.882607447045],[-74.0262658437188,40.882634346964],[-74.0273742963444,40.8828972204588]]}},{"type":"Feature","id":25672,"properties":{"OBJECTID":25672,"PRIMENAME":"Pink Street","ELEVTYP_F":0,"ELEVTYP_T":0},"geometry":{"type":"LineString","coordinates":[[-74.0448061862527,40.8724008273466],[-74.043964306782,40.8722281389776]]}},{"type":"Feature","id":25707,"properties":{"OBJECTID":25707,"PRIMENAME":"State Highway 17","ELEVTYP_F":0,"ELEVTYP_T":0},"geometry":{"type":"LineString","coordinates":[[-74.068228538177,40.8859669908149],[-74.0681730323616,40.8858353406136],[-74.0681483185172,40.8857767228695],[-74.0681012136688,40.8856676272907]]}},{"type":"Feature","id":25708,"properties":{"OBJECTID":25708,"PRIMENAME":"Park Street","ELEVTYP_F":0,"ELEVTYP_T":0},"geometry":{"type":"LineString","coordinates":[[-74.0279892229503,40.8586828752318],[-74.0289783087231,40.8589294340197]]}},{"type":"Feature","id":25753,"properties":{"OBJECTID":25753,"PRIMENAME":"Larch Avenue","ELEVTYP_F":0,"ELEVTYP_T":0},"geometry":{"type":"LineString","coordinates":[[-74.0270672590423,40.8872077334797],[-74.0267682623534,40.8879316084723],[-74.0267371641494,40.888006609764]]}},{"type":"Feature","id":25796,"properties":{"OBJECTID":25796,"PRIMENAME":"Leonia Avenue","ELEVTYP_F":0,"ELEVTYP_T":0},"geometry":{"type":"LineString","coordinates":[[-74.02716168092,40.8789724616207],[-74.0270839971221,40.8790540795382],[-74.0266291876379,40.8795513808267]]}},{"type":"Feature","id":25917,"properties":{"OBJECTID":25917,"PRIMENAME":"Euclid Avenue","ELEVTYP_F":0,"ELEVTYP_T":0},"geometry":{"type":"LineString","coordinates":[[-74.0478996611875,40.9001077177552],[-74.0453725100368,40.8986144242013]]}},{"type":"Feature","id":26007,"properties":{"OBJECTID":26007,"PRIMENAME":"Main Street","ELEVTYP_F":0,"ELEVTYP_T":0},"geometry":{"type":"LineString","coordinates":[[-74.0406132642945,40.8993343080705],[-74.040636205538,40.8993804318491],[-74.0408983096361,40.8999546709626]]}},{"type":"Feature","id":26095,"properties":{"OBJECTID":26095,"PRIMENAME":"West Fairmount Avenue","ELEVTYP_F":0,"ELEVTYP_T":0},"geometry":{"type":"LineString","coordinates":[[-74.0583374247424,40.9105587100361],[-74.0584207706512,40.9105817294491],[-74.0585050533054,40.9106026942355],[-74.0593969867913,40.9108248208558]]}},{"type":"Feature","id":26101,"properties":{"OBJECTID":26101,"PRIMENAME":"Lawton Street","ELEVTYP_F":0,"ELEVTYP_T":0},"geometry":{"type":"LineString","coordinates":[[-74.0409559547795,40.9021813396888],[-74.0408377629532,40.9022127924122],[-74.0400791325335,40.9024147056955]]}},{"type":"Feature","id":26227,"properties":{"OBJECTID":26227,"PRIMENAME":"Euclid Avenue","ELEVTYP_F":0,"ELEVTYP_T":0},"geometry":{"type":"LineString","coordinates":[[-74.0424744651872,40.8968847196009],[-74.0422284157728,40.8967415835273]]}},{"type":"Feature","id":26345,"properties":{"OBJECTID":26345,"PRIMENAME":"Henry Place","ELEVTYP_F":0,"ELEVTYP_T":0},"geometry":{"type":"LineString","coordinates":[[-74.0372962866925,40.8636832271769],[-74.0363944737189,40.8638901713796]]}},{"type":"Feature","id":26411,"properties":{"OBJECTID":26411,"PRIMENAME":"Dewitt Place","ELEVTYP_F":0,"ELEVTYP_T":0},"geometry":{"type":"LineString","coordinates":[[-74.0488389575228,40.8794867593564],[-74.0487464616922,40.8794685284354],[-74.0470850201103,40.8791416822805]]}},{"type":"Feature","id":26601,"properties":{"OBJECTID":26601,"PRIMENAME":"Millo Court","ELEVTYP_F":0,"ELEVTYP_T":0},"geometry":{"type":"LineString","coordinates":[[-74.0426694264515,40.8590749954575],[-74.042643324816,40.859348376679],[-74.0426368209037,40.8594161783465]]}},{"type":"Feature","id":26742,"properties":{"OBJECTID":26742,"PRIMENAME":"South Prospect Avenue","ELEVTYP_F":0,"ELEVTYP_T":0},"geometry":{"type":"LineString","coordinates":[[-74.0618374589293,40.8799281627718],[-74.0617976919073,40.8799699606674],[-74.0617564196568,40.8800109093452],[-74.0617136736389,40.8800509775881],[-74.0616694864384,40.8800901348501],[-74.0612298728845,40.8805151915365]]}},{"type":"Feature","id":26838,"properties":{"OBJECTID":26838,"PRIMENAME":"Clarendon Place","ELEVTYP_F":0,"ELEVTYP_T":0},"geometry":{"type":"LineString","coordinates":[[-74.0445493426086,40.899409731229],[-74.0452984551693,40.8986942564769],[-74.0453725100368,40.8986144242013]]}},{"type":"Feature","id":26842,"properties":{"OBJECTID":26842,"PRIMENAME":"Bonhomme Avenue","ELEVTYP_F":0,"ELEVTYP_T":0},"geometry":{"type":"LineString","coordinates":[[-74.043964306782,40.8722281389776],[-74.0442635921105,40.8714611772957]]}},{"type":"Feature","id":26847,"properties":{"OBJECTID":26847,"PRIMENAME":"Kenneth Street","ELEVTYP_F":0,"ELEVTYP_T":0},"geometry":{"type":"LineString","coordinates":[[-74.0569663182265,40.8762376489922],[-74.0570360505527,40.8761656695424],[-74.0574142783277,40.8757753639008]]}},{"type":"Feature","id":26917,"properties":{"OBJECTID":26917,"PRIMENAME":"4th Place","ELEVTYP_F":0,"ELEVTYP_T":0},"geometry":{"type":"LineString","coordinates":[[-74.0248368273185,40.8754619040451],[-74.0250358983404,40.8755589065098],[-74.0251072175845,40.8755935118405],[-74.025178675667,40.8756138436831],[-74.0253140786812,40.8756429760522],[-74.0255172088862,40.8756781235127],[-74.0255790590799,40.8757423624397]]}},{"type":"Feature","id":26936,"properties":{"OBJECTID":26936,"PRIMENAME":"Sunderland Road","ELEVTYP_F":0,"ELEVTYP_T":0},"geometry":{"type":"LineString","coordinates":[[-74.022311379578,40.9023460212694],[-74.0224077583427,40.9022753541767],[-74.0226066250808,40.9021296259645],[-74.0226395651282,40.9021077943822],[-74.0226742844557,40.9020876123682],[-74.0227106398167,40.9020691631894],[-74.0227484812149,40.9020525229636],[-74.0227876525236,40.9020377603448],[-74.0228279921292,40.9020249362406],[-74.0228693335983,40.9020141035607],[-74.0229115063644,40.9020053069983],[-74.0229543364314,40.9019985828463],[-74.0229976470916,40.901993958847],[-74.0230412596544,40.9019914540782],[-74.0230849941838,40.9019910788739],[-74.0231286702408,40.9019928347822],[-74.0231721076274,40.9019967145587],[-74.0232151271302,40.9020027021962],[-74.02325755126,40.9020107729911],[-74.0245350912564,40.9023330592741]]}},{"type":"Feature","id":26980,"properties":{"OBJECTID":26980,"PRIMENAME":"Vreeland Avenue","ELEVTYP_F":0,"ELEVTYP_T":0},"geometry":{"type":"LineString","coordinates":[[-74.0444876637504,40.8654640860482],[-74.0453181366876,40.8652738470407]]}},{"type":"Feature","id":27415,"properties":{"OBJECTID":27415,"PRIMENAME":"Herman Street","ELEVTYP_F":0,"ELEVTYP_T":0},"geometry":{"type":"LineString","coordinates":[[-74.0426462402995,40.9089032141267],[-74.0417478697329,40.9097720402893]]}},{"type":"Feature","id":27435,"properties":{"OBJECTID":27435,"PRIMENAME":"Parker Avenue","ELEVTYP_F":0,"ELEVTYP_T":0},"geometry":{"type":"LineString","coordinates":[[-74.0608660615947,40.883051886372],[-74.0624091789673,40.8839670666712],[-74.0625014771875,40.8840222334948]]}},{"type":"Feature","id":27609,"properties":{"OBJECTID":27609,"PRIMENAME":"Union Street","ELEVTYP_F":0,"ELEVTYP_T":0},"geometry":{"type":"LineString","coordinates":[[-74.0468084560466,40.8834062566937],[-74.0462606594078,40.8844187683332]]}},{"type":"Feature","id":27649,"properties":{"OBJECTID":27649,"PRIMENAME":"Collins Avenue","ELEVTYP_F":0,"ELEVTYP_T":0},"geometry":{"type":"LineString","coordinates":[[-74.0669968973081,40.8710243355633],[-74.0669944775847,40.8709840675856],[-74.0669964249432,40.8709437848508],[-74.0670027262049,40.8709037598073],[-74.067013338744,40.8708642631602],[-74.0670281907763,40.8708255620405],[-74.0670471818448,40.8707879181981],[-74.0670701834991,40.8707515862319],[-74.0670970401647,40.8707168118676],[-74.0675515185043,40.870275619757]]}},{"type":"Feature","id":27671,"properties":{"OBJECTID":27671,"PRIMENAME":"Beverly Road","ELEVTYP_F":0,"ELEVTYP_T":0},"geometry":{"type":"LineString","coordinates":[[-74.0238597511105,40.8906907842145],[-74.0239058878214,40.8906912461134],[-74.0239519131205,40.8906937213037],[-74.0239976745795,40.8906982015879],[-74.0240430206436,40.8907046721281],[-74.0240878011337,40.8907131114948],[-74.0241318677436,40.8907234917382],[-74.0241750745312,40.8907357784807],[-74.0242172784017,40.8907499310303],[-74.02541072649,40.891148004803],[-74.025782122372,40.8912460164455],[-74.0259343526693,40.8912888599199]]}},{"type":"Feature","id":27996,"properties":{"OBJECTID":27996,"PRIMENAME":"Maplewood Avenue","ELEVTYP_F":0,"ELEVTYP_T":0},"geometry":{"type":"LineString","coordinates":[[-74.0270208049628,40.8695184206638],[-74.0271885078112,40.8695650309637],[-74.0283256978505,40.8698856300546]]}},{"type":"Feature","id":28059,"properties":{"OBJECTID":28059,"PRIMENAME":"Fischer Avenue","ELEVTYP_F":0,"ELEVTYP_T":0},"geometry":{"type":"LineString","coordinates":[[-74.0267668286075,40.8687349062361],[-74.027065163736,40.8681067692141]]}},{"type":"Feature","id":28102,"properties":{"OBJECTID":28102,"PRIMENAME":"Linden Avenue","ELEVTYP_F":0,"ELEVTYP_T":0},"geometry":{"type":"LineString","coordinates":[[-74.0288520188449,40.8780555423289],[-74.0286039816661,40.8786550945582]]}},{"type":"Feature","id":28195,"properties":{"OBJECTID":28195,"PRIMENAME":"Interstate 80","ELEVTYP_F":0,"ELEVTYP_T":0},"geometry":{"type":"LineString","coordinates":[[-74.063858348927,40.8784950576923],[-74.0639050692151,40.8785784883528],[-74.0640772063149,40.8788936546831],[-74.0641491030227,40.8790368827091],[-74.0641528162754,40.8790441985539],[-74.064212076403,40.8791621799661],[-74.0643375755084,40.8794093144941],[-74.0644816139962,40.8797029360023],[-74.0647554725588,40.8803079929715],[-74.0650617561202,40.8809989515787],[-74.0653263151789,40.8815897268083],[-74.0656244312128,40.8822578542103]]}},{"type":"Feature","id":28205,"properties":{"OBJECTID":28205,"PRIMENAME":"Allen Street","ELEVTYP_F":0,"ELEVTYP_T":0},"geometry":{"type":"LineString","coordinates":[[-74.0494283823782,40.9101268905444],[-74.0485417454351,40.9109940034551]]}},{"type":"Feature","id":28253,"properties":{"OBJECTID":28253,"PRIMENAME":"Bogert Road","ELEVTYP_F":0,"ELEVTYP_T":0},"geometry":{"type":"LineString","coordinates":[[-74.0395460157609,40.913493427246],[-74.0395432962718,40.9136090604056],[-74.0395352321385,40.9137031058089],[-74.0395244665529,40.9137969954482],[-74.0395110046235,40.9138906846718],[-74.039494852741,40.9139841289234]]}},{"type":"Feature","id":28321,"properties":{"OBJECTID":28321,"PRIMENAME":"Essex Street","ELEVTYP_F":0,"ELEVTYP_T":0},"geometry":{"type":"LineString","coordinates":[[-74.0490179715229,40.8783468828367],[-74.0480827019692,40.8783572422297],[-74.0477252091613,40.8783612002777],[-74.0474585706983,40.878366110796]]}},{"type":"Feature","id":28352,"properties":{"OBJECTID":28352,"PRIMENAME":"Jackson Avenue","ELEVTYP_F":0,"ELEVTYP_T":0},"geometry":{"type":"LineString","coordinates":[[-74.0423796763662,40.8692883980053],[-74.0427399009546,40.8701921167105],[-74.0428789984216,40.8705143480264],[-74.0428977640156,40.8705619922981]]}},{"type":"Feature","id":28442,"properties":{"OBJECTID":28442,"PRIMENAME":"Fifth Street","ELEVTYP_F":0,"ELEVTYP_T":0},"geometry":{"type":"LineString","coordinates":[[-74.0286109436178,40.8605008433537],[-74.0286375831975,40.860364088802],[-74.0287190261652,40.8600241857483],[-74.0287954774495,40.8597253814126]]}},{"type":"Feature","id":28452,"properties":{"OBJECTID":28452,"PRIMENAME":"Maybrook Drive","ELEVTYP_F":0,"ELEVTYP_T":0},"geometry":{"type":"LineString","coordinates":[[-74.0628468983833,40.8904681649226],[-74.0628713001491,40.8904636280501],[-74.0628955380048,40.8904586106344],[-74.0629195955207,40.8904531160766],[-74.0629434563894,40.890447148101],[-74.0629671044367,40.8904407107533],[-74.0629905236327,40.8904338083968],[-74.0630136981029,40.8904264457104],[-74.0630366121383,40.890418627685]]}},{"type":"Feature","id":28562,"properties":{"OBJECTID":28562,"PRIMENAME":"Woodland Avenue","ELEVTYP_F":0,"ELEVTYP_T":0},"geometry":{"type":"LineString","coordinates":[[-74.0564455374137,40.9063621159347],[-74.057193423127,40.906804974277]]}},{"type":"Feature","id":28616,"properties":{"OBJECTID":28616,"PRIMENAME":"Calicooneck Road","ELEVTYP_F":0,"ELEVTYP_T":0},"geometry":{"type":"LineString","coordinates":[[-74.0438616224711,40.8606435179744],[-74.0428661486653,40.8605624442069]]}},{"type":"Feature","id":28674,"properties":{"OBJECTID":28674,"PRIMENAME":"Main Street","ELEVTYP_F":0,"ELEVTYP_T":0},"geometry":{"type":"LineString","coordinates":[[-74.0415417286943,40.9082549793496],[-74.0415133064147,40.908297509855],[-74.0414838170213,40.908339620124],[-74.0414532713025,40.9083812947479],[-74.0414216804335,40.9084225184775],[-74.0413796400517,40.9084728353681],[-74.0413363613332,40.9085225443155],[-74.0412918595453,40.9085716277807],[-74.0412461503868,40.9086200684457],[-74.0411992499829,40.9086678492191],[-74.0411511748788,40.9087149532425],[-74.0411019420347,40.9087613638958],[-74.0410515688191,40.908807064804],[-74.0410154040352,40.9088361270646]]}},{"type":"Feature","id":28692,"properties":{"OBJECTID":28692,"PRIMENAME":"Van Orden Place","ELEVTYP_F":0,"ELEVTYP_T":0},"geometry":{"type":"LineString","coordinates":[[-74.0364484717621,40.8968777305123],[-74.0365347169148,40.8969082442763],[-74.0374148116186,40.8972195045358],[-74.037939249863,40.897404974611]]}},{"type":"Feature","id":28731,"properties":{"OBJECTID":28731,"PRIMENAME":"River Road","ELEVTYP_F":0,"ELEVTYP_T":0},"geometry":{"type":"LineString","coordinates":[[-74.0338019333367,40.8753353831918],[-74.033757650114,40.8754979514245],[-74.0335347543875,40.8762379923953],[-74.0334551210068,40.8765060974684],[-74.0334191100049,40.8766388343333],[-74.0334027674569,40.8767568003715],[-74.0333940297387,40.8768629943155],[-74.0333897763507,40.8769486464135],[-74.0333888222402,40.8770902695959]]}},{"type":"Feature","id":28856,"properties":{"OBJECTID":28856,"PRIMENAME":"Interstate 80","ELEVTYP_F":1,"ELEVTYP_T":0},"geometry":{"type":"LineString","coordinates":[[-74.0577142901122,40.8708031190829],[-74.0579423184506,40.8710127534769]]}},{"type":"Feature","id":28957,"properties":{"OBJECTID":28957,"PRIMENAME":"Louis Street","ELEVTYP_F":0,"ELEVTYP_T":0},"geometry":{"type":"LineString","coordinates":[[-74.0462912318408,40.9068931751178],[-74.0470679812924,40.9061190574905]]}},{"type":"Feature","id":29032,"properties":{"OBJECTID":29032,"PRIMENAME":"South Summit Avenue","ELEVTYP_F":0,"ELEVTYP_T":0},"geometry":{"type":"LineString","coordinates":[[-74.0619945299816,40.8819079147577],[-74.0620427824727,40.8818428709813],[-74.062089136267,40.8817770366142],[-74.0621335688943,40.8817104435773],[-74.0621760588166,40.8816431241597],[-74.0622165854376,40.8815751110024],[-74.0622551291135,40.8815064370826],[-74.0622916711618,40.881437135698],[-74.0623261938709,40.8813672404504],[-74.0624063911193,40.8812165455043]]}},{"type":"Feature","id":29144,"properties":{"OBJECTID":29144,"PRIMENAME":"Bergen Turnpike","ELEVTYP_F":0,"ELEVTYP_T":0},"geometry":{"type":"LineString","coordinates":[[-74.0362048882965,40.8584709115571],[-74.0363374471244,40.8588076953966]]}},{"type":"Feature","id":29162,"properties":{"OBJECTID":29162,"PRIMENAME":"Passaic Street","ELEVTYP_F":0,"ELEVTYP_T":0},"geometry":{"type":"LineString","coordinates":[[-74.0386397047404,40.8888756810164],[-74.0398460892029,40.8896017311853]]}},{"type":"Feature","id":29278,"properties":{"OBJECTID":29278,"PRIMENAME":"West Passaic Street","ELEVTYP_F":0,"ELEVTYP_T":0},"geometry":{"type":"LineString","coordinates":[[-74.0617794020974,40.9026649146064],[-74.0625371761987,40.9031247328838],[-74.0626317806278,40.903182138002]]}},{"type":"Feature","id":29322,"properties":{"OBJECTID":29322,"PRIMENAME":"Washington Avenue","ELEVTYP_F":0,"ELEVTYP_T":0},"geometry":{"type":"LineString","coordinates":[[-74.0425689973981,40.8720431493346],[-74.0428623763281,40.8727629381789]]}},{"type":"Feature","id":29344,"properties":{"OBJECTID":29344,"PRIMENAME":"Lookout Avenue","ELEVTYP_F":0,"ELEVTYP_T":0},"geometry":{"type":"LineString","coordinates":[[-74.0523259895837,40.9004239901182],[-74.0521803855091,40.9003371785822],[-74.0499399507802,40.8990009003404],[-74.0494101407424,40.8986779762844]]}},{"type":"Feature","id":29364,"properties":{"OBJECTID":29364,"PRIMENAME":"River Street","ELEVTYP_F":0,"ELEVTYP_T":0},"geometry":{"type":"LineString","coordinates":[[-74.0402661756183,40.8853214190436],[-74.0398520929664,40.8861975148926],[-74.0396827721438,40.8865493438423]]}},{"type":"Feature","id":29366,"properties":{"OBJECTID":29366,"PRIMENAME":"Moore Street","ELEVTYP_F":0,"ELEVTYP_T":0},"geometry":{"type":"LineString","coordinates":[[-74.0410816952897,40.8855575742936],[-74.0408130520686,40.8860994257013],[-74.0404692331118,40.8867842905206],[-74.0404011276609,40.8869199751007]]}},{"type":"Feature","id":29414,"properties":{"OBJECTID":29414,"PRIMENAME":"North Avenue","ELEVTYP_F":0,"ELEVTYP_T":0},"geometry":{"type":"LineString","coordinates":[[-74.0254495368894,40.8661832845712],[-74.025330619803,40.8661621262893],[-74.025084536375,40.8661003951214],[-74.0247387326388,40.8660079484117],[-74.0244377304659,40.8659205169426]]}},{"type":"Feature","id":29506,"properties":{"OBJECTID":29506,"PRIMENAME":"Herman Street","ELEVTYP_F":0,"ELEVTYP_T":0},"geometry":{"type":"LineString","coordinates":[[-74.0444133505346,40.9071710797125],[-74.0435156948467,40.9080373417768]]}},{"type":"Feature","id":29533,"properties":{"OBJECTID":29533,"PRIMENAME":"Hudson Street","ELEVTYP_F":0,"ELEVTYP_T":0},"geometry":{"type":"LineString","coordinates":[[-74.0395976702137,40.8669749231096],[-74.0396330647688,40.8670643028012]]}},{"type":"Feature","id":29726,"properties":{"OBJECTID":29726,"PRIMENAME":"Sixth Street","ELEVTYP_F":0,"ELEVTYP_T":0},"geometry":{"type":"LineString","coordinates":[[-74.0270881730563,40.8625801375235],[-74.0271845068714,40.8626593675037],[-74.0267123271389,40.8636473132728],[-74.0265393642849,40.8639959798549],[-74.0262778495114,40.8645231439384]]}},{"type":"Feature","id":29751,"properties":{"OBJECTID":29751,"PRIMENAME":"Maple Hill Drive","ELEVTYP_F":0,"ELEVTYP_T":0},"geometry":{"type":"LineString","coordinates":[[-74.0551793118661,40.8963138198861],[-74.0549058041483,40.8968525279626],[-74.0548909748638,40.8968811364185],[-74.0548794598331,40.896910610406],[-74.0548713452493,40.8969407293164],[-74.0548666918534,40.8969712677135],[-74.0548655344805,40.8970019970208],[-74.0548678817982,40.8970326872328],[-74.054873716242,40.8970631086363],[-74.0548829941461,40.8970930335296],[-74.0548956460709,40.8971222379272],[-74.054911577322,40.8971505032362],[-74.0549306686588,40.8971776178921],[-74.0549527771874,40.8972033789433],[-74.0549777374298,40.897227593569],[-74.0550053625622,40.8972500805237],[-74.0550354458138,40.897270671493],[-74.055067762014,40.8972892123536],[-74.0555001102029,40.8975343979271],[-74.0577643255289,40.8988183810154]]}},{"type":"Feature","id":29776,"properties":{"OBJECTID":29776,"PRIMENAME":"Kipp Street","ELEVTYP_F":0,"ELEVTYP_T":0},"geometry":{"type":"LineString","coordinates":[[-74.0248336232986,40.8858016553583],[-74.0256079063121,40.885986035874],[-74.0260681675106,40.8860954476705]]}},{"type":"Feature","id":29894,"properties":{"OBJECTID":29894,"PRIMENAME":"Wilson Street","ELEVTYP_F":0,"ELEVTYP_T":0},"geometry":{"type":"LineString","coordinates":[[-74.0472711780485,40.9074754091349],[-74.0480555554791,40.906706859647]]}},{"type":"Feature","id":30019,"properties":{"OBJECTID":30019,"PRIMENAME":"Rutherford Avenue","ELEVTYP_F":0,"ELEVTYP_T":0},"geometry":{"type":"LineString","coordinates":[[-74.0549513062536,40.9116891174449],[-74.0550261088387,40.9116115325475],[-74.0554085019062,40.9112149879044],[-74.0555401438986,40.9110784745464]]}},{"type":"Feature","id":30035,"properties":{"OBJECTID":30035,"PRIMENAME":"South Park Street","ELEVTYP_F":0,"ELEVTYP_T":0},"geometry":{"type":"LineString","coordinates":[[-74.0477810176491,40.8844336604091],[-74.0477469028862,40.8844934207122],[-74.0474309295561,40.8850471255969]]}},{"type":"Feature","id":30210,"properties":{"OBJECTID":30210,"PRIMENAME":"Fairmount Avenue","ELEVTYP_F":0,"ELEVTYP_T":0},"geometry":{"type":"LineString","coordinates":[[-74.0457190568533,40.9028042756361],[-74.0466958908424,40.9033877660999]]}},{"type":"Feature","id":30229,"properties":{"OBJECTID":30229,"PRIMENAME":"Polifly Road","ELEVTYP_F":0,"ELEVTYP_T":0},"geometry":{"type":"LineString","coordinates":[[-74.0601109271763,40.874792230906],[-74.0597043877846,40.8752696953955],[-74.059614601317,40.875375146122]]}},{"type":"Feature","id":30420,"properties":{"OBJECTID":30420,"PRIMENAME":"Terrace Avenue","ELEVTYP_F":1,"ELEVTYP_T":1},"geometry":{"type":"LineString","coordinates":[[-74.0635091829156,40.8707698553305],[-74.0633857027429,40.8709173949115]]}},{"type":"Feature","id":30424,"properties":{"OBJECTID":30424,"PRIMENAME":"Pulaski Place","ELEVTYP_F":0,"ELEVTYP_T":0},"geometry":{"type":"LineString","coordinates":[[-74.0366682426218,40.8645451172816],[-74.0376438350135,40.8643158587975],[-74.0384596364126,40.8641241424016]]}},{"type":"Feature","id":30455,"properties":{"OBJECTID":30455,"PRIMENAME":"West Shore Avenue","ELEVTYP_F":0,"ELEVTYP_T":0},"geometry":{"type":"LineString","coordinates":[[-74.0302778771812,40.8725699414916],[-74.0304249555203,40.8721950056091],[-74.0305324794442,40.8719263837594]]}},{"type":"Feature","id":30479,"properties":{"OBJECTID":30479,"PRIMENAME":"River Road","ELEVTYP_F":0,"ELEVTYP_T":0},"geometry":{"type":"LineString","coordinates":[[-74.0279368409669,40.8977373661715],[-74.0275187602045,40.8984955601978]]}},{"type":"Feature","id":30566,"properties":{"OBJECTID":30566,"PRIMENAME":"Calicooneck Road","ELEVTYP_F":0,"ELEVTYP_T":0},"geometry":{"type":"LineString","coordinates":[[-74.0409297357052,40.8604046053636],[-74.0407971588025,40.8603938111514]]}},{"type":"Feature","id":30658,"properties":{"OBJECTID":30658,"PRIMENAME":"Huyler Street","ELEVTYP_F":0,"ELEVTYP_T":0},"geometry":{"type":"LineString","coordinates":[[-74.0487965196703,40.8629129213655],[-74.0487963237135,40.8630694897079],[-74.0487978974982,40.8632260535578],[-74.0488018935533,40.8634058012521],[-74.0488082223022,40.8635855103231],[-74.0488168831496,40.8637651633232],[-74.0488278752733,40.8639447428099]]}},{"type":"Feature","id":30698,"properties":{"OBJECTID":30698,"PRIMENAME":"Franklin Street","ELEVTYP_F":0,"ELEVTYP_T":0},"geometry":{"type":"LineString","coordinates":[[-74.0457173862643,40.8598225532364],[-74.045826912103,40.8598470577018],[-74.0475847044417,40.8602404536372]]}},{"type":"Feature","id":30793,"properties":{"OBJECTID":30793,"PRIMENAME":"Poor Street","ELEVTYP_F":0,"ELEVTYP_T":0},"geometry":{"type":"LineString","coordinates":[[-74.0625906254214,40.8772878090782],[-74.0624428260673,40.8774300949763],[-74.0619957421966,40.8778607811407],[-74.0606133518133,40.879192418898]]}},{"type":"Feature","id":30818,"properties":{"OBJECTID":30818,"PRIMENAME":"Kansas Street","ELEVTYP_F":0,"ELEVTYP_T":0},"geometry":{"type":"LineString","coordinates":[[-74.0500658004775,40.8772951066228],[-74.0487443605159,40.8771792130417]]}},{"type":"Feature","id":30867,"properties":{"OBJECTID":30867,"PRIMENAME":"Charles Street","ELEVTYP_F":0,"ELEVTYP_T":0},"geometry":{"type":"LineString","coordinates":[[-74.058580259604,40.8765307654457],[-74.0574142783277,40.8757753639008]]}},{"type":"Feature","id":30882,"properties":{"OBJECTID":30882,"PRIMENAME":"East Magnolia Avenue","ELEVTYP_F":0,"ELEVTYP_T":0},"geometry":{"type":"LineString","coordinates":[[-74.0627347912642,40.8967971639392],[-74.0622302427802,40.8965205366836],[-74.0621920020027,40.8964970512399],[-74.062155877207,40.8964717101931],[-74.0621220244771,40.8964446230358],[-74.0620905900793,40.8964159068049],[-74.0620617098305,40.8963856855759],[-74.0620355085111,40.8963540899269],[-74.0620120993262,40.8963212563743],[-74.0619915834163,40.896287326783],[-74.0619860219089,40.8962639467737]]}},{"type":"Feature","id":30893,"properties":{"OBJECTID":30893,"PRIMENAME":"River Road","ELEVTYP_F":0,"ELEVTYP_T":0},"geometry":{"type":"LineString","coordinates":[[-74.0247193057097,40.9131975411585],[-74.0247076401874,40.9134572451469],[-74.0247085121126,40.9139872651087]]}},{"type":"Feature","id":30942,"properties":{"OBJECTID":30942,"PRIMENAME":"Lincoln Avenue","ELEVTYP_F":0,"ELEVTYP_T":0},"geometry":{"type":"LineString","coordinates":[[-74.0615408051823,40.9146665515808],[-74.0616082632306,40.9145115274966],[-74.0623841617828,40.9127281886117]]}},{"type":"Feature","id":30946,"properties":{"OBJECTID":30946,"PRIMENAME":"West Shore Avenue","ELEVTYP_F":0,"ELEVTYP_T":0},"geometry":{"type":"LineString","coordinates":[[-74.0313074994513,40.869995861253],[-74.0314056444344,40.8697795198721],[-74.0314290095255,40.8696709700451],[-74.031430722754,40.8694279393147],[-74.0314740609452,40.8692611406933]]}},{"type":"Feature","id":31019,"properties":{"OBJECTID":31019,"PRIMENAME":"East Ward Street","ELEVTYP_F":0,"ELEVTYP_T":0},"geometry":{"type":"LineString","coordinates":[[-74.0385241922823,40.8908309555754],[-74.0395546384038,40.890925327881],[-74.0396312721351,40.8909323583289]]}},{"type":"Feature","id":31148,"properties":{"OBJECTID":31148,"PRIMENAME":"Longview Place","ELEVTYP_F":0,"ELEVTYP_T":0},"geometry":{"type":"LineString","coordinates":[[-74.0642287059541,40.8725122657523],[-74.0642214697202,40.8726122088872],[-74.064205960165,40.8728265859052],[-74.0641949338544,40.8732839608144],[-74.0641949253247,40.8733045072481],[-74.064198253477,40.873324897779],[-74.0642048675488,40.8733448213828],[-74.0642146666563,40.8733639741575],[-74.0642275013324,40.8733820639584],[-74.0642431758071,40.8733988148546],[-74.0642614509933,40.8734139713378],[-74.0642820481336,40.8734273022197],[-74.064396413475,40.8734946249076]]}},{"type":"Feature","id":31170,"properties":{"OBJECTID":31170,"PRIMENAME":"Calicooneck Road","ELEVTYP_F":0,"ELEVTYP_T":0},"geometry":{"type":"LineString","coordinates":[[-74.0428661486653,40.8605624442069],[-74.0425777941498,40.8605389840494]]}},{"type":"Feature","id":31196,"properties":{"OBJECTID":31196,"PRIMENAME":"Green Street","ELEVTYP_F":0,"ELEVTYP_T":0},"geometry":{"type":"LineString","coordinates":[[-74.0618916292333,40.8655452258427],[-74.0618319680787,40.8656222691232]]}},{"type":"Feature","id":31351,"properties":{"OBJECTID":31351,"PRIMENAME":"Elm Avenue","ELEVTYP_F":0,"ELEVTYP_T":0},"geometry":{"type":"LineString","coordinates":[[-74.0260681675106,40.8860954476705],[-74.0260510637448,40.8861557658212],[-74.0254329506569,40.8876224218825],[-74.025404287424,40.8876905984334]]}},{"type":"Feature","id":31382,"properties":{"OBJECTID":31382,"PRIMENAME":"East Pleasant Avenue","ELEVTYP_F":0,"ELEVTYP_T":0},"geometry":{"type":"LineString","coordinates":[[-74.0592077189175,40.9023848481874],[-74.061232821331,40.9035911714323],[-74.0613320269983,40.9036561364491]]}},{"type":"Feature","id":31432,"properties":{"OBJECTID":31432,"PRIMENAME":"Vreeland Avenue","ELEVTYP_F":0,"ELEVTYP_T":0},"geometry":{"type":"LineString","coordinates":[[-74.0436527814483,40.8656544970431],[-74.0432491711188,40.8657465841275],[-74.043234239702,40.8657500075089]]}},{"type":"Feature","id":31451,"properties":{"OBJECTID":31451,"PRIMENAME":"South Prospect Avenue","ELEVTYP_F":0,"ELEVTYP_T":0},"geometry":{"type":"LineString","coordinates":[[-74.0600449844523,40.8816552898577],[-74.0598022134013,40.8818879575263],[-74.0594614423582,40.882216872389]]}},{"type":"Feature","id":31515,"properties":{"OBJECTID":31515,"PRIMENAME":"Kinderkamack Road","ELEVTYP_F":0,"ELEVTYP_T":0},"geometry":{"type":"LineString","coordinates":[[-74.0381231961278,40.9079047556569],[-74.0380147356956,40.9079423727523],[-74.0373384589332,40.908176919723],[-74.037287502329,40.9081945914778],[-74.0372129325087,40.9082227469094],[-74.0371396231327,40.9082527471606],[-74.0370676534676,40.9082845597937],[-74.0369971013316,40.9083181504117],[-74.0369280430109,40.908353482695],[-74.0368605531766,40.9083905184408],[-74.0367947048043,40.9084292176043],[-74.0367305690951,40.9084695383422]]}},{"type":"Feature","id":31536,"properties":{"OBJECTID":31536,"PRIMENAME":"East Anderson Street","ELEVTYP_F":0,"ELEVTYP_T":0},"geometry":{"type":"LineString","coordinates":[[-74.0383344206826,40.8920510879234],[-74.0378925832026,40.8920462490853],[-74.0374509183033,40.8920357046497],[-74.0372535370312,40.8920292158948],[-74.0370100586555,40.8920188702777],[-74.036766814887,40.8920057258772],[-74.0365035057435,40.8919883230919],[-74.0362406088668,40.891967640768],[-74.0361169221942,40.8919577504472]]}},{"type":"Feature","id":31567,"properties":{"OBJECTID":31567,"PRIMENAME":"Third Street","ELEVTYP_F":0,"ELEVTYP_T":0},"geometry":{"type":"LineString","coordinates":[[-74.0293345371826,40.8653744842092],[-74.0296590879747,40.8647404906507],[-74.0300166467162,40.8640102001859],[-74.0303709514425,40.8632865387724]]}},{"type":"Feature","id":31622,"properties":{"OBJECTID":31622,"PRIMENAME":"Fischer Avenue","ELEVTYP_F":0,"ELEVTYP_T":0},"geometry":{"type":"LineString","coordinates":[[-74.0264004380338,40.8707683379533],[-74.0267084230045,40.8701478173054]]}},{"type":"Feature","id":31639,"properties":{"OBJECTID":31639,"PRIMENAME":"West Fort Lee Road","ELEVTYP_F":0,"ELEVTYP_T":0},"geometry":{"type":"LineString","coordinates":[[-74.0314075436782,40.876628895624],[-74.0309672296821,40.8765197185347],[-74.0300482959829,40.8762918589449]]}},{"type":"Feature","id":31726,"properties":{"OBJECTID":31726,"PRIMENAME":"Sub Lane","ELEVTYP_F":0,"ELEVTYP_T":0},"geometry":{"type":"LineString","coordinates":[[-74.0322422552837,40.892621510864],[-74.0318591935293,40.8937701471787],[-74.0317110021733,40.8938410262009]]}},{"type":"Feature","id":31813,"properties":{"OBJECTID":31813,"PRIMENAME":"East Passaic Street","ELEVTYP_F":0,"ELEVTYP_T":0},"geometry":{"type":"LineString","coordinates":[[-74.0572424261592,40.8999674375377],[-74.0573418781267,40.9000266433414],[-74.0586662602197,40.9008210232649],[-74.0587292822352,40.9008587054264]]}},{"type":"Feature","id":31921,"properties":{"OBJECTID":31921,"PRIMENAME":"Railroad Avenue","ELEVTYP_F":0,"ELEVTYP_T":0},"geometry":{"type":"LineString","coordinates":[[-74.0447331222895,40.8925019052683],[-74.0442722663405,40.8934545361181]]}},{"type":"Feature","id":32034,"properties":{"OBJECTID":32034,"PRIMENAME":"Hackensack Avenue","ELEVTYP_F":0,"ELEVTYP_T":0},"geometry":{"type":"LineString","coordinates":[[-74.0375551465966,40.8980332591588],[-74.0374077333316,40.898235568091],[-74.0371916890195,40.898532064451],[-74.0371077275108,40.8986564576073]]}},{"type":"Feature","id":32093,"properties":{"OBJECTID":32093,"PRIMENAME":"Terhune Street","ELEVTYP_F":0,"ELEVTYP_T":0},"geometry":{"type":"LineString","coordinates":[[-74.0247500233624,40.8840290718201],[-74.0244411765162,40.8839549753169]]}},{"type":"Feature","id":32131,"properties":{"OBJECTID":32131,"PRIMENAME":"Vreeland Avenue","ELEVTYP_F":0,"ELEVTYP_T":0},"geometry":{"type":"LineString","coordinates":[[-74.0411609536366,40.8662237949505],[-74.0403316874521,40.8664097022433]]}},{"type":"Feature","id":32258,"properties":{"OBJECTID":32258,"PRIMENAME":"Cambridge Terrace","ELEVTYP_F":0,"ELEVTYP_T":0},"geometry":{"type":"LineString","coordinates":[[-74.0598159521383,40.8867400618529],[-74.0602619891483,40.8862989586329],[-74.0602856454782,40.8862788888104],[-74.0603111604009,40.8862601762295],[-74.0603383990883,40.8862429197715],[-74.060367217604,40.8862272106235],[-74.0603974636638,40.8862131317959],[-74.0604289774402,40.8862007576844],[-74.0604615924072,40.8861901536761],[-74.0604951362202,40.8861813758051],[-74.0605498510938,40.8861713061083],[-74.0606033726567,40.8861661973802],[-74.0606573101737,40.8861656020149],[-74.0607110048677,40.8861695272839],[-74.0607638009273,40.8861779252452],[-74.0609006962236,40.886216710724]]}},{"type":"Feature","id":32314,"properties":{"OBJECTID":32314,"PRIMENAME":"Cedar Avenue","ELEVTYP_F":0,"ELEVTYP_T":0},"geometry":{"type":"LineString","coordinates":[[-74.0452904623567,40.9063109875227],[-74.0462345141821,40.9068594915],[-74.0462912318408,40.9068931751178]]}},{"type":"Feature","id":32353,"properties":{"OBJECTID":32353,"PRIMENAME":"Hartwich Street","ELEVTYP_F":0,"ELEVTYP_T":0},"geometry":{"type":"LineString","coordinates":[[-74.0607835600609,40.8987785063969],[-74.0586623503132,40.8975720543796],[-74.0585147724499,40.8974881538719]]}},{"type":"Feature","id":32520,"properties":{"OBJECTID":32520,"PRIMENAME":"Polifly Road","ELEVTYP_F":0,"ELEVTYP_T":0},"geometry":{"type":"LineString","coordinates":[[-74.056233255705,40.8784733296517],[-74.0561425063785,40.8785454195287],[-74.0560026201021,40.8786615295852],[-74.0558693940077,40.8787820679186],[-74.0557430712003,40.8789068146085],[-74.0556238821939,40.8790355420556],[-74.0555645627408,40.8791042061287],[-74.05550727432,40.87917385666],[-74.0554520454004,40.8792444590451],[-74.055398903428,40.8793159782064],[-74.0553478748121,40.879388378611],[-74.0552989849124,40.8794616242879],[-74.0552522580262,40.879535678846],[-74.0552077173764,40.8796105054923],[-74.0551572371385,40.8796960629673]]}},{"type":"Feature","id":32537,"properties":{"OBJECTID":32537,"PRIMENAME":"Coles Avenue","ELEVTYP_F":0,"ELEVTYP_T":0},"geometry":{"type":"LineString","coordinates":[[-74.0465251224636,40.9125935180229],[-74.0457444717805,40.9121279811199]]}},{"type":"Feature","id":32554,"properties":{"OBJECTID":32554,"PRIMENAME":"Sinniger Place","ELEVTYP_F":0,"ELEVTYP_T":0},"geometry":{"type":"LineString","coordinates":[[-74.0602674388028,40.8993033463543],[-74.0603697536951,40.8993620660611],[-74.0612284981396,40.8998549775287]]}},{"type":"Feature","id":32666,"properties":{"OBJECTID":32666,"PRIMENAME":"Phillips Avenue","ELEVTYP_F":0,"ELEVTYP_T":0},"geometry":{"type":"LineString","coordinates":[[-74.0441859822396,40.8629830831036],[-74.044057654447,40.8633903923506],[-74.043932473511,40.8637973302228],[-74.043922926654,40.8638305105616],[-74.0439162100903,40.8638640883035],[-74.0439123516281,40.8638979244504],[-74.0439113672442,40.8639318789341],[-74.043913261018,40.8639658111963],[-74.0439180251144,40.8639995807705],[-74.0439256398162,40.8640330478634],[-74.0439360736057,40.8640660739339],[-74.0439538784759,40.8641083621939],[-74.0443795306401,40.8651930347653],[-74.0444876637504,40.8654640860482]]}},{"type":"Feature","id":32705,"properties":{"OBJECTID":32705,"PRIMENAME":"East Magnolia Avenue","ELEVTYP_F":0,"ELEVTYP_T":0},"geometry":{"type":"LineString","coordinates":[[-74.0604120930214,40.8951960538969],[-74.0603709410365,40.8951681302442],[-74.0603287086838,40.8951411514096],[-74.0602854336221,40.8951151414494],[-74.0602411544397,40.895090123556],[-74.0601959106204,40.8950661200373],[-74.0601497425078,40.8950431522964],[-74.0601026912696,40.895021240813],[-74.0600547988607,40.8950004051249],[-74.0599880459889,40.8949721660697],[-74.0599187978828,40.8949476296015],[-74.0598474106278,40.8949269218903],[-74.0597742513082,40.8949101494175],[-74.0596996961193,40.8948973984293],[-74.0596241284334,40.8948887344927],[-74.0595479368287,40.8948842021587],[-74.0594715130912,40.8948838247329],[-74.0591833159905,40.8948896687319]]}},{"type":"Feature","id":32753,"properties":{"OBJECTID":32753,"PRIMENAME":"Larch Avenue","ELEVTYP_F":0,"ELEVTYP_T":0},"geometry":{"type":"LineString","coordinates":[[-74.0318410193047,40.8707073481509],[-74.0320382868528,40.8710341656676],[-74.032110578636,40.8711690868914],[-74.0325587844633,40.8720055979337],[-74.0325808211643,40.8720857838875],[-74.0325838784656,40.8721858225293],[-74.0325728177111,40.8726890348203],[-74.0325610126148,40.872763319978],[-74.0325454311998,40.8728347350243],[-74.0324720188566,40.8730975406222],[-74.0323634435454,40.8734393672483]]}},{"type":"Feature","id":32790,"properties":{"OBJECTID":32790,"PRIMENAME":"Porter Avenue","ELEVTYP_F":0,"ELEVTYP_T":0},"geometry":{"type":"LineString","coordinates":[[-74.0666630837454,40.8851073813693],[-74.0664849782981,40.8851108069546],[-74.0662485796828,40.8851379303435],[-74.0661512917145,40.8854307344516]]}},{"type":"Feature","id":32817,"properties":{"OBJECTID":32817,"PRIMENAME":"Pasadena Avenue","ELEVTYP_F":0,"ELEVTYP_T":0},"geometry":{"type":"LineString","coordinates":[[-74.0638757221034,40.870331885971],[-74.0639907928776,40.8703911723657]]}},{"type":"Feature","id":32821,"properties":{"OBJECTID":32821,"PRIMENAME":"Beech Street","ELEVTYP_F":0,"ELEVTYP_T":0},"geometry":{"type":"LineString","coordinates":[[-74.0552701416223,40.8865529400264],[-74.0549103407138,40.8863410426122],[-74.054419088453,40.8860400303554]]}},{"type":"Feature","id":32875,"properties":{"OBJECTID":32875,"PRIMENAME":"James Street","ELEVTYP_F":0,"ELEVTYP_T":0},"geometry":{"type":"LineString","coordinates":[[-74.0483890354117,40.8915520112782],[-74.048357033606,40.8915328632936],[-74.0462284679321,40.8902592317329]]}},{"type":"Feature","id":33024,"properties":{"OBJECTID":33024,"PRIMENAME":"Wilson Street","ELEVTYP_F":0,"ELEVTYP_T":0},"geometry":{"type":"LineString","coordinates":[[-74.0455026124,40.9092025042237],[-74.0463902995829,40.9083323170204]]}},{"type":"Feature","id":33042,"properties":{"OBJECTID":33042,"PRIMENAME":"Hasbrouck Avenue","ELEVTYP_F":0,"ELEVTYP_T":0},"geometry":{"type":"LineString","coordinates":[[-74.0684678701994,40.8629315450796],[-74.0680387977798,40.8633945493538],[-74.0679921467584,40.8634571787007]]}},{"type":"Feature","id":33093,"properties":{"OBJECTID":33093,"PRIMENAME":"Temple Avenue","ELEVTYP_F":0,"ELEVTYP_T":0},"geometry":{"type":"LineString","coordinates":[[-74.0371077275108,40.8986564576073],[-74.0372822131619,40.8987379682347],[-74.0374037308172,40.8988100920916],[-74.0394588399387,40.9000297980149],[-74.0399552229073,40.9003136173395],[-74.0413930752136,40.9011357233905]]}},{"type":"Feature","id":33133,"properties":{"OBJECTID":33133,"PRIMENAME":"Demarest Place","ELEVTYP_F":0,"ELEVTYP_T":0},"geometry":{"type":"LineString","coordinates":[[-74.0678413659065,40.8902784753135],[-74.0683644797752,40.8905502901105]]}},{"type":"Feature","id":33245,"properties":{"OBJECTID":33245,"PRIMENAME":"Second Street","ELEVTYP_F":0,"ELEVTYP_T":1},"geometry":{"type":"LineString","coordinates":[[-74.0298600515467,40.8667035331054],[-74.0297738262479,40.8668858028733]]}},{"type":"Feature","id":33251,"properties":{"OBJECTID":33251,"PRIMENAME":"River Road","ELEVTYP_F":0,"ELEVTYP_T":0},"geometry":{"type":"LineString","coordinates":[[-74.0311557488903,40.8898344451182],[-74.0312684209434,40.8907210768629]]}},{"type":"Feature","id":33272,"properties":{"OBJECTID":33272,"PRIMENAME":"Esplanade","ELEVTYP_F":0,"ELEVTYP_T":0},"geometry":{"type":"LineString","coordinates":[[-74.058207026418,40.8980273420071],[-74.0580726641924,40.8982673935993]]}},{"type":"Feature","id":33315,"properties":{"OBJECTID":33315,"PRIMENAME":"Hackensack Avenue","ELEVTYP_F":0,"ELEVTYP_T":0},"geometry":{"type":"LineString","coordinates":[[-74.0336355668797,40.9041259418173],[-74.0336141457673,40.9041607574703],[-74.0335541687181,40.9042582342599],[-74.0335001809843,40.9043933680323],[-74.0334971119,40.9044058104245],[-74.033460484931,40.9045542247785]]}},{"type":"Feature","id":33405,"properties":{"OBJECTID":33405,"PRIMENAME":"Beech Street","ELEVTYP_F":0,"ELEVTYP_T":0},"geometry":{"type":"LineString","coordinates":[[-74.0605388251924,40.8898088643501],[-74.0602953902151,40.8895748373099],[-74.0602607604661,40.8895425265597],[-74.0602246486286,40.8895111641162],[-74.0601870997621,40.8894807891107],[-74.0601481607188,40.8894514394425]]}},{"type":"Feature","id":33412,"properties":{"OBJECTID":33412,"PRIMENAME":"Hackensack Avenue","ELEVTYP_F":1,"ELEVTYP_T":1},"geometry":{"type":"LineString","coordinates":[[-74.0333370173804,40.9061584083963],[-74.0333597161302,40.9059865312028]]}},{"type":"Feature","id":33488,"properties":{"OBJECTID":33488,"PRIMENAME":"Davis Avenue","ELEVTYP_F":0,"ELEVTYP_T":0},"geometry":{"type":"LineString","coordinates":[[-74.0466273733412,40.9112590093022],[-74.0476545392407,40.9118616285815]]}},{"type":"Feature","id":33568,"properties":{"OBJECTID":33568,"PRIMENAME":"River Road","ELEVTYP_F":0,"ELEVTYP_T":0},"geometry":{"type":"LineString","coordinates":[[-74.0315911127704,40.8847699720634],[-74.0314832883569,40.885335210254],[-74.031430714325,40.885610038965]]}},{"type":"Feature","id":33605,"properties":{"OBJECTID":33605,"PRIMENAME":"Johnson Avenue","ELEVTYP_F":0,"ELEVTYP_T":0},"geometry":{"type":"LineString","coordinates":[[-74.0395778080371,40.9072988937729],[-74.0394742884205,40.9075189250251],[-74.039091652239,40.9082161449572]]}},{"type":"Feature","id":33801,"properties":{"OBJECTID":33801,"PRIMENAME":"River Road","ELEVTYP_F":0,"ELEVTYP_T":0},"geometry":{"type":"LineString","coordinates":[[-74.0261554127413,40.9000824370461],[-74.0255484230159,40.9006223662382],[-74.0255452044857,40.9006256418606],[-74.0255444620654,40.9006263916786],[-74.025478216673,40.9006949558353],[-74.0254139139927,40.9007645766555]]}},{"type":"Feature","id":33802,"properties":{"OBJECTID":33802,"PRIMENAME":"Summit Avenue","ELEVTYP_F":0,"ELEVTYP_T":0},"geometry":{"type":"LineString","coordinates":[[-74.0529848918493,40.8974389093346],[-74.0530562722888,40.897282167564],[-74.0531318002793,40.8971265489692],[-74.0532114451256,40.8969721167355],[-74.0532951744617,40.8968189335658],[-74.0536373655149,40.8961762429299],[-74.0538527112812,40.8957400557276],[-74.0538864081048,40.8956726057857]]}},{"type":"Feature","id":33808,"properties":{"OBJECTID":33808,"PRIMENAME":"Lincoln Place","ELEVTYP_F":0,"ELEVTYP_T":0},"geometry":{"type":"LineString","coordinates":[[-74.0256379923014,40.8926825599967],[-74.0259550489406,40.8920938135251],[-74.0259821670288,40.89203946594]]}},{"type":"Feature","id":33822,"properties":{"OBJECTID":33822,"PRIMENAME":"Chestnut Avenue","ELEVTYP_F":0,"ELEVTYP_T":0},"geometry":{"type":"LineString","coordinates":[[-74.0267668286075,40.8687349062361],[-74.0260357477107,40.8685338016535],[-74.0243855094881,40.8680746427936]]}},{"type":"Feature","id":33826,"properties":{"OBJECTID":33826,"PRIMENAME":"Beech Street","ELEVTYP_F":0,"ELEVTYP_T":0},"geometry":{"type":"LineString","coordinates":[[-74.0636933302487,40.891381528198],[-74.0640504129669,40.8915932500371],[-74.0644143933946,40.891809060175]]}},{"type":"Feature","id":33943,"properties":{"OBJECTID":33943,"PRIMENAME":"Gamewell Street","ELEVTYP_F":0,"ELEVTYP_T":0},"geometry":{"type":"LineString","coordinates":[[-74.0486291033095,40.8853993021928],[-74.0485368057125,40.8853721778805],[-74.0474309295561,40.8850471255969]]}},{"type":"Feature","id":33998,"properties":{"OBJECTID":33998,"PRIMENAME":"Hobart Street","ELEVTYP_F":0,"ELEVTYP_T":0},"geometry":{"type":"LineString","coordinates":[[-74.051163042661,40.8738374347386],[-74.0512132714544,40.8731788445988]]}},{"type":"Feature","id":34074,"properties":{"OBJECTID":34074,"PRIMENAME":"Essex Street","ELEVTYP_F":0,"ELEVTYP_T":0},"geometry":{"type":"LineString","coordinates":[[-74.0459605199959,40.8783935742514],[-74.0459591090958,40.878393596615],[-74.0457837692767,40.8783957061273]]}},{"type":"Feature","id":34202,"properties":{"OBJECTID":34202,"PRIMENAME":"Hackensack Avenue","ELEVTYP_F":0,"ELEVTYP_T":0},"geometry":{"type":"LineString","coordinates":[[-74.0331649821587,40.9116643966316],[-74.0331329557306,40.911717932731],[-74.0330967855612,40.9117699277323],[-74.0330228958019,40.9118435674756],[-74.032952924078,40.9119193778287],[-74.032886981071,40.9119972388895],[-74.0328251710913,40.9120770275119],[-74.0328008314956,40.9121265623369],[-74.0327799722135,40.9121770027035],[-74.0327626514049,40.9122282079928],[-74.0327489173654,40.9122800354535],[-74.0327388083916,40.9123323405993],[-74.0327323526745,40.9123849776116],[-74.03272956822,40.9124377997468],[-74.0327304627998,40.9124906597444],[-74.0327337306186,40.9127152905552]]}},{"type":"Feature","id":34338,"properties":{"OBJECTID":34338,"PRIMENAME":"State Highway 17","ELEVTYP_F":0,"ELEVTYP_T":0},"geometry":{"type":"LineString","coordinates":[[-74.0644619092232,40.8654211156215],[-74.064492649621,40.8648460828227],[-74.064513898289,40.8644780383476],[-74.0645594581513,40.8641457698585],[-74.0645682730308,40.8640814897343],[-74.0646506616104,40.8637243810551],[-74.0647944135158,40.8633389286962],[-74.0648661008136,40.8631747493926],[-74.0649663298608,40.862964288347],[-74.0651138551122,40.8627253754582],[-74.0653137604263,40.8623937153782],[-74.0655181541507,40.8620942708749],[-74.0655509025899,40.8620458633151]]}},{"type":"Feature","id":34510,"properties":{"OBJECTID":34510,"PRIMENAME":"Hobart Street","ELEVTYP_F":0,"ELEVTYP_T":0},"geometry":{"type":"LineString","coordinates":[[-74.0511122582712,40.8745032974179],[-74.0511195993101,40.8744069506454],[-74.051163042661,40.8738374347386]]}},{"type":"Feature","id":34597,"properties":{"OBJECTID":34597,"PRIMENAME":"Byron Place","ELEVTYP_F":0,"ELEVTYP_T":0},"geometry":{"type":"LineString","coordinates":[[-74.0610796332518,40.8970144782969],[-74.0611164431479,40.8969983866504],[-74.0611520040143,40.89698075183],[-74.0611862036131,40.8969616294956],[-74.0612189340035,40.8969410800017],[-74.0612500918818,40.8969191682076],[-74.0612795789081,40.896895963272],[-74.0613073020161,40.896871538435],[-74.0613331737074,40.8968459707871],[-74.0613834782343,40.8967899648284],[-74.0614281440076,40.8967312706809],[-74.0614669227741,40.8966702145879],[-74.0614995990043,40.8966071359201],[-74.0615052478831,40.8965680906883],[-74.0615156889171,40.8965296181766],[-74.0615308303988,40.8964920562737],[-74.0615505393386,40.8964557348708],[-74.0615746426341,40.8964209729635],[-74.0616029285898,40.8963880758504],[-74.0616351487768,40.8963573324523],[-74.0616710202147,40.8963290127743],[-74.0616959258638,40.8963152167795],[-74.0617221053548,40.8963028531097],[-74.06174941591,40.8962919891939],[-74.061777708583,40.8962826842813],[-74.0618068290717,40.896274989119],[-74.0618366185591,40.8962689456747],[-74.0618669145801,40.8962645869078],[-74.0618975519069,40.8962619365902],[-74.0619418572967,40.8962611579505],[-74.0619860219089,40.8962639467737]]}},{"type":"Feature","id":34613,"properties":{"OBJECTID":34613,"PRIMENAME":"Maiden Lane","ELEVTYP_F":0,"ELEVTYP_T":0},"geometry":{"type":"LineString","coordinates":[[-74.0412583407167,40.8711348429131],[-74.0406266603434,40.8710241867048]]}},{"type":"Feature","id":34695,"properties":{"OBJECTID":34695,"PRIMENAME":"Hollister Road","ELEVTYP_F":0,"ELEVTYP_T":0},"geometry":{"type":"LineString","coordinates":[[-74.0585266976894,40.8618696496679],[-74.0584502740369,40.8619827229005],[-74.0578095085655,40.8626264842201],[-74.0569678203526,40.8634638947098],[-74.0563144381142,40.8641143506449],[-74.055719675932,40.8647064338293],[-74.0555477692733,40.8648775636182],[-74.055113768224,40.8653095974404],[-74.0544085598885,40.8660045305519]]}},{"type":"Feature","id":34862,"properties":{"OBJECTID":34862,"PRIMENAME":"Lasalle Avenue","ELEVTYP_F":0,"ELEVTYP_T":0},"geometry":{"type":"LineString","coordinates":[[-74.0698987290791,40.8637899915037],[-74.0698398635266,40.8637121994757],[-74.0685639986627,40.8629890549313],[-74.0684678701994,40.8629315450796]]}},{"type":"Feature","id":34910,"properties":{"OBJECTID":34910,"PRIMENAME":"Kenneth Street","ELEVTYP_F":0,"ELEVTYP_T":0},"geometry":{"type":"LineString","coordinates":[[-74.0584644609226,40.8746915963311],[-74.0589373065256,40.8742035973109],[-74.0590234755821,40.8741012870548]]}},{"type":"Feature","id":34952,"properties":{"OBJECTID":34952,"PRIMENAME":"Cumberland Avenue","ELEVTYP_F":0,"ELEVTYP_T":0},"geometry":{"type":"LineString","coordinates":[[-74.0249286719896,40.8939996784002],[-74.0248941062802,40.8939904377691],[-74.0248593172175,40.8939816931056],[-74.0248243171587,40.8939734475157],[-74.0247891185358,40.8939657039283],[-74.0247537338514,40.8939584650939],[-74.0247181756744,40.8939517335837],[-74.0246824566349,40.8939455117888],[-74.0246465894204,40.8939398019191],[-74.0245975517928,40.8939388378506],[-74.0245485697844,40.8939368207631],[-74.0244996826571,40.8939337522736],[-74.0244509295965,40.8939296348415]]}},{"type":"Feature","id":35015,"properties":{"OBJECTID":35015,"PRIMENAME":"South Summit Avenue","ELEVTYP_F":0,"ELEVTYP_T":0},"geometry":{"type":"LineString","coordinates":[[-74.0608660615947,40.883051886372],[-74.061379035245,40.8825564003585],[-74.0614482822794,40.8824897424381]]}},{"type":"Feature","id":35020,"properties":{"OBJECTID":35020,"PRIMENAME":"West Fort Lee Road","ELEVTYP_F":0,"ELEVTYP_T":0},"geometry":{"type":"LineString","coordinates":[[-74.0326340116139,40.8769094088912],[-74.0319881693805,40.8767546381477],[-74.0314075436782,40.876628895624]]}},{"type":"Feature","id":35047,"properties":{"OBJECTID":35047,"PRIMENAME":"Lodi Street","ELEVTYP_F":0,"ELEVTYP_T":0},"geometry":{"type":"LineString","coordinates":[[-74.0435539435757,40.8733977551823],[-74.0434043385804,40.8733668309811],[-74.0427272808468,40.8732247613909],[-74.0426522458073,40.8732090092239]]}},{"type":"Feature","id":35245,"properties":{"OBJECTID":35245,"PRIMENAME":"Kansas Street","ELEVTYP_F":0,"ELEVTYP_T":0},"geometry":{"type":"LineString","coordinates":[[-74.0476685241117,40.8770882868298],[-74.0465453053611,40.8769938700357],[-74.046494263129,40.8769868791866],[-74.0464436392693,40.8769783131646],[-74.0463935181208,40.8769681862406],[-74.0463439831842,40.876956515286]]}},{"type":"Feature","id":35263,"properties":{"OBJECTID":35263,"PRIMENAME":"Oswego Place","ELEVTYP_F":0,"ELEVTYP_T":0},"geometry":{"type":"LineString","coordinates":[[-74.0413995241053,40.9131165795882],[-74.040504080696,40.9131077171899]]}},{"type":"Feature","id":35270,"properties":{"OBJECTID":35270,"PRIMENAME":"Division Place","ELEVTYP_F":0,"ELEVTYP_T":0},"geometry":{"type":"LineString","coordinates":[[-74.0503574033126,40.8729958819597],[-74.0499806941299,40.8730355514289],[-74.0496036685128,40.8730734503784]]}},{"type":"Feature","id":35465,"properties":{"OBJECTID":35465,"PRIMENAME":"Lexington Avenue","ELEVTYP_F":0,"ELEVTYP_T":0},"geometry":{"type":"LineString","coordinates":[[-74.050361769059,40.8763487351217],[-74.0497491484301,40.8762971004095],[-74.0490667529397,40.8762372574673],[-74.048975710701,40.8762292709793]]}},{"type":"Feature","id":35499,"properties":{"OBJECTID":35499,"PRIMENAME":"Phillips Avenue","ELEVTYP_F":1,"ELEVTYP_T":1},"geometry":{"type":"LineString","coordinates":[[-74.0448509487641,40.8670733718598],[-74.0449137978435,40.867230849538]]}},{"type":"Feature","id":36184,"properties":{"OBJECTID":36184,"PRIMENAME":"Main Street","ELEVTYP_F":0,"ELEVTYP_T":0},"geometry":{"type":"LineString","coordinates":[[-74.0394380718924,40.8921595059332],[-74.0393543422661,40.8930343654122]]}},{"type":"Feature","id":36317,"properties":{"OBJECTID":36317,"PRIMENAME":"Pangborn Place","ELEVTYP_F":0,"ELEVTYP_T":0},"geometry":{"type":"LineString","coordinates":[[-74.0420273850806,40.8928506963581],[-74.0424152020323,40.8924655297277],[-74.0424826543277,40.8923985466196]]}},{"type":"Feature","id":36409,"properties":{"OBJECTID":36409,"PRIMENAME":"Summit Avenue","ELEVTYP_F":0,"ELEVTYP_T":0},"geometry":{"type":"LineString","coordinates":[[-74.0515930235571,40.9035993299123],[-74.0512069893598,40.9047088650681],[-74.0511825993892,40.9047792870736]]}},{"type":"Feature","id":36426,"properties":{"OBJECTID":36426,"PRIMENAME":"US Highway 46","ELEVTYP_F":1,"ELEVTYP_T":0},"geometry":{"type":"LineString","coordinates":[[-74.0632501874311,40.866451982638],[-74.0633054374533,40.8665235053297],[-74.0634647364432,40.8667183137174]]}},{"type":"Feature","id":36584,"properties":{"OBJECTID":36584,"PRIMENAME":"Catalpa Avenue","ELEVTYP_F":0,"ELEVTYP_T":0},"geometry":{"type":"LineString","coordinates":[[-74.029320750994,40.8868712547322],[-74.0291765702982,40.8872247350149],[-74.0289950167846,40.8876662027723]]}},{"type":"Feature","id":36649,"properties":{"OBJECTID":36649,"PRIMENAME":"Forest Avenue","ELEVTYP_F":0,"ELEVTYP_T":0},"geometry":{"type":"LineString","coordinates":[[-74.0248690243625,40.9015273719323],[-74.0247262726328,40.9014914833958],[-74.0234990722115,40.9011790153292],[-74.0234736413988,40.9011689518088]]}},{"type":"Feature","id":36661,"properties":{"OBJECTID":36661,"PRIMENAME":"East Leuning Street","ELEVTYP_F":0,"ELEVTYP_T":0},"geometry":{"type":"LineString","coordinates":[[-74.0475047961678,40.8716501326076],[-74.0486501848273,40.8719245065968],[-74.0486752695324,40.8719367642448],[-74.0487003307597,40.8719524808842],[-74.0487381391345,40.8719815605124]]}},{"type":"Feature","id":36663,"properties":{"OBJECTID":36663,"PRIMENAME":"Interstate 80","ELEVTYP_F":0,"ELEVTYP_T":0},"geometry":{"type":"LineString","coordinates":[[-74.0538710215262,40.8683883859292],[-74.0540419116524,40.8684473496849],[-74.0542767021382,40.8685376325094],[-74.054563213201,40.8686530937184],[-74.0547977407162,40.8687612444842],[-74.0550840874709,40.8689017099014],[-74.0552717662438,40.8690025689837],[-74.0555391073659,40.8691572619471],[-74.0556893330446,40.869246332551],[-74.0557454474063,40.8692796023206],[-74.0558390446498,40.869339427429]]}},{"type":"Feature","id":36702,"properties":{"OBJECTID":36702,"PRIMENAME":"Demarest Place","ELEVTYP_F":0,"ELEVTYP_T":0},"geometry":{"type":"LineString","coordinates":[[-74.0649169462275,40.889006841113],[-74.0649840748979,40.8890793135282],[-74.0652366043654,40.8893519047747]]}},{"type":"Feature","id":36778,"properties":{"OBJECTID":36778,"PRIMENAME":"Catalpa Avenue","ELEVTYP_F":0,"ELEVTYP_T":0},"geometry":{"type":"LineString","coordinates":[[-74.0437094913731,40.9067565581217],[-74.043165919044,40.9064363790897],[-74.0429090748327,40.9062844997405]]}},{"type":"Feature","id":36953,"properties":{"OBJECTID":36953,"PRIMENAME":"2nd Place","ELEVTYP_F":0,"ELEVTYP_T":0},"geometry":{"type":"LineString","coordinates":[[-74.0248368273185,40.8754619040451],[-74.0246406782302,40.8760434071999],[-74.0244289835825,40.8766743915463]]}},{"type":"Feature","id":36991,"properties":{"OBJECTID":36991,"PRIMENAME":"Oak Avenue","ELEVTYP_F":0,"ELEVTYP_T":0},"geometry":{"type":"LineString","coordinates":[[-74.0651679270972,40.8997919412208],[-74.0651105997291,40.8998672933368],[-74.0646252747935,40.900505003465]]}},{"type":"Feature","id":37525,"properties":{"OBJECTID":37525,"PRIMENAME":"Passaic Street","ELEVTYP_F":0,"ELEVTYP_T":0},"geometry":{"type":"LineString","coordinates":[[-74.0503000694716,40.8958296322359],[-74.0504734779412,40.8959327215361],[-74.0505797952371,40.8959965159194]]}},{"type":"Feature","id":37590,"properties":{"OBJECTID":37590,"PRIMENAME":"Wilson Avenue","ELEVTYP_F":0,"ELEVTYP_T":0},"geometry":{"type":"LineString","coordinates":[[-74.0258865719091,40.8957727816992],[-74.0263025461213,40.8951528475494]]}},{"type":"Feature","id":37722,"properties":{"OBJECTID":37722,"PRIMENAME":"Main Street","ELEVTYP_F":0,"ELEVTYP_T":0},"geometry":{"type":"LineString","coordinates":[[-74.0425346873126,40.9034861552859],[-74.0423587499658,40.9043838993508],[-74.0422090423961,40.9052332715381],[-74.0421526429137,40.9055532433475]]}},{"type":"Feature","id":37744,"properties":{"OBJECTID":37744,"PRIMENAME":"Lawrence Street","ELEVTYP_F":0,"ELEVTYP_T":0},"geometry":{"type":"LineString","coordinates":[[-74.0492859209139,40.8840399978632],[-74.0492100064978,40.8840238079607],[-74.0479967492268,40.8837652634196],[-74.0478755413353,40.8837354635437],[-74.0477570052379,40.8837000095715],[-74.0468084560466,40.8834062566937]]}},{"type":"Feature","id":37920,"properties":{"OBJECTID":37920,"PRIMENAME":"Moore Street","ELEVTYP_F":0,"ELEVTYP_T":0},"geometry":{"type":"LineString","coordinates":[[-74.0433791770392,40.8794285749226],[-74.0433758309245,40.8794907124929],[-74.0433695983877,40.8795527217667],[-74.0433604871817,40.8796145255268],[-74.0433485086443,40.8796760468118],[-74.0432317846868,40.8801889978082]]}},{"type":"Feature","id":37935,"properties":{"OBJECTID":37935,"PRIMENAME":"Maple Hill Drive","ELEVTYP_F":0,"ELEVTYP_T":0},"geometry":{"type":"LineString","coordinates":[[-74.0561945145681,40.894315467651],[-74.0561755490062,40.8943430677741],[-74.0561588575827,40.8943715011997],[-74.0561445035661,40.8944006601563],[-74.056132541366,40.894430434122],[-74.0559901950222,40.8947124497225]]}},{"type":"Feature","id":38240,"properties":{"OBJECTID":38240,"PRIMENAME":"Terrace Avenue","ELEVTYP_F":0,"ELEVTYP_T":0},"geometry":{"type":"LineString","coordinates":[[-74.0651403026173,40.8688361911328],[-74.0644845254826,40.869618304826]]}},{"type":"Feature","id":38391,"properties":{"OBJECTID":38391,"PRIMENAME":"Green Street","ELEVTYP_F":0,"ELEVTYP_T":0},"geometry":{"type":"LineString","coordinates":[[-74.0543666608032,40.875231412895],[-74.0540562518381,40.8756451334259],[-74.0539005466914,40.8758526573998]]}},{"type":"Feature","id":38699,"properties":{"OBJECTID":38699,"PRIMENAME":"Elm Avenue","ELEVTYP_F":0,"ELEVTYP_T":0},"geometry":{"type":"LineString","coordinates":[[-74.0286973225467,40.8796713431804],[-74.0286841666336,40.8797042628277]]}},{"type":"Feature","id":38748,"properties":{"OBJECTID":38748,"PRIMENAME":"Railroad Avenue","ELEVTYP_F":0,"ELEVTYP_T":0},"geometry":{"type":"LineString","coordinates":[[-74.03173269985,40.866983503677],[-74.0317329039678,40.8671086189307]]}},{"type":"Feature","id":38788,"properties":{"OBJECTID":38788,"PRIMENAME":"Boulevard","ELEVTYP_F":0,"ELEVTYP_T":0},"geometry":{"type":"LineString","coordinates":[[-74.0660743874683,40.8747931961155],[-74.0660968352742,40.8747671415274],[-74.0662390950457,40.8745793188411]]}},{"type":"Feature","id":38836,"properties":{"OBJECTID":38836,"PRIMENAME":"Jersey Avenue","ELEVTYP_F":0,"ELEVTYP_T":0},"geometry":{"type":"LineString","coordinates":[[-74.0580446728743,40.9085322729173],[-74.0578658295067,40.9089668499133],[-74.0578434908567,40.9090020604011],[-74.0578177318301,40.9090358996003],[-74.0577886977311,40.9090681766204],[-74.05775655234,40.909098709383],[-74.0575704425616,40.9092767449227]]}},{"type":"Feature","id":38840,"properties":{"OBJECTID":38840,"PRIMENAME":"Clinton Place","ELEVTYP_F":0,"ELEVTYP_T":0},"geometry":{"type":"LineString","coordinates":[[-74.0407836645916,40.8945879865335],[-74.0409938788057,40.8947120162914],[-74.0428429698634,40.8958030864883],[-74.042892935753,40.8958332589728]]}},{"type":"Feature","id":38869,"properties":{"OBJECTID":38869,"PRIMENAME":"Howcroft Road","ELEVTYP_F":0,"ELEVTYP_T":0},"geometry":{"type":"LineString","coordinates":[[-74.0662783038292,40.8905641711067],[-74.0674447380799,40.8912577809129]]}},{"type":"Feature","id":39012,"properties":{"OBJECTID":39012,"PRIMENAME":"Thompson Street","ELEVTYP_F":0,"ELEVTYP_T":0},"geometry":{"type":"LineString","coordinates":[[-74.0609006962236,40.886216710724],[-74.060939570508,40.8861411263656],[-74.0610111278112,40.8860020376735],[-74.061020838979,40.8859762844476],[-74.061024778175,40.8859496647387],[-74.0610228359416,40.8859229182687],[-74.0610150662576,40.8858967882812],[-74.0610016850371,40.8858720008878],[-74.060983064129,40.8858492448908],[-74.0609597209832,40.8858291526426],[-74.0609323042712,40.8858122824735],[-74.0608364231217,40.8857543207142],[-74.0593499073385,40.8848556757953]]}},{"type":"Feature","id":39023,"properties":{"OBJECTID":39023,"PRIMENAME":"Poplar Avenue","ELEVTYP_F":0,"ELEVTYP_T":0},"geometry":{"type":"LineString","coordinates":[[-74.0455497674616,40.901416240474],[-74.0433202979805,40.9000936828807]]}},{"type":"Feature","id":39089,"properties":{"OBJECTID":39089,"PRIMENAME":"West End Avenue","ELEVTYP_F":0,"ELEVTYP_T":0},"geometry":{"type":"LineString","coordinates":[[-74.028850399949,40.8748357502985],[-74.0280220632066,40.8745958320283]]}},{"type":"Feature","id":39136,"properties":{"OBJECTID":39136,"PRIMENAME":"Interstate 80","ELEVTYP_F":1,"ELEVTYP_T":0},"geometry":{"type":"LineString","coordinates":[[-74.0683085350965,40.8861567274306],[-74.0690548151534,40.886846740698],[-74.0697519980678,40.8874854821285],[-74.0704832014842,40.8881567916415],[-74.0710232444814,40.8886456429782],[-74.0714101008282,40.8890073820662],[-74.0717034133,40.889281098655],[-74.0718995664608,40.8894606588912]]}},{"type":"Feature","id":39148,"properties":{"OBJECTID":39148,"PRIMENAME":"Prospect Avenue North","ELEVTYP_F":0,"ELEVTYP_T":0},"geometry":{"type":"LineString","coordinates":[[-74.0465291272457,40.9020080041983],[-74.0457905486808,40.902735001188],[-74.0457190568533,40.9028042756361]]}},{"type":"Feature","id":39416,"properties":{"OBJECTID":39416,"PRIMENAME":"Burlews Court","ELEVTYP_F":0,"ELEVTYP_T":0},"geometry":{"type":"LineString","coordinates":[[-74.0399277957595,40.901648020275],[-74.0400825647856,40.9017415533775],[-74.0401016052029,40.9017520041793],[-74.0401183868908,40.9017644861642],[-74.0401325370423,40.9017787220447],[-74.0401437413095,40.9017943955701],[-74.0401517507868,40.9018111585521],[-74.0401563875407,40.9018286386002],[-74.0401575485625,40.9018464473933],[-74.0401552080574,40.9018641893074],[-74.0401523372236,40.9018740822745],[-74.0400791325335,40.9024147056955]]}},{"type":"Feature","id":39595,"properties":{"OBJECTID":39595,"PRIMENAME":"Elizabeth Court","ELEVTYP_F":0,"ELEVTYP_T":0},"geometry":{"type":"LineString","coordinates":[[-74.0594689502971,40.9013009343632],[-74.0598761524117,40.900870333815]]}},{"type":"Feature","id":39912,"properties":{"OBJECTID":39912,"PRIMENAME":"Prospect Avenue North","ELEVTYP_F":0,"ELEVTYP_T":0},"geometry":{"type":"LineString","coordinates":[[-74.0457190568533,40.9028042756361],[-74.0449749303423,40.9035252341545],[-74.0449106086444,40.903588059517]]}},{"type":"Feature","id":39925,"properties":{"OBJECTID":39925,"PRIMENAME":"Pangborn Place","ELEVTYP_F":0,"ELEVTYP_T":0},"geometry":{"type":"LineString","coordinates":[[-74.0410647244705,40.8954370422791],[-74.0409847126862,40.8953892910519],[-74.0409685016979,40.8953751320141],[-74.040954703301,40.8953595703079],[-74.0409435261185,40.8953428412186],[-74.0409351391415,40.895325197681],[-74.0409299372633,40.8953081795644],[-74.0409273338241,40.8952908217259],[-74.0409167121859,40.8952404873362],[-74.0408754081701,40.8950447667986],[-74.0408150401258,40.8947587093005],[-74.0407836645916,40.8945879865335]]}},{"type":"Feature","id":40135,"properties":{"OBJECTID":40135,"PRIMENAME":"Larch Avenue","ELEVTYP_F":0,"ELEVTYP_T":0},"geometry":{"type":"LineString","coordinates":[[-74.0283815519462,40.8840021721781],[-74.0283258250665,40.8841386423459],[-74.0280521962675,40.8848084124708]]}},{"type":"Feature","id":40853,"properties":{"OBJECTID":40853,"PRIMENAME":"Interstate 80","ELEVTYP_F":0,"ELEVTYP_T":1},"geometry":{"type":"LineString","coordinates":[[-74.0295955025818,40.8672626704662],[-74.0299666122942,40.8672860599573],[-74.0305324080223,40.8673032964976],[-74.030988976068,40.8673194278714],[-74.0314456919784,40.8673248799779],[-74.0317331903135,40.8673246200626]]}},{"type":"Feature","id":40994,"properties":{"OBJECTID":40994,"PRIMENAME":"River Road","ELEVTYP_F":0,"ELEVTYP_T":0},"geometry":{"type":"LineString","coordinates":[[-74.0311645540524,40.8931423713373],[-74.0311489825934,40.8932070910731],[-74.0311325088333,40.8932716820496],[-74.031115134617,40.8933361370233],[-74.0310968618901,40.893400448766],[-74.0310776315716,40.8934410717773],[-74.0310565964232,40.8934811764136],[-74.0310337806524,40.893520716516],[-74.031009210516,40.8935596465755],[-74.0309906437685,40.8935870014174]]}},{"type":"Feature","id":41099,"properties":{"OBJECTID":41099,"PRIMENAME":"South Summit Avenue","ELEVTYP_F":0,"ELEVTYP_T":0},"geometry":{"type":"LineString","coordinates":[[-74.0624063911193,40.8812165455043],[-74.0627895491701,40.8804944051253]]}},{"type":"Feature","id":41151,"properties":{"OBJECTID":41151,"PRIMENAME":"Jackson Avenue","ELEVTYP_F":0,"ELEVTYP_T":0},"geometry":{"type":"LineString","coordinates":[[-74.0398085814491,40.8675077073593],[-74.039931108146,40.8674838212896],[-74.0402187034754,40.8674277908034],[-74.0403237734042,40.8674108873248],[-74.0404295916466,40.8673969309826],[-74.0405360148146,40.8673859406884],[-74.0406428987012,40.8673779313342],[-74.0407170259323,40.867377595212]]}},{"type":"Feature","id":41383,"properties":{"OBJECTID":41383,"PRIMENAME":"Summit Avenue","ELEVTYP_F":0,"ELEVTYP_T":0},"geometry":{"type":"LineString","coordinates":[[-74.0527429853458,40.8984385532436],[-74.05273284437,40.898488663721],[-74.0525273983852,40.8994717041642]]}},{"type":"Feature","id":41592,"properties":{"OBJECTID":41592,"PRIMENAME":"Parker Avenue","ELEVTYP_F":0,"ELEVTYP_T":0},"geometry":{"type":"LineString","coordinates":[[-74.0594614423582,40.882216872389],[-74.0608660615947,40.883051886372]]}},{"type":"Feature","id":41594,"properties":{"OBJECTID":41594,"PRIMENAME":"Thoma Avenue","ELEVTYP_F":0,"ELEVTYP_T":0},"geometry":{"type":"LineString","coordinates":[[-74.0646252747935,40.900505003465],[-74.0654856813697,40.9010328593305]]}},{"type":"Feature","id":41761,"properties":{"OBJECTID":41761,"PRIMENAME":"Romanelli Avenue","ELEVTYP_F":0,"ELEVTYP_T":0},"geometry":{"type":"LineString","coordinates":[[-74.0548889840417,40.8728252651968],[-74.0549961639218,40.8726853843841],[-74.0553953724138,40.872152264531]]}},{"type":"Feature","id":41768,"properties":{"OBJECTID":41768,"PRIMENAME":"State Street","ELEVTYP_F":0,"ELEVTYP_T":0},"geometry":{"type":"LineString","coordinates":[[-74.0411099601109,40.8903354090837],[-74.0410163104564,40.8904176270097],[-74.0409257785605,40.8905018320864],[-74.0408384376145,40.8905879562484],[-74.0407543582311,40.8906759298789],[-74.0404752976548,40.8909598387249],[-74.0403939064189,40.8910426448216],[-74.0403681740434,40.8910620807603],[-74.0403385289727,40.8910779860192],[-74.0403058023517,40.8910899146688],[-74.0402709117233,40.89109753227],[-74.0402425747189,40.8911003515544],[-74.0402139952497,40.8911003180989],[-74.040185669842,40.8910974324847],[-74.0401580906081,40.8910917448451],[-74.0400091716332,40.8910710584612]]}},{"type":"Feature","id":41865,"properties":{"OBJECTID":41865,"PRIMENAME":"West Passaic Street","ELEVTYP_F":0,"ELEVTYP_T":0},"geometry":{"type":"LineString","coordinates":[[-74.0661607208693,40.9052992078906],[-74.0662055903158,40.9053260297925],[-74.0663596535141,40.9054181245961]]}},{"type":"Feature","id":42568,"properties":{"OBJECTID":42568,"PRIMENAME":"East Fort Lee Road","ELEVTYP_F":0,"ELEVTYP_T":0},"geometry":{"type":"LineString","coordinates":[[-74.0283860853952,40.8758632048142],[-74.0275199852745,40.8756230466006]]}},{"type":"Feature","id":42633,"properties":{"OBJECTID":42633,"PRIMENAME":"Owens Road","ELEVTYP_F":0,"ELEVTYP_T":0},"geometry":{"type":"LineString","coordinates":[[-74.0551744746368,40.8759562860863],[-74.0544994736331,40.875658287004]]}},{"type":"Feature","id":42829,"properties":{"OBJECTID":42829,"PRIMENAME":"South Summit Avenue","ELEVTYP_F":0,"ELEVTYP_T":0},"geometry":{"type":"LineString","coordinates":[[-74.0656671183475,40.8752590651867],[-74.0657186494788,40.8752018244916],[-74.0657611957187,40.8751567310521],[-74.0660743874683,40.8747931961155]]}},{"type":"Feature","id":43265,"properties":{"OBJECTID":43265,"PRIMENAME":"Hudson Street","ELEVTYP_F":0,"ELEVTYP_T":0},"geometry":{"type":"LineString","coordinates":[[-74.0395451836242,40.8668422153766],[-74.0395597531712,40.8668791104685],[-74.0395976702137,40.8669749231096]]}},{"type":"Feature","id":43527,"properties":{"OBJECTID":43527,"PRIMENAME":"Larch Avenue","ELEVTYP_F":0,"ELEVTYP_T":0},"geometry":{"type":"LineString","coordinates":[[-74.0287039806508,40.8832126467718],[-74.0283815519462,40.8840021721781]]}},{"type":"Feature","id":43742,"properties":{"OBJECTID":43742,"PRIMENAME":"Hill Street","ELEVTYP_F":0,"ELEVTYP_T":0},"geometry":{"type":"LineString","coordinates":[[-74.0671987241554,40.9033591220873],[-74.0671317692336,40.9034240077829],[-74.0669847889995,40.9035664126406],[-74.0669701363097,40.9035768816731],[-74.0669563558496,40.9035880116855],[-74.0669434993179,40.9035997609229],[-74.0669316149472,40.9036120853072],[-74.066920747323,40.9036249386028],[-74.0669109372167,40.9036382725895],[-74.066902221432,40.9036520372439],[-74.0668946326678,40.9036661809271],[-74.0668811477205,40.9036861394404],[-74.0668686946728,40.9037064802866],[-74.0668572923196,40.9037271727677],[-74.06684695787,40.9037481856551],[-74.0668273515946,40.9037705086595],[-74.0668065789823,40.9037922159374],[-74.0667846735812,40.9038132724302],[-74.0667616707689,40.9038336441302],[-74.0666673828683,40.9039232689572]]}},{"type":"Feature","id":43786,"properties":{"OBJECTID":43786,"PRIMENAME":"Linden Street","ELEVTYP_F":0,"ELEVTYP_T":0},"geometry":{"type":"LineString","coordinates":[[-74.0458989772934,40.8932020395906],[-74.0456557270858,40.8934383808399]]}},{"type":"Feature","id":44445,"properties":{"OBJECTID":44445,"PRIMENAME":"Oak Street","ELEVTYP_F":0,"ELEVTYP_T":0},"geometry":{"type":"LineString","coordinates":[[-74.0419287340965,40.9069733744997],[-74.0418413726295,40.9069453315153],[-74.0401165603134,40.9063914294284]]}},{"type":"Feature","id":44567,"properties":{"OBJECTID":44567,"PRIMENAME":"Kansas Street","ELEVTYP_F":0,"ELEVTYP_T":0},"geometry":{"type":"LineString","coordinates":[[-74.0520863165186,40.8774722506313],[-74.0518820016587,40.8774543291036],[-74.0513215378495,40.8774051838011]]}},{"type":"Feature","id":44656,"properties":{"OBJECTID":44656,"PRIMENAME":"East Hunter Avenue","ELEVTYP_F":0,"ELEVTYP_T":0},"geometry":{"type":"LineString","coordinates":[[-74.0639582937554,40.8944880925643],[-74.0628943124088,40.8938857799168],[-74.0626463087807,40.8937447709972]]}},{"type":"Feature","id":44849,"properties":{"OBJECTID":44849,"PRIMENAME":"Phillips Avenue","ELEVTYP_F":1,"ELEVTYP_T":0},"geometry":{"type":"LineString","coordinates":[[-74.0449343455615,40.8672823432713],[-74.0450830475122,40.8676548149879],[-74.0450970768655,40.8677073912006],[-74.0451070268134,40.867760500819],[-74.0451128632024,40.8678139615951],[-74.0451145659947,40.8678675900755],[-74.045112129337,40.8679212022311],[-74.045105561581,40.8679746140881],[-74.0450948852544,40.8680276423598],[-74.0450801369842,40.8680801050752],[-74.0450278627362,40.8682281922132]]}},{"type":"Feature","id":45341,"properties":{"OBJECTID":45341,"PRIMENAME":"East Moonachie Road","ELEVTYP_F":0,"ELEVTYP_T":0},"geometry":{"type":"LineString","coordinates":[[-74.0378605215484,40.8626360420446],[-74.037686982222,40.8627022950998],[-74.037655005612,40.8627095885424],[-74.0374504354702,40.8627562465134],[-74.0369924723002,40.862866868902]]}},{"type":"Feature","id":45868,"properties":{"OBJECTID":45868,"PRIMENAME":"Maybrook Drive","ELEVTYP_F":0,"ELEVTYP_T":0},"geometry":{"type":"LineString","coordinates":[[-74.0645388737881,40.8892172448527],[-74.0649169462275,40.889006841113]]}},{"type":"Feature","id":47804,"properties":{"OBJECTID":47804,"PRIMENAME":"Esplanade","ELEVTYP_F":0,"ELEVTYP_T":0},"geometry":{"type":"LineString","coordinates":[[-74.0592062987622,40.8933561628941],[-74.0592049372408,40.8934470419768],[-74.059190981344,40.8943777962393]]}},{"type":"Feature","id":49116,"properties":{"OBJECTID":49116,"PRIMENAME":"South River Street","ELEVTYP_F":0,"ELEVTYP_T":0},"geometry":{"type":"LineString","coordinates":[[-74.0377841582859,40.8673166900169],[-74.0381025090067,40.8681008787261],[-74.0381521878388,40.8682262740189]]}},{"type":"Feature","id":49716,"properties":{"OBJECTID":49716,"PRIMENAME":"Kipp Street","ELEVTYP_F":0,"ELEVTYP_T":0},"geometry":{"type":"LineString","coordinates":[[-74.029320750994,40.8868712547322],[-74.0311084475944,40.8872915391057]]}},{"type":"Feature","id":50010,"properties":{"OBJECTID":50010,"PRIMENAME":"Industrial Avenue","ELEVTYP_F":0,"ELEVTYP_T":0},"geometry":{"type":"LineString","coordinates":[[-74.066275202726,40.8541813985216],[-74.0660968331416,40.8543087243555],[-74.0656419813835,40.8547616316291],[-74.0648877283871,40.8555050865121],[-74.0642243440251,40.8561659540368],[-74.0625640203365,40.8578180595133],[-74.0607444787426,40.8596153729529],[-74.0599142572034,40.8604414298908],[-74.0596931162637,40.8606575175242]]}},{"type":"Feature","id":50341,"properties":{"OBJECTID":50341,"PRIMENAME":"American Legion Drive","ELEVTYP_F":0,"ELEVTYP_T":0},"geometry":{"type":"LineString","coordinates":[[-74.0534985163465,40.88835473278],[-74.0534651636732,40.8883246371129],[-74.0534291147635,40.8882963885858],[-74.0533905467574,40.8882701260061],[-74.0533496491728,40.8882459784225],[-74.0523408448867,40.8876807283605]]}},{"type":"Feature","id":50627,"properties":{"OBJECTID":50627,"PRIMENAME":"Esplanade","ELEVTYP_F":0,"ELEVTYP_T":0},"geometry":{"type":"LineString","coordinates":[[-74.058847929951,40.8966569733479],[-74.0586668483546,40.89716206099],[-74.0586346152692,40.8972438189072]]}},{"type":"Feature","id":51094,"properties":{"OBJECTID":51094,"PRIMENAME":"Oak Street","ELEVTYP_F":0,"ELEVTYP_T":0},"geometry":{"type":"LineString","coordinates":[[-74.0401165603134,40.9063914294284],[-74.0390916640239,40.9060622846228]]}},{"type":"Feature","id":51207,"properties":{"OBJECTID":51207,"PRIMENAME":"Green Street","ELEVTYP_F":0,"ELEVTYP_T":0},"geometry":{"type":"LineString","coordinates":[[-74.0558676858913,40.8732434962285],[-74.0556607843621,40.8735168336939],[-74.0554003430816,40.8738609004835]]}},{"type":"Feature","id":51318,"properties":{"OBJECTID":51318,"PRIMENAME":"Main Street","ELEVTYP_F":0,"ELEVTYP_T":0},"geometry":{"type":"LineString","coordinates":[[-74.0423149774082,40.8849524132071],[-74.0419004337995,40.8857946425309]]}},{"type":"Feature","id":51494,"properties":{"OBJECTID":51494,"PRIMENAME":"Interstate 80","ELEVTYP_F":0,"ELEVTYP_T":1},"geometry":{"type":"LineString","coordinates":[[-74.0389368323795,40.8671949261515],[-74.0392008845567,40.8671916990932],[-74.0396800081357,40.8671829619846]]}},{"type":"Feature","id":51510,"properties":{"OBJECTID":51510,"PRIMENAME":"Maplewood Avenue","ELEVTYP_F":0,"ELEVTYP_T":0},"geometry":{"type":"LineString","coordinates":[[-74.0264676800546,40.8693646853127],[-74.0270208049628,40.8695184206638]]}},{"type":"Feature","id":51687,"properties":{"OBJECTID":51687,"PRIMENAME":"Hackensack Avenue","ELEVTYP_F":0,"ELEVTYP_T":0},"geometry":{"type":"LineString","coordinates":[[-74.0334512370168,40.9127317823397],[-74.0334707838559,40.9131011364378],[-74.0334673510529,40.9131468522452]]}},{"type":"Feature","id":52671,"properties":{"OBJECTID":52671,"PRIMENAME":"James E Hanson Way","ELEVTYP_F":0,"ELEVTYP_T":0},"geometry":{"type":"LineString","coordinates":[[-74.0513143244867,40.8620176070654],[-74.0512053523011,40.8619800165588],[-74.0508786652751,40.8618386431659],[-74.0504465548898,40.8616911204919],[-74.0499355536953,40.8615118593747],[-74.049660849463,40.861403775034],[-74.0493471756288,40.8612803586668]]}},{"type":"Feature","id":53440,"properties":{"OBJECTID":53440,"PRIMENAME":"Prospect Avenue","ELEVTYP_F":0,"ELEVTYP_T":0},"geometry":{"type":"LineString","coordinates":[[-74.0563655520867,40.8871871759268],[-74.0561265819756,40.8876579737721],[-74.0555588045761,40.8887641389934],[-74.0554967231293,40.8888850863891],[-74.055046361799,40.8897714739009]]}},{"type":"Feature","id":53692,"properties":{"OBJECTID":53692,"PRIMENAME":"Lenox Avenue","ELEVTYP_F":0,"ELEVTYP_T":0},"geometry":{"type":"LineString","coordinates":[[-74.0675649421494,40.9012672684307],[-74.0668417650652,40.9008233341456],[-74.0660582733559,40.9003378855462],[-74.0660264937779,40.9003183587764]]}},{"type":"Feature","id":53739,"properties":{"OBJECTID":53739,"PRIMENAME":"Leuning Street","ELEVTYP_F":0,"ELEVTYP_T":0},"geometry":{"type":"LineString","coordinates":[[-74.0487381391345,40.8719815605124],[-74.0488279812378,40.8719894884575],[-74.0490821140113,40.8720119202791],[-74.0491383773542,40.8720179541968],[-74.0491947948491,40.8720230922585],[-74.0492513417427,40.8720273322097],[-74.049307993225,40.8720306721903],[-74.0493843231376,40.8720329747314],[-74.0494605374343,40.8720369072177],[-74.0495365757247,40.8720424665332],[-74.0496123777576,40.8720496482729]]}},{"type":"Feature","id":53804,"properties":{"OBJECTID":53804,"PRIMENAME":"Berry Street","ELEVTYP_F":0,"ELEVTYP_T":0},"geometry":{"type":"LineString","coordinates":[[-74.0552945639239,40.8960867912389],[-74.0551796478397,40.896052997412],[-74.0538864081048,40.8956726057857]]}},{"type":"Feature","id":53876,"properties":{"OBJECTID":53876,"PRIMENAME":"Davis Avenue","ELEVTYP_F":0,"ELEVTYP_T":0},"geometry":{"type":"LineString","coordinates":[[-74.0455990482131,40.9106488007257],[-74.0466273733412,40.9112590093022]]}},{"type":"Feature","id":53927,"properties":{"OBJECTID":53927,"PRIMENAME":"Coles Street","ELEVTYP_F":0,"ELEVTYP_T":0},"geometry":{"type":"LineString","coordinates":[[-74.0550034683298,40.9077513124861],[-74.0544464787772,40.9082942221621]]}},{"type":"Feature","id":55244,"properties":{"OBJECTID":55244,"PRIMENAME":"Conklin Place","ELEVTYP_F":0,"ELEVTYP_T":0},"geometry":{"type":"LineString","coordinates":[[-74.0416566894207,40.8919073284833],[-74.0417329155376,40.8919526480061],[-74.0424826543277,40.8923985466196]]}},{"type":"Feature","id":55352,"properties":{"OBJECTID":55352,"PRIMENAME":"Bogert Street","ELEVTYP_F":0,"ELEVTYP_T":0},"geometry":{"type":"LineString","coordinates":[[-74.0255178496168,40.873861167971],[-74.0254941116495,40.8740557688489],[-74.0254898774804,40.8740967885606]]}},{"type":"Feature","id":55631,"properties":{"OBJECTID":55631,"PRIMENAME":"Summit Avenue","ELEVTYP_F":0,"ELEVTYP_T":0},"geometry":{"type":"LineString","coordinates":[[-74.0276836886219,40.8733036936422],[-74.0271574672938,40.8743450270903]]}},{"type":"Feature","id":55826,"properties":{"OBJECTID":55826,"PRIMENAME":"US Highway 46","ELEVTYP_F":0,"ELEVTYP_T":1},"geometry":{"type":"LineString","coordinates":[[-74.0623411079441,40.8653019975169],[-74.0625863865376,40.8656129449799],[-74.0629786723342,40.8661005069914],[-74.0632501874311,40.866451982638]]}},{"type":"Feature","id":55934,"properties":{"OBJECTID":55934,"PRIMENAME":"Atlantic Street","ELEVTYP_F":0,"ELEVTYP_T":0},"geometry":{"type":"LineString","coordinates":[[-74.049790201654,40.8829999624263],[-74.0496356804816,40.8829651277845],[-74.0494804196792,40.8829322422632],[-74.0473136411242,40.8824719973932]]}},{"type":"Feature","id":56115,"properties":{"OBJECTID":56115,"PRIMENAME":"Davis Avenue","ELEVTYP_F":0,"ELEVTYP_T":0},"geometry":{"type":"LineString","coordinates":[[-74.0476545392407,40.9118616285815],[-74.0489794456753,40.9126389366889],[-74.0489922095889,40.9126460861327],[-74.0490034870945,40.9126545525539],[-74.0490130441975,40.9126641602849],[-74.0490206825992,40.9126747099775],[-74.0490262438113,40.9126859827384],[-74.0490296124444,40.9126977446721],[-74.0490307186024,40.9127097517326],[-74.0490295393326,40.9127217547881]]}},{"type":"Feature","id":56126,"properties":{"OBJECTID":56126,"PRIMENAME":"Moore Street","ELEVTYP_F":0,"ELEVTYP_T":0},"geometry":{"type":"LineString","coordinates":[[-74.042675656047,40.8820716879986],[-74.0426120659224,40.8822100566918]]}},{"type":"Feature","id":56145,"properties":{"OBJECTID":56145,"PRIMENAME":"Prospect Avenue North","ELEVTYP_F":0,"ELEVTYP_T":0},"geometry":{"type":"LineString","coordinates":[[-74.0474387207694,40.901134544628],[-74.0473696781295,40.9012007561048],[-74.0465825228617,40.9019554013981],[-74.0465291272457,40.9020080041983]]}},{"type":"Feature","id":56222,"properties":{"OBJECTID":56222,"PRIMENAME":"Prospect Avenue","ELEVTYP_F":0,"ELEVTYP_T":0},"geometry":{"type":"LineString","coordinates":[[-74.0487165256393,40.8993197738585],[-74.0478996611875,40.9001077177552]]}},{"type":"Feature","id":56335,"properties":{"OBJECTID":56335,"PRIMENAME":"Hackensack Avenue","ELEVTYP_F":0,"ELEVTYP_T":0},"geometry":{"type":"LineString","coordinates":[[-74.0270881730563,40.8625801375235],[-74.0261751654274,40.8623869899178]]}},{"type":"Feature","id":56406,"properties":{"OBJECTID":56406,"PRIMENAME":"Clinton Place","ELEVTYP_F":0,"ELEVTYP_T":0},"geometry":{"type":"LineString","coordinates":[[-74.0487165256393,40.8993197738585],[-74.0489104265238,40.899437136752],[-74.0502618316466,40.9002416835756],[-74.0521306983677,40.9013586482336]]}},{"type":"Feature","id":56407,"properties":{"OBJECTID":56407,"PRIMENAME":"Interstate 80","ELEVTYP_F":0,"ELEVTYP_T":0},"geometry":{"type":"LineString","coordinates":[[-74.0227858578856,40.866384562374],[-74.0232881454147,40.8664579248587],[-74.0239684276847,40.8665583444296],[-74.0243868760596,40.8666152440025],[-74.0249705366505,40.8667017821927],[-74.0258086327738,40.8668254864562],[-74.0265009509452,40.8669225094006],[-74.0270822156386,40.8670060894131],[-74.0274011098239,40.8670499429518],[-74.0276508553405,40.8670804190764],[-74.0279569612953,40.8671176859742],[-74.0282636910876,40.8671485038269],[-74.0285860788447,40.8671791930362],[-74.0288919301333,40.8672053289674]]}},{"type":"Feature","id":56502,"properties":{"OBJECTID":56502,"PRIMENAME":"Kenwood Place","ELEVTYP_F":0,"ELEVTYP_T":0},"geometry":{"type":"LineString","coordinates":[[-74.028136173887,40.8874619829015],[-74.0274241531047,40.8872926140817],[-74.0270672590423,40.8872077334797]]}},{"type":"Feature","id":56511,"properties":{"OBJECTID":56511,"PRIMENAME":"Hamilton Place","ELEVTYP_F":0,"ELEVTYP_T":0},"geometry":{"type":"LineString","coordinates":[[-74.0483179381505,40.8957938329743],[-74.0502706739427,40.8969600440818],[-74.0504748132958,40.8970821110441]]}},{"type":"Feature","id":56520,"properties":{"OBJECTID":56520,"PRIMENAME":"Leonia Avenue","ELEVTYP_F":0,"ELEVTYP_T":0},"geometry":{"type":"LineString","coordinates":[[-74.0255863481793,40.8807035931465],[-74.0250763445327,40.8812794959173]]}},{"type":"Feature","id":57089,"properties":{"OBJECTID":57089,"PRIMENAME":"Maywood Avenue","ELEVTYP_F":0,"ELEVTYP_T":0},"geometry":{"type":"LineString","coordinates":[[-74.065745223672,40.8954058774352],[-74.0657138339963,40.8954819039355]]}},{"type":"Feature","id":57673,"properties":{"OBJECTID":57673,"PRIMENAME":"South Street","ELEVTYP_F":0,"ELEVTYP_T":0},"geometry":{"type":"LineString","coordinates":[[-74.0529446401198,40.8749233350023],[-74.0530048728092,40.874839601147],[-74.053610281264,40.8739981228885]]}},{"type":"Feature","id":58866,"properties":{"OBJECTID":58866,"PRIMENAME":"Cumberland Avenue","ELEVTYP_F":0,"ELEVTYP_T":0},"geometry":{"type":"LineString","coordinates":[[-74.0266655305743,40.8945450987537],[-74.026656480759,40.8945343160696],[-74.026645086661,40.8945248996262],[-74.0266316990533,40.8945171393125],[-74.0266167300795,40.8945112740329],[-74.0254410666949,40.8941611034067],[-74.0252376589793,40.8940940428261],[-74.0250321573802,40.8940307652929],[-74.0249286719896,40.8939996784002]]}},{"type":"Feature","id":59369,"properties":{"OBJECTID":59369,"PRIMENAME":"Terheun Place","ELEVTYP_F":0,"ELEVTYP_T":0},"geometry":{"type":"LineString","coordinates":[[-74.0374884945734,40.8964931686865],[-74.0374697490901,40.8964770250994],[-74.0374521129639,40.89646017713],[-74.0374356320898,40.8964426686232],[-74.0374203493566,40.8964245451429],[-74.0374074831765,40.8964075855804],[-74.0373956622906,40.8963901934846],[-74.0373849118932,40.8963724059251],[-74.0373752548972,40.8963542608149],[-74.0373667118846,40.8963357968286],[-74.0373593010634,40.8963170533208],[-74.0373530382279,40.8962980702415],[-74.037347936726,40.8962788880517],[-74.0373430921811,40.8962539380163],[-74.0373402116748,40.8962288135204],[-74.0373379557726,40.8961269126514]]}},{"type":"Feature","id":59575,"properties":{"OBJECTID":59575,"PRIMENAME":"Hartwich Street","ELEVTYP_F":0,"ELEVTYP_T":0},"geometry":{"type":"LineString","coordinates":[[-74.0608502464489,40.8987106586515],[-74.0609624380811,40.8987745756881],[-74.0618024265422,40.8992531375585]]}},{"type":"Feature","id":60004,"properties":{"OBJECTID":60004,"PRIMENAME":"River Road","ELEVTYP_F":0,"ELEVTYP_T":0},"geometry":{"type":"LineString","coordinates":[[-74.0322358340563,40.8814220370075],[-74.0321014242627,40.8821023185151],[-74.0320721775852,40.8822546534056]]}},{"type":"Feature","id":61773,"properties":{"OBJECTID":61773,"PRIMENAME":"Ward Street","ELEVTYP_F":0,"ELEVTYP_T":0},"geometry":{"type":"LineString","coordinates":[[-74.0400091716332,40.8910710584612],[-74.0401746520632,40.8911708374012],[-74.0401944589546,40.8911827768304],[-74.04072528174,40.8915027252338],[-74.0413565560507,40.8918832150268],[-74.0415578474748,40.8920045723631]]}},{"type":"Feature","id":64813,"properties":{"OBJECTID":64813,"PRIMENAME":"Kansas Street","ELEVTYP_F":0,"ELEVTYP_T":0},"geometry":{"type":"LineString","coordinates":[[-74.0463439831842,40.876956515286],[-74.0463030065363,40.876945627208],[-74.0462625452971,40.8769336801524],[-74.0462226469539,40.8769206881408],[-74.0461833583332,40.8769066664214],[-74.0455315688997,40.8766913127627]]}},{"type":"Feature","id":64853,"properties":{"OBJECTID":64853,"PRIMENAME":"Taplin Avenue","ELEVTYP_F":0,"ELEVTYP_T":0},"geometry":{"type":"LineString","coordinates":[[-74.0642905927083,40.9026237030798],[-74.064211997793,40.9025766595774],[-74.063428756793,40.9021079384181]]}},{"type":"Feature","id":65584,"properties":{"OBJECTID":65584,"PRIMENAME":"Holt Street","ELEVTYP_F":0,"ELEVTYP_T":0},"geometry":{"type":"LineString","coordinates":[[-74.0448061862527,40.8724008273466],[-74.0450864402162,40.8716288479085],[-74.0453983531069,40.8707687140892],[-74.0454418056114,40.8706489042036]]}},{"type":"Feature","id":67101,"properties":{"OBJECTID":67101,"PRIMENAME":"Louis Street","ELEVTYP_F":0,"ELEVTYP_T":0},"geometry":{"type":"LineString","coordinates":[[-74.0494727749191,40.903762102822],[-74.0503503360581,40.9029155060398],[-74.0503852581469,40.9028818520915]]}},{"type":"Feature","id":67897,"properties":{"OBJECTID":67897,"PRIMENAME":"Garibaldi Avenue","ELEVTYP_F":0,"ELEVTYP_T":0},"geometry":{"type":"LineString","coordinates":[[-74.0698621721771,40.8776701031825],[-74.0693883449259,40.8773918379093],[-74.0682219301033,40.8767041794043],[-74.0680652136596,40.8766155358637]]}},{"type":"Feature","id":67943,"properties":{"OBJECTID":67943,"PRIMENAME":"Myers Avenue","ELEVTYP_F":0,"ELEVTYP_T":0},"geometry":{"type":"LineString","coordinates":[[-74.0675515185043,40.870275619757],[-74.0661955899507,40.8694825372126],[-74.066121059303,40.8694169268026]]}},{"type":"Feature","id":68149,"properties":{"OBJECTID":68149,"PRIMENAME":"Blauvelt Place","ELEVTYP_F":0,"ELEVTYP_T":0},"geometry":{"type":"LineString","coordinates":[[-74.0432875267336,40.8687002414325],[-74.0433972275709,40.8687223335495],[-74.0437404818577,40.8687916011121]]}},{"type":"Feature","id":68169,"properties":{"OBJECTID":68169,"PRIMENAME":"Esplanade","ELEVTYP_F":0,"ELEVTYP_T":0},"geometry":{"type":"LineString","coordinates":[[-74.0589436845923,40.8963899560795],[-74.058847929951,40.8966569733479]]}},{"type":"Feature","id":68205,"properties":{"OBJECTID":68205,"PRIMENAME":"South River Street","ELEVTYP_F":0,"ELEVTYP_T":0},"geometry":{"type":"LineString","coordinates":[[-74.0377416761319,40.8672120473137],[-74.0377841582859,40.8673166900169]]}},{"type":"Feature","id":68882,"properties":{"OBJECTID":68882,"PRIMENAME":"Summit Avenue","ELEVTYP_F":0,"ELEVTYP_T":0},"geometry":{"type":"LineString","coordinates":[[-74.0520109001162,40.9019347275164],[-74.0518614526927,40.9026741520783],[-74.0518283100296,40.9028236254282],[-74.0517913507587,40.9029725826772]]}},{"type":"Feature","id":69151,"properties":{"OBJECTID":69151,"PRIMENAME":"Coolidge Avenue","ELEVTYP_F":0,"ELEVTYP_T":0},"geometry":{"type":"LineString","coordinates":[[-74.0598129228324,40.9120873724297],[-74.0589470171323,40.9118714967466]]}},{"type":"Feature","id":69179,"properties":{"OBJECTID":69179,"PRIMENAME":"Interstate 80","ELEVTYP_F":0,"ELEVTYP_T":1},"geometry":{"type":"LineString","coordinates":[[-74.0664363953101,40.8839464814865],[-74.0665389586251,40.8841140331601],[-74.0667161511278,40.8843791742119],[-74.0670238040896,40.8848106255105],[-74.0671255156743,40.8849537995677],[-74.067218748141,40.8850774795395],[-74.0673248342047,40.8852044740134],[-74.0674268006612,40.8853086973833],[-74.0676009991867,40.8854846416482],[-74.06779642636,40.8856833667159],[-74.0680855569491,40.8859505712519],[-74.0683085350965,40.8861567274306]]}},{"type":"Feature","id":69841,"properties":{"OBJECTID":69841,"PRIMENAME":"West Passaic Street","ELEVTYP_F":0,"ELEVTYP_T":0},"geometry":{"type":"LineString","coordinates":[[-74.0663596535141,40.9054181245961],[-74.0669036226517,40.9057432472514]]}},{"type":"Feature","id":69866,"properties":{"OBJECTID":69866,"PRIMENAME":"Clinton Place","ELEVTYP_F":0,"ELEVTYP_T":0},"geometry":{"type":"LineString","coordinates":[[-74.0444210775294,40.8967553440677],[-74.0456165998883,40.8974599630553],[-74.0461970518041,40.8978163986626]]}},{"type":"Feature","id":69963,"properties":{"OBJECTID":69963,"PRIMENAME":"Stone Street","ELEVTYP_F":0,"ELEVTYP_T":0},"geometry":{"type":"LineString","coordinates":[[-74.0682315443183,40.904860132544],[-74.0674537660641,40.904394176293]]}},{"type":"Feature","id":70778,"properties":{"OBJECTID":70778,"PRIMENAME":"West Pleasant Avenue","ELEVTYP_F":0,"ELEVTYP_T":0},"geometry":{"type":"LineString","coordinates":[[-74.0669564371749,40.907347113637],[-74.0684740033325,40.908273133128]]}},{"type":"Feature","id":70846,"properties":{"OBJECTID":70846,"PRIMENAME":"South Street","ELEVTYP_F":0,"ELEVTYP_T":0},"geometry":{"type":"LineString","coordinates":[[-74.032401382937,40.8805976077844],[-74.0312490414334,40.8803094332859]]}},{"type":"Feature","id":71001,"properties":{"OBJECTID":71001,"PRIMENAME":"Maywood Avenue","ELEVTYP_F":0,"ELEVTYP_T":0},"geometry":{"type":"LineString","coordinates":[[-74.0609569420817,40.9045131853551],[-74.0606709445408,40.9051533938944],[-74.0606054798413,40.9053048293299],[-74.0605847848761,40.9053527037558]]}},{"type":"Feature","id":71231,"properties":{"OBJECTID":71231,"PRIMENAME":"Elm Avenue","ELEVTYP_F":0,"ELEVTYP_T":0},"geometry":{"type":"LineString","coordinates":[[-74.0449106086444,40.903588059517],[-74.0458992910668,40.9041747589885]]}},{"type":"Feature","id":71509,"properties":{"OBJECTID":71509,"PRIMENAME":"Chestnut Avenue","ELEVTYP_F":0,"ELEVTYP_T":0},"geometry":{"type":"LineString","coordinates":[[-74.0440618067908,40.8666810215252],[-74.0436527814483,40.8656544970431]]}},{"type":"Feature","id":71710,"properties":{"OBJECTID":71710,"PRIMENAME":"Briarcliff Avenue","ELEVTYP_F":0,"ELEVTYP_T":0},"geometry":{"type":"LineString","coordinates":[[-74.066970849408,40.9115989199713],[-74.0671898120266,40.9111407632067],[-74.0672907726384,40.9109280533055]]}},{"type":"Feature","id":71838,"properties":{"OBJECTID":71838,"PRIMENAME":"Woodland Avenue","ELEVTYP_F":0,"ELEVTYP_T":0},"geometry":{"type":"LineString","coordinates":[[-74.057193423127,40.906804974277],[-74.0577836523131,40.9071544723834],[-74.0583889540941,40.9075177767927],[-74.058463226094,40.9075623644436]]}},{"type":"Feature","id":71854,"properties":{"OBJECTID":71854,"PRIMENAME":"Passaic Street","ELEVTYP_F":0,"ELEVTYP_T":0},"geometry":{"type":"LineString","coordinates":[[-74.0570251100505,40.899838085126],[-74.0572424261592,40.8999674375377]]}},{"type":"Feature","id":72360,"properties":{"OBJECTID":72360,"PRIMENAME":"Collingwood Avenue","ELEVTYP_F":0,"ELEVTYP_T":0},"geometry":{"type":"LineString","coordinates":[[-74.055712982581,40.9100574516756],[-74.0557908272475,40.9099846545679],[-74.0563708989935,40.9094424316348]]}},{"type":"Feature","id":72365,"properties":{"OBJECTID":72365,"PRIMENAME":"Stelling Avenue","ELEVTYP_F":0,"ELEVTYP_T":0},"geometry":{"type":"LineString","coordinates":[[-74.0547997148358,40.9095131247712],[-74.0553911679251,40.9098651927979],[-74.0554174381189,40.9098808882412],[-74.0555108482453,40.909936692431]]}},{"type":"Feature","id":72367,"properties":{"OBJECTID":72367,"PRIMENAME":"West Franklin Street","ELEVTYP_F":0,"ELEVTYP_T":0},"geometry":{"type":"LineString","coordinates":[[-74.0446584222496,40.8697417672603],[-74.043467254081,40.8694982213724],[-74.0433638023036,40.8694770600357]]}},{"type":"Feature","id":73106,"properties":{"OBJECTID":73106,"PRIMENAME":"Clarendon Place","ELEVTYP_F":0,"ELEVTYP_T":0},"geometry":{"type":"LineString","coordinates":[[-74.0469257553214,40.8971177967475],[-74.0475805396788,40.8965093188033]]}},{"type":"Feature","id":73902,"properties":{"OBJECTID":73902,"PRIMENAME":"Euclid Avenue North","ELEVTYP_F":0,"ELEVTYP_T":0},"geometry":{"type":"LineString","coordinates":[[-74.0509564740205,40.9019457554087],[-74.0509445290577,40.9019331736737],[-74.0509319602119,40.9019209468349],[-74.0509187857809,40.9019090926918],[-74.0509050249439,40.9018976285013],[-74.0508906977338,40.9018865709528],[-74.0508758250081,40.9018759361433],[-74.0508604284183,40.9018657395548],[-74.0508445303786,40.9018559960312],[-74.0508208576735,40.9018419045477]]}},{"type":"Feature","id":74276,"properties":{"OBJECTID":74276,"PRIMENAME":"Palisade Avenue","ELEVTYP_F":0,"ELEVTYP_T":0},"geometry":{"type":"LineString","coordinates":[[-74.0289268925322,40.8686254131978],[-74.0286296934489,40.8692483993775]]}},{"type":"Feature","id":74406,"properties":{"OBJECTID":74406,"PRIMENAME":"River Road","ELEVTYP_F":0,"ELEVTYP_T":0},"geometry":{"type":"LineString","coordinates":[[-74.0319117662147,40.8830931020849],[-74.0318694522595,40.8833146078042],[-74.0318517196561,40.8834074284908]]}},{"type":"Feature","id":74490,"properties":{"OBJECTID":74490,"PRIMENAME":"Moonachie Road","ELEVTYP_F":0,"ELEVTYP_T":0},"geometry":{"type":"LineString","coordinates":[[-74.0387096532389,40.8622909693869],[-74.0386631830676,40.8623183707376],[-74.0385745859722,40.86235257128],[-74.0385037060892,40.8623799325564],[-74.038242778023,40.8624776791864],[-74.0379431043684,40.8626045313829],[-74.0378605215484,40.8626360420446]]}},{"type":"Feature","id":74672,"properties":{"OBJECTID":74672,"PRIMENAME":"West Fort Lee Road","ELEVTYP_F":0,"ELEVTYP_T":0},"geometry":{"type":"LineString","coordinates":[[-74.0396794254607,40.8791712294578],[-74.0392907046251,40.8791738362635],[-74.0390636060808,40.8791741780245],[-74.037540446025,40.879176450865],[-74.0371332602824,40.8791770563507],[-74.0366830350331,40.8791728883171],[-74.0365110761932,40.8791721974427],[-74.0363611273873,40.8791525999981],[-74.0362019628567,40.8791116092211],[-74.0360865887743,40.8790660735823],[-74.0359713641743,40.8789991553314],[-74.0358530632317,40.8789274749871],[-74.0357598538046,40.8788464260375],[-74.035561318992,40.8786225460519],[-74.0349801299123,40.8779555108945]]}},{"type":"Feature","id":75608,"properties":{"OBJECTID":75608,"PRIMENAME":"Hackensack Avenue","ELEVTYP_F":0,"ELEVTYP_T":0},"geometry":{"type":"LineString","coordinates":[[-74.0307743772113,40.8633694039316],[-74.0303709514425,40.8632865387724]]}},{"type":"Feature","id":75629,"properties":{"OBJECTID":75629,"PRIMENAME":"Parkway","ELEVTYP_F":0,"ELEVTYP_T":0},"geometry":{"type":"LineString","coordinates":[[-74.0618637374049,40.9073346856288],[-74.0627232043008,40.9075485113465]]}},{"type":"Feature","id":75718,"properties":{"OBJECTID":75718,"PRIMENAME":"Palisade Avenue","ELEVTYP_F":0,"ELEVTYP_T":0},"geometry":{"type":"LineString","coordinates":[[-74.0262756113042,40.8740864854425],[-74.0261761294184,40.8742892298882],[-74.0258587678299,40.8749484138436],[-74.0257859940401,40.875112536038]]}},{"type":"Feature","id":75786,"properties":{"OBJECTID":75786,"PRIMENAME":"Kaplan Avenue","ELEVTYP_F":0,"ELEVTYP_T":0},"geometry":{"type":"LineString","coordinates":[[-74.0602938376547,40.8836129397002],[-74.0588781696942,40.882779990201]]}},{"type":"Feature","id":75798,"properties":{"OBJECTID":75798,"PRIMENAME":"Central Avenue","ELEVTYP_F":0,"ELEVTYP_T":0},"geometry":{"type":"LineString","coordinates":[[-74.0573999485478,40.8923238480727],[-74.0583050707106,40.8928427609677],[-74.0592062987622,40.8933561628941]]}},{"type":"Feature","id":76047,"properties":{"OBJECTID":76047,"PRIMENAME":"Main Street","ELEVTYP_F":0,"ELEVTYP_T":0},"geometry":{"type":"LineString","coordinates":[[-74.0416966613102,40.9079762987278],[-74.0416797477767,40.908011885717],[-74.0416621248668,40.9080472740285],[-74.041643796632,40.9080824555239],[-74.0416247672863,40.9081174221123],[-74.0416050412048,40.9081521657525],[-74.0415846229229,40.9081866784543],[-74.0415635171351,40.9082209522807],[-74.0415417286943,40.9082549793496]]}},{"type":"Feature","id":76213,"properties":{"OBJECTID":76213,"PRIMENAME":"Vreeland Avenue","ELEVTYP_F":0,"ELEVTYP_T":0},"geometry":{"type":"LineString","coordinates":[[-74.0403316874521,40.8664097022433],[-74.0394520065563,40.866606903469]]}},{"type":"Feature","id":76282,"properties":{"OBJECTID":76282,"PRIMENAME":"Poplar Avenue","ELEVTYP_F":0,"ELEVTYP_T":0},"geometry":{"type":"LineString","coordinates":[[-74.0474924793126,40.9025944257534],[-74.0465291272457,40.9020080041983]]}},{"type":"Feature","id":76521,"properties":{"OBJECTID":76521,"PRIMENAME":"James Street","ELEVTYP_F":0,"ELEVTYP_T":0},"geometry":{"type":"LineString","coordinates":[[-74.0508948291494,40.8930555604691],[-74.0507415191245,40.8929609226188]]}},{"type":"Feature","id":76526,"properties":{"OBJECTID":76526,"PRIMENAME":"Lodi Street","ELEVTYP_F":0,"ELEVTYP_T":0},"geometry":{"type":"LineString","coordinates":[[-74.0496993461818,40.8743178860328],[-74.0495836046634,40.8743078777253],[-74.0494673632753,40.8743021027359],[-74.0484271114336,40.8742443987175],[-74.0483552894802,40.8742395885479]]}},{"type":"Feature","id":76772,"properties":{"OBJECTID":76772,"PRIMENAME":"Lodi Street","ELEVTYP_F":0,"ELEVTYP_T":0},"geometry":{"type":"LineString","coordinates":[[-74.0580641014432,40.876970587493],[-74.0579116617992,40.8768687973523],[-74.0569663182265,40.8762376489922]]}},{"type":"Feature","id":76945,"properties":{"OBJECTID":76945,"PRIMENAME":"Ackerson Street","ELEVTYP_F":0,"ELEVTYP_T":0},"geometry":{"type":"LineString","coordinates":[[-74.0357804383758,40.9102261739075],[-74.0359819020001,40.9101894347961],[-74.0369362196,40.910015371514],[-74.0369702768389,40.9100143247848],[-74.0370043363182,40.9100153286825],[-74.0370381838486,40.9100183768941],[-74.0370716065736,40.9100234502502],[-74.0371043943081,40.9100305168463],[-74.0371363408598,40.9100395322426],[-74.0371672453266,40.9100504397441],[-74.037196913359,40.9100631707569],[-74.037235302281,40.9100834770579],[-74.0372705536305,40.9101068292989],[-74.0373247254194,40.9101471811675],[-74.0373615883888,40.9101784649115],[-74.0373961024577,40.9102112546603],[-74.0374281609202,40.9102454490423],[-74.0374576646611,40.9102809423431],[-74.0374845224635,40.9103176248324],[-74.0375086512895,40.9103553831033],[-74.0375299765383,40.9103941004228],[-74.0375484322757,40.9104336570928],[-74.037623559279,40.9105771884693],[-74.0376350957857,40.9106131364896],[-74.0376403566101,40.910649918689],[-74.0376395298133,40.9106843878191],[-74.03763318845,40.9107185253414],[-74.0376214264827,40.910751825382],[-74.0376044182007,40.9107837944765],[-74.0375824156383,40.9108139588829],[-74.0375557448399,40.9108418716016],[-74.0375248010291,40.9108671189999],[-74.0374900427516,40.9108893269415]]}},{"type":"Feature","id":77317,"properties":{"OBJECTID":77317,"PRIMENAME":"East Pleasant Avenue","ELEVTYP_F":0,"ELEVTYP_T":0},"geometry":{"type":"LineString","coordinates":[[-74.0572722453678,40.9012351672973],[-74.0591495215973,40.9023501502994],[-74.0592077189175,40.9023848481874]]}},{"type":"Feature","id":77558,"properties":{"OBJECTID":77558,"PRIMENAME":"George Court","ELEVTYP_F":0,"ELEVTYP_T":0},"geometry":{"type":"LineString","coordinates":[[-74.0674238748821,40.8748089907963],[-74.0674988187043,40.8747511616742],[-74.0678537632003,40.8744772842441]]}},{"type":"Feature","id":78032,"properties":{"OBJECTID":78032,"PRIMENAME":"Park Street","ELEVTYP_F":0,"ELEVTYP_T":0},"geometry":{"type":"LineString","coordinates":[[-74.0416517884825,40.8624491132899],[-74.042057053576,40.8624448484804],[-74.0420778851702,40.8624428672087],[-74.0420988477755,40.8624419900247],[-74.0421198399904,40.8624422211715],[-74.0421407602705,40.8624435595311],[-74.0421615074193,40.8624459986294],[-74.0421819810776,40.8624495266679],[-74.0422020822091,40.8624541265807],[-74.0422217135797,40.8624597761168],[-74.0425564607584,40.8625834187762],[-74.0426913053614,40.8626332254965]]}},{"type":"Feature","id":78078,"properties":{"OBJECTID":78078,"PRIMENAME":"Fairmount Avenue","ELEVTYP_F":0,"ELEVTYP_T":0},"geometry":{"type":"LineString","coordinates":[[-74.0430594649184,40.9012187291237],[-74.0446555984681,40.9021675960277],[-74.0447366647996,40.9022161440283]]}},{"type":"Feature","id":78278,"properties":{"OBJECTID":78278,"PRIMENAME":"Larch Avenue","ELEVTYP_F":0,"ELEVTYP_T":0},"geometry":{"type":"LineString","coordinates":[[-74.0297032458859,40.8808109269478],[-74.0293665811962,40.8816171686971]]}},{"type":"Feature","id":78347,"properties":{"OBJECTID":78347,"PRIMENAME":"Beech Street","ELEVTYP_F":0,"ELEVTYP_T":0},"geometry":{"type":"LineString","coordinates":[[-74.0651297922549,40.8922358241996],[-74.0658313232668,40.8926550109286]]}},{"type":"Feature","id":78434,"properties":{"OBJECTID":78434,"PRIMENAME":"Cross Street","ELEVTYP_F":0,"ELEVTYP_T":0},"geometry":{"type":"LineString","coordinates":[[-74.0330031885341,40.8709526815549],[-74.0336875065069,40.8707648688394],[-74.0339549964286,40.8706867601214],[-74.0339962606964,40.8706747097096],[-74.0341146529493,40.8706382411856],[-74.0341750792956,40.8706121336619],[-74.0342007080333,40.8705876146831],[-74.0342172387389,40.8705454645284],[-74.0342037113593,40.870489165718],[-74.0339311667057,40.8697885994175],[-74.0335664582295,40.8686910415096]]}},{"type":"Feature","id":79431,"properties":{"OBJECTID":79431,"PRIMENAME":"Boulevard","ELEVTYP_F":0,"ELEVTYP_T":0},"geometry":{"type":"LineString","coordinates":[[-74.0662390950457,40.8745793188411],[-74.0664171415553,40.8743436490458],[-74.0664830718826,40.8742651717548]]}},{"type":"Feature","id":80113,"properties":{"OBJECTID":80113,"PRIMENAME":"Atlantic Street","ELEVTYP_F":0,"ELEVTYP_T":0},"geometry":{"type":"LineString","coordinates":[[-74.0500105672236,40.883053277772],[-74.0499556383899,40.8830395645864],[-74.0499005998034,40.8830261072978],[-74.0498454535336,40.8830129064123],[-74.049790201654,40.8829999624263]]}},{"type":"Feature","id":80200,"properties":{"OBJECTID":80200,"PRIMENAME":"Essex Street","ELEVTYP_F":0,"ELEVTYP_T":0},"geometry":{"type":"LineString","coordinates":[[-74.0506011155624,40.8787311775324],[-74.050257524456,40.8785212503617],[-74.0502104096387,40.8784965241767],[-74.0501618688668,40.8784734416515],[-74.0501120016007,40.8784520500819],[-74.0500609100186,40.8784323932987],[-74.050008698807,40.8784145115781],[-74.049955474946,40.8783984415593],[-74.0499013474907,40.8783842161693],[-74.0498464273471,40.8783718645556],[-74.0497908270454,40.8783614120261],[-74.0497346605091,40.8783528799979],[-74.0496780428219,40.8783462859526],[-74.0496210899916,40.8783416434013],[-74.0495639187128,40.8783389618564],[-74.0495066461274,40.8783382468122],[-74.049449389585,40.8783394997339],[-74.0493922664023,40.8783427180541],[-74.0490179715229,40.8783468828367]]}},{"type":"Feature","id":80953,"properties":{"OBJECTID":80953,"PRIMENAME":"North Street","ELEVTYP_F":0,"ELEVTYP_T":0},"geometry":{"type":"LineString","coordinates":[[-74.0267371641494,40.888006609764],[-74.0277961667458,40.8882576372398]]}},{"type":"Feature","id":80960,"properties":{"OBJECTID":80960,"PRIMENAME":"Lincoln Avenue","ELEVTYP_F":0,"ELEVTYP_T":0},"geometry":{"type":"LineString","coordinates":[[-74.0637014127457,40.9096736865326],[-74.0641006633738,40.908766626008],[-74.0644069272411,40.9080458133258],[-74.0644377772812,40.9079759343721]]}},{"type":"Feature","id":82818,"properties":{"OBJECTID":82818,"PRIMENAME":"Romaine Avenue","ELEVTYP_F":0,"ELEVTYP_T":0},"geometry":{"type":"LineString","coordinates":[[-74.058847929951,40.8966569733479],[-74.0590022876093,40.8967441387002],[-74.0604173526697,40.897543704174]]}},{"type":"Feature","id":85111,"properties":{"OBJECTID":85111,"PRIMENAME":"Lodi Street","ELEVTYP_F":0,"ELEVTYP_T":0},"geometry":{"type":"LineString","coordinates":[[-74.0453248576064,40.873763074416],[-74.045231618824,40.8737439308681]]}},{"type":"Feature","id":86457,"properties":{"OBJECTID":86457,"PRIMENAME":"William Street","ELEVTYP_F":0,"ELEVTYP_T":0},"geometry":{"type":"LineString","coordinates":[[-74.0669036226517,40.9057432472514],[-74.0668617835859,40.9058176694999],[-74.0665328917376,40.9064025853061],[-74.0665049245443,40.9064425376478],[-74.0664733482907,40.9064809107382],[-74.0664383171403,40.9065175172224],[-74.0664000021261,40.9065521783705],[-74.0661804183496,40.9067361961843]]}},{"type":"Feature","id":87290,"properties":{"OBJECTID":87290,"PRIMENAME":"Wilson Avenue","ELEVTYP_F":0,"ELEVTYP_T":0},"geometry":{"type":"LineString","coordinates":[[-74.0250653359678,40.8969937513895],[-74.0251051162234,40.8969370192585],[-74.0251436734073,40.8968798030047],[-74.0254801341335,40.8963784534279]]}},{"type":"Feature","id":88048,"properties":{"OBJECTID":88048,"PRIMENAME":"Division Place","ELEVTYP_F":0,"ELEVTYP_T":0},"geometry":{"type":"LineString","coordinates":[[-74.0496036685128,40.8730734503784],[-74.0495470418502,40.8730789919948],[-74.0494904072217,40.8730844822198]]}},{"type":"Feature","id":88369,"properties":{"OBJECTID":88369,"PRIMENAME":"Marvin Avenue","ELEVTYP_F":0,"ELEVTYP_T":0},"geometry":{"type":"LineString","coordinates":[[-74.0590767651577,40.879237198611],[-74.0591720066152,40.879283348479],[-74.0612298728845,40.8805151915365]]}},{"type":"Feature","id":88457,"properties":{"OBJECTID":88457,"PRIMENAME":"Prospect Avenue","ELEVTYP_F":0,"ELEVTYP_T":0},"geometry":{"type":"LineString","coordinates":[[-74.0478996611875,40.9001077177552],[-74.0471429014048,40.9008376449977],[-74.0470646789664,40.9009131248894]]}},{"type":"Feature","id":88872,"properties":{"OBJECTID":88872,"PRIMENAME":"Oak Avenue","ELEVTYP_F":0,"ELEVTYP_T":0},"geometry":{"type":"LineString","coordinates":[[-74.0610036989414,40.9071207144432],[-74.0605613474907,40.9081336921265],[-74.0602647741522,40.9088163223404]]}},{"type":"Feature","id":89069,"properties":{"OBJECTID":89069,"PRIMENAME":"Wyoming Avenue","ELEVTYP_F":0,"ELEVTYP_T":0},"geometry":{"type":"LineString","coordinates":[[-74.066535224345,40.9069706297695],[-74.0663990874346,40.9070965491758]]}},{"type":"Feature","id":89582,"properties":{"OBJECTID":89582,"PRIMENAME":"Sanzari Place","ELEVTYP_F":0,"ELEVTYP_T":0},"geometry":{"type":"LineString","coordinates":[[-74.0663079518668,40.9129881053564],[-74.0661979579043,40.9129598309101],[-74.0660145266664,40.91291266897],[-74.0659792493249,40.9129026966761],[-74.0659450836383,40.912890701977],[-74.0659122307231,40.91287675548],[-74.0658808839679,40.9128609392813],[-74.0658512278949,40.9128433464833],[-74.0658234370734,40.9128240806463],[-74.0657976750928,40.9128032551788],[-74.065774093599,40.91278099267],[-74.0657528314022,40.9127574241682],[-74.0657340136597,40.9127326884091],[-74.065717751139,40.9127069309993],[-74.0657041395661,40.9126803035596],[-74.0656932590619,40.9126529628313],[-74.0656851736706,40.9126250697548],[-74.0656799309831,40.9125967885216],[-74.0656775618565,40.9125682856076],[-74.0656926793198,40.9123825747382],[-74.0657035480911,40.9121966928701],[-74.065706535578,40.9121644606501],[-74.0657059915428,40.9121321514851],[-74.065701919734,40.9120999876738],[-74.065694348172,40.9120681905149],[-74.0656833289569,40.9120369787835],[-74.0656689379093,40.9120065672269],[-74.0656512740488,40.9119771650864],[-74.0656304589127,40.9119489746582],[-74.0656066357194,40.9119221899009],[-74.0655799683831,40.9118969951017],[-74.065550640386,40.9118735636082],[-74.0655188535156,40.9118520566355],[-74.0654848264767,40.9118326221577],[-74.0654487933864,40.9118153938891],[-74.0654110021632,40.9118004903648],[-74.0653717128216,40.9117880141248],[-74.0653052078969,40.9117697543348],[-74.0652373909809,40.911754522922],[-74.0651685014492,40.9117423736491],[-74.0650987824626,40.9117333493993],[-74.0649747639295,40.9117143804544]]}},{"type":"Feature","id":89584,"properties":{"OBJECTID":89584,"PRIMENAME":"Woodland Avenue","ELEVTYP_F":0,"ELEVTYP_T":0},"geometry":{"type":"LineString","coordinates":[[-74.0551136304403,40.9055823127063],[-74.0554449282692,40.9057762822777],[-74.0556013348502,40.9058678538194]]}},{"type":"Feature","id":89925,"properties":{"OBJECTID":89925,"PRIMENAME":"State Highway 17","ELEVTYP_F":0,"ELEVTYP_T":0},"geometry":{"type":"LineString","coordinates":[[-74.0644320139608,40.8774381453348],[-74.0643635224872,40.8772885623831]]}},{"type":"Feature","id":90338,"properties":{"OBJECTID":90338,"PRIMENAME":"Poplar Avenue","ELEVTYP_F":0,"ELEVTYP_T":0},"geometry":{"type":"LineString","coordinates":[[-74.0405286922291,40.8984287209581],[-74.0410178794524,40.8987133410331]]}},{"type":"Feature","id":90510,"properties":{"OBJECTID":90510,"PRIMENAME":"Davis Drive","ELEVTYP_F":0,"ELEVTYP_T":0},"geometry":{"type":"LineString","coordinates":[[-74.0413995241053,40.9131165795882],[-74.0413772848708,40.9139313207346]]}},{"type":"Feature","id":90566,"properties":{"OBJECTID":90566,"PRIMENAME":"Fairmount Avenue","ELEVTYP_F":0,"ELEVTYP_T":0},"geometry":{"type":"LineString","coordinates":[[-74.0447366647996,40.9022161440283],[-74.0457190568533,40.9028042756361]]}},{"type":"Feature","id":90700,"properties":{"OBJECTID":90700,"PRIMENAME":"Terrace Avenue","ELEVTYP_F":0,"ELEVTYP_T":0},"geometry":{"type":"LineString","coordinates":[[-74.0580376370033,40.9048232464666],[-74.0572061761869,40.9043180651193]]}},{"type":"Feature","id":90791,"properties":{"OBJECTID":90791,"PRIMENAME":"Palmer Avenue","ELEVTYP_F":0,"ELEVTYP_T":0},"geometry":{"type":"LineString","coordinates":[[-74.0630681429308,40.905795975364],[-74.0636102370818,40.9053162383175],[-74.063684390575,40.9052506128466]]}},{"type":"Feature","id":90833,"properties":{"OBJECTID":90833,"PRIMENAME":"West Pleasant Avenue","ELEVTYP_F":0,"ELEVTYP_T":0},"geometry":{"type":"LineString","coordinates":[[-74.0644375263967,40.9056596820268],[-74.0639138710211,40.9053173868525],[-74.0637382508104,40.9052025886519]]}},{"type":"Feature","id":90842,"properties":{"OBJECTID":90842,"PRIMENAME":"Polifly Road","ELEVTYP_F":0,"ELEVTYP_T":0},"geometry":{"type":"LineString","coordinates":[[-74.0605904023761,40.8742295058055],[-74.0601109271763,40.874792230906]]}},{"type":"Feature","id":90879,"properties":{"OBJECTID":90879,"PRIMENAME":"Herman Street","ELEVTYP_F":0,"ELEVTYP_T":0},"geometry":{"type":"LineString","coordinates":[[-74.0484930821233,40.903174480286],[-74.0476785428985,40.9039747013237]]}},{"type":"Feature","id":90932,"properties":{"OBJECTID":90932,"PRIMENAME":"Grant Avenue","ELEVTYP_F":0,"ELEVTYP_T":0},"geometry":{"type":"LineString","coordinates":[[-74.0644480446674,40.9066978801954],[-74.0643823980946,40.9067554674125],[-74.0638469951608,40.9072252144864],[-74.0638205230328,40.9072513755801],[-74.0637973146893,40.9072792634587],[-74.063777564572,40.9073086444797],[-74.0637614381507,40.907339272491],[-74.0635820980754,40.9077622456371]]}},{"type":"Feature","id":91551,"properties":{"OBJECTID":91551,"PRIMENAME":"Herman Street","ELEVTYP_F":0,"ELEVTYP_T":0},"geometry":{"type":"LineString","coordinates":[[-74.046879211765,40.9047597692904],[-74.0463762264746,40.9052497379873],[-74.0460862796055,40.9055321750212]]}},{"type":"Feature","id":92328,"properties":{"OBJECTID":92328,"PRIMENAME":"South State Street","ELEVTYP_F":0,"ELEVTYP_T":0},"geometry":{"type":"LineString","coordinates":[[-74.048002289875,40.8757258535575],[-74.0478410920107,40.876371655699],[-74.0478331079597,40.8764023950453]]}},{"type":"Feature","id":92330,"properties":{"OBJECTID":92330,"PRIMENAME":"Johnson Avenue","ELEVTYP_F":0,"ELEVTYP_T":0},"geometry":{"type":"LineString","coordinates":[[-74.0385014461613,40.9092855547173],[-74.0382216173621,40.9097964852233]]}},{"type":"Feature","id":92401,"properties":{"OBJECTID":92401,"PRIMENAME":"Hoffman Street","ELEVTYP_F":0,"ELEVTYP_T":0},"geometry":{"type":"LineString","coordinates":[[-74.0468531955018,40.8707499711524],[-74.0469414560315,40.8707696530948],[-74.0470691708396,40.8707986586047],[-74.0488012119752,40.871192005678]]}},{"type":"Feature","id":92557,"properties":{"OBJECTID":92557,"PRIMENAME":"Berry Street","ELEVTYP_F":0,"ELEVTYP_T":0},"geometry":{"type":"LineString","coordinates":[[-74.0479578745452,40.8923058102819],[-74.0466504956448,40.8915261679523],[-74.0458024490463,40.891020426803]]}},{"type":"Feature","id":93092,"properties":{"OBJECTID":93092,"PRIMENAME":"Beech Street","ELEVTYP_F":0,"ELEVTYP_T":0},"geometry":{"type":"LineString","coordinates":[[-74.0629703010803,40.8909409188158],[-74.0632944120088,40.891138311651],[-74.0636175928621,40.8913365816404],[-74.0636933302487,40.891381528198]]}},{"type":"Feature","id":93117,"properties":{"OBJECTID":93117,"PRIMENAME":"South Street","ELEVTYP_F":0,"ELEVTYP_T":0},"geometry":{"type":"LineString","coordinates":[[-74.0286973225467,40.8796713431804],[-74.0281609384251,40.8795454301081],[-74.0281207283383,40.8795379313808]]}},{"type":"Feature","id":93147,"properties":{"OBJECTID":93147,"PRIMENAME":"Elm Avenue","ELEVTYP_F":0,"ELEVTYP_T":0},"geometry":{"type":"LineString","coordinates":[[-74.044212518757,40.9031708735647],[-74.0443982918006,40.9032817340857],[-74.0449106086444,40.903588059517]]}},{"type":"Feature","id":93424,"properties":{"OBJECTID":93424,"PRIMENAME":"Anderson Street","ELEVTYP_F":0,"ELEVTYP_T":0},"geometry":{"type":"LineString","coordinates":[[-74.0500996755181,40.8980171917166],[-74.0476489211232,40.8965500467553],[-74.0475805396788,40.8965093188033]]}},{"type":"Feature","id":93721,"properties":{"OBJECTID":93721,"PRIMENAME":"Willow Avenue","ELEVTYP_F":0,"ELEVTYP_T":0},"geometry":{"type":"LineString","coordinates":[[-74.0435156948467,40.9080373417768],[-74.044470162909,40.9085931472152],[-74.0445143779606,40.9086192337842]]}},{"type":"Feature","id":93782,"properties":{"OBJECTID":93782,"PRIMENAME":"Peters Road","ELEVTYP_F":0,"ELEVTYP_T":0},"geometry":{"type":"LineString","coordinates":[[-74.0390239214211,40.8861845339596],[-74.0386452900526,40.8870198920538]]}},{"type":"Feature","id":93843,"properties":{"OBJECTID":93843,"PRIMENAME":"Fair Street","ELEVTYP_F":0,"ELEVTYP_T":0},"geometry":{"type":"LineString","coordinates":[[-74.0459605199959,40.8783935742514],[-74.0459967824864,40.878283892631],[-74.046064064354,40.8780804550868],[-74.0460759275416,40.8780491101434],[-74.0460824468168,40.8780168750858],[-74.0460835164873,40.8779842725568],[-74.0460791192181,40.8779518311564],[-74.0460613037376,40.8778016407207],[-74.046061340782,40.8777991706062],[-74.0460651654898,40.877742980515],[-74.0460762250663,40.8776873452102],[-74.0462785289526,40.8770197758588],[-74.0463439831842,40.876956515286]]}},{"type":"Feature","id":94240,"properties":{"OBJECTID":94240,"PRIMENAME":"Catalpa Avenue","ELEVTYP_F":0,"ELEVTYP_T":0},"geometry":{"type":"LineString","coordinates":[[-74.0453988775602,40.9077501951647],[-74.0446626376415,40.9073179844639],[-74.0444133505346,40.9071710797125]]}},{"type":"Feature","id":95004,"properties":{"OBJECTID":95004,"PRIMENAME":"Standish Avenue","ELEVTYP_F":0,"ELEVTYP_T":0},"geometry":{"type":"LineString","coordinates":[[-74.0606133518133,40.879192418898],[-74.0599943469224,40.87883255763],[-74.0598971567475,40.8787748458019]]}},{"type":"Feature","id":95150,"properties":{"OBJECTID":95150,"PRIMENAME":"Longview Avenue","ELEVTYP_F":0,"ELEVTYP_T":0},"geometry":{"type":"LineString","coordinates":[[-74.0576610388536,40.8811617173344],[-74.0577143553391,40.881089867306],[-74.0581352355618,40.8805219608702]]}},{"type":"Feature","id":95151,"properties":{"OBJECTID":95151,"PRIMENAME":"Hudson Street","ELEVTYP_F":0,"ELEVTYP_T":0},"geometry":{"type":"LineString","coordinates":[[-74.0411904624014,40.8709642103417],[-74.0412583407167,40.8711348429131]]}},{"type":"Feature","id":95317,"properties":{"OBJECTID":95317,"PRIMENAME":"Heath Place","ELEVTYP_F":0,"ELEVTYP_T":0},"geometry":{"type":"LineString","coordinates":[[-74.0591711593871,40.8954838177638],[-74.0590134113387,40.8953957607058],[-74.0578918865185,40.8947696033723],[-74.0566907032821,40.8940823271859],[-74.0565481473171,40.8940007488773]]}},{"type":"Feature","id":95402,"properties":{"OBJECTID":95402,"PRIMENAME":"Burton Avenue","ELEVTYP_F":0,"ELEVTYP_T":0},"geometry":{"type":"LineString","coordinates":[[-74.066121059303,40.8694169268026],[-74.0667049487343,40.8688481184648]]}},{"type":"Feature","id":95455,"properties":{"OBJECTID":95455,"PRIMENAME":"Green Street","ELEVTYP_F":0,"ELEVTYP_T":0},"geometry":{"type":"LineString","coordinates":[[-74.0539005466914,40.8758526573998],[-74.0537561934091,40.876045041476],[-74.0537289243368,40.8760806353944],[-74.0536980125332,40.8761144706057],[-74.053663653785,40.8761463328014],[-74.0536260657123,40.8761760201695],[-74.0531408374275,40.8765830006477]]}},{"type":"Feature","id":95766,"properties":{"OBJECTID":95766,"PRIMENAME":"Chestnut Avenue","ELEVTYP_F":0,"ELEVTYP_T":0},"geometry":{"type":"LineString","coordinates":[[-74.0286296934489,40.8692483993775],[-74.0283364057119,40.8691665814549],[-74.0267668286075,40.8687349062361]]}},{"type":"Feature","id":95811,"properties":{"OBJECTID":95811,"PRIMENAME":"Bergen Street","ELEVTYP_F":0,"ELEVTYP_T":0},"geometry":{"type":"LineString","coordinates":[[-74.0440355123728,40.8802387868238],[-74.0441416081904,40.880256471891],[-74.0462438847619,40.8806472140231],[-74.0463351611085,40.8806641525381]]}},{"type":"Feature","id":95867,"properties":{"OBJECTID":95867,"PRIMENAME":"Franklin Street","ELEVTYP_F":0,"ELEVTYP_T":0},"geometry":{"type":"LineString","coordinates":[[-74.0406768811148,40.8696761056625],[-74.0407777448491,40.8696531473834],[-74.0415554974162,40.8694760911463]]}},{"type":"Feature","id":95879,"properties":{"OBJECTID":95879,"PRIMENAME":"Lawrence Avenue","ELEVTYP_F":0,"ELEVTYP_T":0},"geometry":{"type":"LineString","coordinates":[[-74.0676466181017,40.8662007757658],[-74.0687593956429,40.8668504976518]]}},{"type":"Feature","id":95921,"properties":{"OBJECTID":95921,"PRIMENAME":"East State Highway 4","ELEVTYP_F":0,"ELEVTYP_T":0},"geometry":{"type":"LineString","coordinates":[[-74.0331943039791,40.9060069701058],[-74.0332590879846,40.9060758003736],[-74.0333370173804,40.9061584083963]]}},{"type":"Feature","id":96007,"properties":{"OBJECTID":96007,"PRIMENAME":"Esplanade","ELEVTYP_F":0,"ELEVTYP_T":0},"geometry":{"type":"LineString","coordinates":[[-74.0591711593871,40.8954838177638],[-74.0591665957413,40.895669988804],[-74.0591633150249,40.8957223748844],[-74.0591556869738,40.8957744996841],[-74.0591437419471,40.8958261556807],[-74.0591275274911,40.8958771372177],[-74.0589436845923,40.8963899560795]]}},{"type":"Feature","id":96029,"properties":{"OBJECTID":96029,"PRIMENAME":"Paulison Avenue","ELEVTYP_F":0,"ELEVTYP_T":0},"geometry":{"type":"LineString","coordinates":[[-74.0277959131541,40.8594764168829],[-74.027599219767,40.8602520201687]]}},{"type":"Feature","id":96037,"properties":{"OBJECTID":96037,"PRIMENAME":"West End Avenue","ELEVTYP_F":0,"ELEVTYP_T":0},"geometry":{"type":"LineString","coordinates":[[-74.0262756113042,40.8740864854425],[-74.0255178496168,40.873861167971]]}},{"type":"Feature","id":96078,"properties":{"OBJECTID":96078,"PRIMENAME":"Passaic Street","ELEVTYP_F":0,"ELEVTYP_T":0},"geometry":{"type":"LineString","coordinates":[[-74.0411099601109,40.8903354090837],[-74.0412157927902,40.8903968435196],[-74.0417345553093,40.8906979733343],[-74.0424453737109,40.8911313933611]]}},{"type":"Feature","id":96121,"properties":{"OBJECTID":96121,"PRIMENAME":"North Street","ELEVTYP_F":0,"ELEVTYP_T":0},"geometry":{"type":"LineString","coordinates":[[-74.0544085598885,40.8660045305519],[-74.0533729292907,40.8654229612592],[-74.0519636590345,40.8646487929727],[-74.0512865317175,40.864276809721],[-74.0509477220895,40.8640935830966],[-74.0496859670359,40.8634112168286],[-74.0492789047144,40.8631910691713],[-74.0487965196703,40.8629129213655]]}},{"type":"Feature","id":96134,"properties":{"OBJECTID":96134,"PRIMENAME":"Palisade Avenue","ELEVTYP_F":0,"ELEVTYP_T":0},"geometry":{"type":"LineString","coordinates":[[-74.0253551005519,40.8763802982092],[-74.0252474807432,40.876678641462],[-74.0251529074666,40.8769678714213]]}},{"type":"Feature","id":96221,"properties":{"OBJECTID":96221,"PRIMENAME":"South Forest Avenue","ELEVTYP_F":0,"ELEVTYP_T":0},"geometry":{"type":"LineString","coordinates":[[-74.0557437328024,40.9149146780852],[-74.0566366568992,40.9136936436993],[-74.0567197708225,40.9135799887961],[-74.0571017624301,40.9130538199206]]}},{"type":"Feature","id":96434,"properties":{"OBJECTID":96434,"PRIMENAME":"Interstate 80","ELEVTYP_F":1,"ELEVTYP_T":0},"geometry":{"type":"LineString","coordinates":[[-74.0377416761319,40.8672120473137],[-74.0383203873075,40.8672024793262],[-74.0389368323795,40.8671949261515]]}},{"type":"Feature","id":96612,"properties":{"OBJECTID":96612,"PRIMENAME":"River Road","ELEVTYP_F":0,"ELEVTYP_T":0},"geometry":{"type":"LineString","coordinates":[[-74.028896630884,40.8961225493551],[-74.0287859943769,40.8962864578823],[-74.0286784815612,40.8964515590535],[-74.0285741147814,40.8966178185911],[-74.0284729157294,40.8967852019769],[-74.0283730410976,40.8969614368316],[-74.0283726565003,40.8969621142853],[-74.0282124363835,40.8972434782757]]}},{"type":"Feature","id":96628,"properties":{"OBJECTID":96628,"PRIMENAME":"East Hunter Avenue","ELEVTYP_F":0,"ELEVTYP_T":0},"geometry":{"type":"LineString","coordinates":[[-74.0626463087807,40.8937447709972],[-74.0601352243365,40.8923169638857],[-74.0601092210462,40.8923002475409],[-74.06008849998,40.8922797155521],[-74.0600740100007,40.8922563081292],[-74.0600664146322,40.892231097154]]}},{"type":"Feature","id":96644,"properties":{"OBJECTID":96644,"PRIMENAME":"Second Street","ELEVTYP_F":0,"ELEVTYP_T":0},"geometry":{"type":"LineString","coordinates":[[-74.0303497035705,40.8656597593779],[-74.0300434714983,40.8663060987886],[-74.0298600515467,40.8667035331054]]}},{"type":"Feature","id":96646,"properties":{"OBJECTID":96646,"PRIMENAME":"Herman Street","ELEVTYP_F":0,"ELEVTYP_T":0},"geometry":{"type":"LineString","coordinates":[[-74.0494005959509,40.9022968258451],[-74.049341382675,40.9023539910928],[-74.0485637390109,40.9031050909821],[-74.0484930821233,40.903174480286]]}},{"type":"Feature","id":96870,"properties":{"OBJECTID":96870,"PRIMENAME":"Bridge Street","ELEVTYP_F":0,"ELEVTYP_T":0},"geometry":{"type":"LineString","coordinates":[[-74.042415665278,40.8800693770904],[-74.0428050157731,40.8801439643851],[-74.0429108704256,40.8801594367149],[-74.0430173692343,40.8801721093566],[-74.0431243836965,40.8801819670192],[-74.0432317846868,40.8801889978082]]}},{"type":"Feature","id":96943,"properties":{"OBJECTID":96943,"PRIMENAME":"South State Street","ELEVTYP_F":0,"ELEVTYP_T":0},"geometry":{"type":"LineString","coordinates":[[-74.0478331079597,40.8764023950453],[-74.0476863763417,40.8769679363539],[-74.0476685241117,40.8770882868298]]}},{"type":"Feature","id":97097,"properties":{"OBJECTID":97097,"PRIMENAME":"Coles Avenue","ELEVTYP_F":0,"ELEVTYP_T":0},"geometry":{"type":"LineString","coordinates":[[-74.0437236561198,40.9109330984742],[-74.0428558215688,40.910423854629],[-74.0427398581158,40.9103555680327]]}},{"type":"Feature","id":97100,"properties":{"OBJECTID":97100,"PRIMENAME":"Ross Avenue","ELEVTYP_F":0,"ELEVTYP_T":0},"geometry":{"type":"LineString","coordinates":[[-74.0464510893586,40.9005467914493],[-74.0469774107243,40.9008614796227],[-74.0470646789664,40.9009131248894]]}},{"type":"Feature","id":97295,"properties":{"OBJECTID":97295,"PRIMENAME":"Maple Hill Drive","ELEVTYP_F":0,"ELEVTYP_T":0},"geometry":{"type":"LineString","coordinates":[[-74.0573999485478,40.8923238480727],[-74.057351746354,40.892419296072],[-74.0569541738989,40.8932060598689]]}},{"type":"Feature","id":97297,"properties":{"OBJECTID":97297,"PRIMENAME":"State Highway 17","ELEVTYP_F":0,"ELEVTYP_T":0},"geometry":{"type":"LineString","coordinates":[[-74.0641321079044,40.8679316323768],[-74.0641671401217,40.8678221040534],[-74.0642072441393,40.8676560498427]]}},{"type":"Feature","id":97351,"properties":{"OBJECTID":97351,"PRIMENAME":"Maywood Avenue","ELEVTYP_F":0,"ELEVTYP_T":0},"geometry":{"type":"LineString","coordinates":[[-74.0617794020974,40.9026649146064],[-74.0617615596593,40.9026948338297],[-74.0617063128327,40.9027939840228],[-74.0616562918531,40.9028947185793],[-74.0613320269983,40.9036561364491]]}},{"type":"Feature","id":97422,"properties":{"OBJECTID":97422,"PRIMENAME":"Ward Street","ELEVTYP_F":0,"ELEVTYP_T":0},"geometry":{"type":"LineString","coordinates":[[-74.0629703010803,40.8909409188158],[-74.0629038662715,40.8910050630109],[-74.0623016159837,40.8915866265439],[-74.0619416175318,40.8919342510844]]}},{"type":"Feature","id":97532,"properties":{"OBJECTID":97532,"PRIMENAME":"Moonachie Road","ELEVTYP_F":0,"ELEVTYP_T":0},"geometry":{"type":"LineString","coordinates":[[-74.0404050144258,40.8593281160597],[-74.0402822028151,40.8595733269285],[-74.0399448403447,40.8602744961629],[-74.039921875561,40.8603223861177]]}},{"type":"Feature","id":97581,"properties":{"OBJECTID":97581,"PRIMENAME":"Park Street","ELEVTYP_F":0,"ELEVTYP_T":0},"geometry":{"type":"LineString","coordinates":[[-74.0465086436672,40.8866733088187],[-74.0461784070287,40.8872894001956],[-74.045711144633,40.8880864188193]]}},{"type":"Feature","id":97656,"properties":{"OBJECTID":97656,"PRIMENAME":"East Kansas Street","ELEVTYP_F":0,"ELEVTYP_T":0},"geometry":{"type":"LineString","coordinates":[[-74.0406091476767,40.8762216424886],[-74.0398011222931,40.8760689593987]]}},{"type":"Feature","id":97680,"properties":{"OBJECTID":97680,"PRIMENAME":"Burton Avenue","ELEVTYP_F":0,"ELEVTYP_T":0},"geometry":{"type":"LineString","coordinates":[[-74.0673717607975,40.868198642429],[-74.0680474996432,40.8675422506754]]}},{"type":"Feature","id":97744,"properties":{"OBJECTID":97744,"PRIMENAME":"Summit Avenue","ELEVTYP_F":0,"ELEVTYP_T":0},"geometry":{"type":"LineString","coordinates":[[-74.0577431852373,40.8880052973052],[-74.0583153814929,40.8868753954857],[-74.0587760670365,40.8859770395155],[-74.0591795807493,40.8851734378495],[-74.0593499073385,40.8848556757953]]}},{"type":"Feature","id":97807,"properties":{"OBJECTID":97807,"PRIMENAME":"High Street","ELEVTYP_F":0,"ELEVTYP_T":0},"geometry":{"type":"LineString","coordinates":[[-74.0522333686881,40.8903498148267],[-74.0521661651344,40.8903119750416],[-74.0512324868566,40.8897865339296],[-74.0511593763823,40.8897451034255]]}},{"type":"Feature","id":98155,"properties":{"OBJECTID":98155,"PRIMENAME":"Krone Place","ELEVTYP_F":0,"ELEVTYP_T":0},"geometry":{"type":"LineString","coordinates":[[-74.0437094913731,40.9067565581217],[-74.0444302088831,40.9058111995747]]}},{"type":"Feature","id":98170,"properties":{"OBJECTID":98170,"PRIMENAME":"Sutton Avenue","ELEVTYP_F":0,"ELEVTYP_T":0},"geometry":{"type":"LineString","coordinates":[[-74.0651746561761,40.8838023984336],[-74.0637626691377,40.8829607394667],[-74.0636565350326,40.8828975611769]]}},{"type":"Feature","id":98245,"properties":{"OBJECTID":98245,"PRIMENAME":"Wilson Street","ELEVTYP_F":0,"ELEVTYP_T":0},"geometry":{"type":"LineString","coordinates":[[-74.0429811693003,40.9116568222864],[-74.0431120147677,40.911529317535],[-74.0437236561198,40.9109330984742]]}},{"type":"Feature","id":98405,"properties":{"OBJECTID":98405,"PRIMENAME":"Mercer Street","ELEVTYP_F":0,"ELEVTYP_T":0},"geometry":{"type":"LineString","coordinates":[[-74.0428778070738,40.8837882118732],[-74.0445635064302,40.8842095856935]]}},{"type":"Feature","id":98579,"properties":{"OBJECTID":98579,"PRIMENAME":"Golf Avenue","ELEVTYP_F":0,"ELEVTYP_T":0},"geometry":{"type":"LineString","coordinates":[[-74.0608502464489,40.8987106586515],[-74.0607835600609,40.8987785063969]]}},{"type":"Feature","id":98719,"properties":{"OBJECTID":98719,"PRIMENAME":"Hudson Street","ELEVTYP_F":0,"ELEVTYP_T":0},"geometry":{"type":"LineString","coordinates":[[-74.0398085814491,40.8675077073593],[-74.0399332462288,40.8678226387802],[-74.0402139534147,40.8685222088059]]}},{"type":"Feature","id":99075,"properties":{"OBJECTID":99075,"PRIMENAME":"Prospect Avenue","ELEVTYP_F":0,"ELEVTYP_T":0},"geometry":{"type":"LineString","coordinates":[[-74.0494101407424,40.8986779762844],[-74.0487740246017,40.8992642763429],[-74.0487165256393,40.8993197738585]]}},{"type":"Feature","id":99264,"properties":{"OBJECTID":99264,"PRIMENAME":"Pine Street","ELEVTYP_F":0,"ELEVTYP_T":0},"geometry":{"type":"LineString","coordinates":[[-74.0434271699775,40.9039539961911],[-74.0434694473749,40.903908731622],[-74.0435133846296,40.9038643863693],[-74.044212518757,40.9031708735647]]}},{"type":"Feature","id":99265,"properties":{"OBJECTID":99265,"PRIMENAME":"East Spring Valley Avenue","ELEVTYP_F":0,"ELEVTYP_T":0},"geometry":{"type":"LineString","coordinates":[[-74.0562110117513,40.9114772873119],[-74.0556155546871,40.9111206521828],[-74.0555401438986,40.9110784745464]]}},{"type":"Feature","id":99281,"properties":{"OBJECTID":99281,"PRIMENAME":"Hobart Street","ELEVTYP_F":0,"ELEVTYP_T":0},"geometry":{"type":"LineString","coordinates":[[-74.0512132714544,40.8731788445988],[-74.0512288243036,40.8729748180106]]}},{"type":"Feature","id":99338,"properties":{"OBJECTID":99338,"PRIMENAME":"Ottawa Avenue","ELEVTYP_F":0,"ELEVTYP_T":0},"geometry":{"type":"LineString","coordinates":[[-74.066184548654,40.862412549123],[-74.0671282882848,40.8629586690677],[-74.0673553283079,40.8630896867546]]}},{"type":"Feature","id":99342,"properties":{"OBJECTID":99342,"PRIMENAME":"Main Street","ELEVTYP_F":0,"ELEVTYP_T":0},"geometry":{"type":"LineString","coordinates":[[-74.0397955681984,40.8959690582152],[-74.0399344581311,40.8966505743129],[-74.0399440295499,40.8966944763521]]}},{"type":"Feature","id":99350,"properties":{"OBJECTID":99350,"PRIMENAME":"Catalpa Avenue","ELEVTYP_F":0,"ELEVTYP_T":0},"geometry":{"type":"LineString","coordinates":[[-74.0286663997477,40.8884637730501],[-74.0283332087893,40.889262449274]]}},{"type":"Feature","id":99448,"properties":{"OBJECTID":99448,"PRIMENAME":"Rowland Avenue","ELEVTYP_F":0,"ELEVTYP_T":0},"geometry":{"type":"LineString","coordinates":[[-74.0642610603707,40.8823195662255],[-74.0636565350326,40.8828975611769]]}},{"type":"Feature","id":99824,"properties":{"OBJECTID":99824,"PRIMENAME":"Grenville Avenue","ELEVTYP_F":0,"ELEVTYP_T":0},"geometry":{"type":"LineString","coordinates":[[-74.025143298248,40.9067400171145],[-74.0242385186544,40.9067791639477],[-74.0241725237637,40.9067780566582],[-74.0241069808604,40.9067721028857],[-74.0240425068158,40.9067613586656],[-74.0239797084406,40.9067459251195],[-74.0237211227014,40.9066662157372],[-74.0235837764806,40.9065966409196]]}},{"type":"Feature","id":99937,"properties":{"OBJECTID":99937,"PRIMENAME":"Jackson Avenue","ELEVTYP_F":0,"ELEVTYP_T":0},"geometry":{"type":"LineString","coordinates":[[-74.0411609536366,40.8662237949505],[-74.0411315079238,40.8661471212127],[-74.0408262566513,40.8653524524297]]}},{"type":"Feature","id":100306,"properties":{"OBJECTID":100306,"PRIMENAME":"Spring Valley Road","ELEVTYP_F":0,"ELEVTYP_T":0},"geometry":{"type":"LineString","coordinates":[[-74.0669564371749,40.907347113637],[-74.0666182816957,40.9079422611739],[-74.0665799692667,40.9080082420428]]}},{"type":"Feature","id":100439,"properties":{"OBJECTID":100439,"PRIMENAME":"Munn Avenue","ELEVTYP_F":0,"ELEVTYP_T":0},"geometry":{"type":"LineString","coordinates":[[-74.0323634435454,40.8734393672483],[-74.0311593099001,40.87317510883]]}},{"type":"Feature","id":100560,"properties":{"OBJECTID":100560,"PRIMENAME":"Polifly Road","ELEVTYP_F":0,"ELEVTYP_T":0},"geometry":{"type":"LineString","coordinates":[[-74.061111971982,40.87362164827],[-74.0609987449034,40.873753550706]]}},{"type":"Feature","id":100578,"properties":{"OBJECTID":100578,"PRIMENAME":"Byrne Street","ELEVTYP_F":0,"ELEVTYP_T":0},"geometry":{"type":"LineString","coordinates":[[-74.0545746411362,40.904281277401],[-74.0543512871554,40.9044948489285]]}},{"type":"Feature","id":100650,"properties":{"OBJECTID":100650,"PRIMENAME":"Boulevard","ELEVTYP_F":0,"ELEVTYP_T":0},"geometry":{"type":"LineString","coordinates":[[-74.0678394766566,40.8726369935821],[-74.0679071607322,40.8725550359137],[-74.0679957601311,40.8724507251411]]}},{"type":"Feature","id":100652,"properties":{"OBJECTID":100652,"PRIMENAME":"South Main Street","ELEVTYP_F":0,"ELEVTYP_T":0},"geometry":{"type":"LineString","coordinates":[[-74.045231618824,40.8737439308681],[-74.0452080619469,40.873809551641],[-74.0448812171045,40.8747196107533]]}},{"type":"Feature","id":100815,"properties":{"OBJECTID":100815,"PRIMENAME":"Huyler Street","ELEVTYP_F":0,"ELEVTYP_T":0},"geometry":{"type":"LineString","coordinates":[[-74.0487911508047,40.8713263304525],[-74.048748442271,40.8718967275192],[-74.0487381391345,40.8719815605124]]}},{"type":"Feature","id":100873,"properties":{"OBJECTID":100873,"PRIMENAME":"Park Street","ELEVTYP_F":0,"ELEVTYP_T":0},"geometry":{"type":"LineString","coordinates":[[-74.045711144633,40.8880864188193],[-74.0450296834576,40.8892935347295],[-74.0445059625102,40.8902231257237]]}},{"type":"Feature","id":100998,"properties":{"OBJECTID":100998,"PRIMENAME":"Collins Avenue","ELEVTYP_F":0,"ELEVTYP_T":0},"geometry":{"type":"LineString","coordinates":[[-74.0661520456188,40.871638828731],[-74.0654577044264,40.8723214624208]]}},{"type":"Feature","id":101184,"properties":{"OBJECTID":101184,"PRIMENAME":"Oakwood Avenue","ELEVTYP_F":0,"ELEVTYP_T":0},"geometry":{"type":"LineString","coordinates":[[-74.0307921396402,40.8712775208938],[-74.030641602463,40.871236314359],[-74.0296495424101,40.8709647473475],[-74.0280257717049,40.8705143120863]]}},{"type":"Feature","id":101270,"properties":{"OBJECTID":101270,"PRIMENAME":"Passaic Street","ELEVTYP_F":0,"ELEVTYP_T":0},"geometry":{"type":"LineString","coordinates":[[-74.048352893811,40.8946699480054],[-74.0490535882671,40.8950884371359]]}},{"type":"Feature","id":101518,"properties":{"OBJECTID":101518,"PRIMENAME":"Lincoln Avenue","ELEVTYP_F":0,"ELEVTYP_T":0},"geometry":{"type":"LineString","coordinates":[[-74.0644377772812,40.9079759343721],[-74.0645360580716,40.9077532528042],[-74.0645479782745,40.9077188526497],[-74.0645633383122,40.9076852467317],[-74.0645820478344,40.9076526327145],[-74.0646039967902,40.9076212024279],[-74.0646290560756,40.9075911407387],[-74.0646570782927,40.9075626244639],[-74.064687898617,40.9075358213305],[-74.0647213357667,40.9075108889887],[-74.065015098834,40.907254660151],[-74.0650430109798,40.9072268112822],[-74.0650674942174,40.9071971638525],[-74.0650883484786,40.9071659601357],[-74.0651054033513,40.9071334551231],[-74.0651078921993,40.9071291553069]]}},{"type":"Feature","id":101872,"properties":{"OBJECTID":101872,"PRIMENAME":"Elizabeth Street","ELEVTYP_F":0,"ELEVTYP_T":0},"geometry":{"type":"LineString","coordinates":[[-74.0516523645203,40.8732346764367],[-74.052567562026,40.8733510526684]]}},{"type":"Feature","id":101955,"properties":{"OBJECTID":101955,"PRIMENAME":"East Passaic Street","ELEVTYP_F":0,"ELEVTYP_T":0},"geometry":{"type":"LineString","coordinates":[[-74.0594689502971,40.9013009343632],[-74.059689046793,40.9014325225645],[-74.0600048687236,40.9016187364556]]}},{"type":"Feature","id":101962,"properties":{"OBJECTID":101962,"PRIMENAME":"Lincoln Avenue","ELEVTYP_F":0,"ELEVTYP_T":0},"geometry":{"type":"LineString","coordinates":[[-74.0262122786902,40.8590764627423],[-74.0260169146006,40.8598608520906]]}},{"type":"Feature","id":102056,"properties":{"OBJECTID":102056,"PRIMENAME":"Romaine Avenue","ELEVTYP_F":0,"ELEVTYP_T":0},"geometry":{"type":"LineString","coordinates":[[-74.0604173526697,40.897543704174],[-74.0614332979144,40.8981177491183]]}},{"type":"Feature","id":102153,"properties":{"OBJECTID":102153,"PRIMENAME":"Oak Avenue","ELEVTYP_F":0,"ELEVTYP_T":0},"geometry":{"type":"LineString","coordinates":[[-74.0619534560209,40.9050607448288],[-74.0618259105917,40.9053094727163],[-74.0616566553639,40.9056395385352],[-74.0615750189113,40.9058171536985]]}},{"type":"Feature","id":102282,"properties":{"OBJECTID":102282,"PRIMENAME":"Palisade Avenue","ELEVTYP_F":0,"ELEVTYP_T":0},"geometry":{"type":"LineString","coordinates":[[-74.0271334875423,40.8723380202417],[-74.0267819251952,40.8730545726199]]}},{"type":"Feature","id":102358,"properties":{"OBJECTID":102358,"PRIMENAME":"Wilson Street","ELEVTYP_F":0,"ELEVTYP_T":0},"geometry":{"type":"LineString","coordinates":[[-74.0501138570649,40.871451808662],[-74.050032416817,40.8714366126739],[-74.0497784918718,40.8713892055505],[-74.0496540566716,40.8713761821371],[-74.0495290618888,40.8713667386953],[-74.0487911508047,40.8713263304525]]}},{"type":"Feature","id":102454,"properties":{"OBJECTID":102454,"PRIMENAME":"State Highway 17","ELEVTYP_F":0,"ELEVTYP_T":0},"geometry":{"type":"LineString","coordinates":[[-74.0660945701377,40.8811711218682],[-74.0657682727194,40.880437995377],[-74.0654841070978,40.8798092674554],[-74.0651070233014,40.878939868926],[-74.0650085559602,40.8787216679788],[-74.0648135739971,40.8782895842021]]}},{"type":"Feature","id":102462,"properties":{"OBJECTID":102462,"PRIMENAME":"Railroad Avenue","ELEVTYP_F":0,"ELEVTYP_T":0},"geometry":{"type":"LineString","coordinates":[[-74.031733036859,40.8671923130653],[-74.0317331903135,40.8673246200626]]}},{"type":"Feature","id":102481,"properties":{"OBJECTID":102481,"PRIMENAME":"Shafer Place","ELEVTYP_F":0,"ELEVTYP_T":0},"geometry":{"type":"LineString","coordinates":[[-74.0369722258262,40.8652859631089],[-74.0359031595768,40.8655513390295]]}},{"type":"Feature","id":102857,"properties":{"OBJECTID":102857,"PRIMENAME":"Standish Avenue","ELEVTYP_F":0,"ELEVTYP_T":0},"geometry":{"type":"LineString","coordinates":[[-74.0618374589293,40.8799281627718],[-74.0607308338022,40.8792607206429],[-74.0606542999812,40.8792162256208]]}},{"type":"Feature","id":102862,"properties":{"OBJECTID":102862,"PRIMENAME":"Kenneth Street","ELEVTYP_F":0,"ELEVTYP_T":0},"geometry":{"type":"LineString","coordinates":[[-74.0579278490751,40.8752453913475],[-74.0584644609226,40.8746915963311]]}},{"type":"Feature","id":102891,"properties":{"OBJECTID":102891,"PRIMENAME":"West End Avenue","ELEVTYP_F":0,"ELEVTYP_T":0},"geometry":{"type":"LineString","coordinates":[[-74.0271574672938,40.8743450270903],[-74.0266240548755,40.874190110771],[-74.0262756113042,40.8740864854425]]}},{"type":"Feature","id":103002,"properties":{"OBJECTID":103002,"PRIMENAME":"Ross Avenue","ELEVTYP_F":0,"ELEVTYP_T":0},"geometry":{"type":"LineString","coordinates":[[-74.0399440295499,40.8966944763521],[-74.0402266702871,40.8968603268485],[-74.0414061393701,40.8975524084533]]}},{"type":"Feature","id":103026,"properties":{"OBJECTID":103026,"PRIMENAME":"Kinderkamack Road","ELEVTYP_F":0,"ELEVTYP_T":0},"geometry":{"type":"LineString","coordinates":[[-74.0360349549423,40.913438565701],[-74.0359573538132,40.9136850771007],[-74.0356589732214,40.9145809709972],[-74.0354329030092,40.9152412843876],[-74.0351251512491,40.9161300028319],[-74.0350797901137,40.9162622350979]]}},{"type":"Feature","id":103129,"properties":{"OBJECTID":103129,"PRIMENAME":"Coolidge Avenue","ELEVTYP_F":0,"ELEVTYP_T":0},"geometry":{"type":"LineString","coordinates":[[-74.0589470171323,40.9118714967466],[-74.0578923002337,40.9115980716079]]}},{"type":"Feature","id":103155,"properties":{"OBJECTID":103155,"PRIMENAME":"Hill Street","ELEVTYP_F":0,"ELEVTYP_T":0},"geometry":{"type":"LineString","coordinates":[[-74.0255790590799,40.8757423624397],[-74.0256444237682,40.8758157286421],[-74.0281699763225,40.8765455086632]]}},{"type":"Feature","id":103168,"properties":{"OBJECTID":103168,"PRIMENAME":"Duvier Place","ELEVTYP_F":0,"ELEVTYP_T":0},"geometry":{"type":"LineString","coordinates":[[-74.0678400542417,40.9014361515705],[-74.067908269462,40.9013717915873],[-74.0685007195209,40.9008128916198]]}},{"type":"Feature","id":103222,"properties":{"OBJECTID":103222,"PRIMENAME":"Prospect Avenue","ELEVTYP_F":0,"ELEVTYP_T":0},"geometry":{"type":"LineString","coordinates":[[-74.0579630374329,40.8840518676627],[-74.0575774926861,40.8847792794542],[-74.0571573835157,40.8856282959091],[-74.057056011429,40.8858277372376]]}},{"type":"Feature","id":103244,"properties":{"OBJECTID":103244,"PRIMENAME":"Clay Street","ELEVTYP_F":0,"ELEVTYP_T":0},"geometry":{"type":"LineString","coordinates":[[-74.0518660367536,40.8910006660841],[-74.0517897538804,40.8909574396366],[-74.0507918840794,40.890391943173]]}},{"type":"Feature","id":103346,"properties":{"OBJECTID":103346,"PRIMENAME":"Library Circle","ELEVTYP_F":0,"ELEVTYP_T":0},"geometry":{"type":"LineString","coordinates":[[-74.028896630884,40.8961225493551],[-74.0289895666967,40.8962468918051],[-74.0290526080243,40.8963673891715],[-74.0291439523523,40.8964608491013],[-74.0293890667607,40.8964948183626],[-74.0295810333377,40.8964548752459],[-74.0297404602741,40.8959571163417],[-74.0297695488449,40.8958195411463],[-74.0297684679197,40.8957901737929]]}},{"type":"Feature","id":103608,"properties":{"OBJECTID":103608,"PRIMENAME":"Collingwood Avenue","ELEVTYP_F":0,"ELEVTYP_T":0},"geometry":{"type":"LineString","coordinates":[[-74.0555108482453,40.909936692431],[-74.0554515594482,40.9099940801851],[-74.0554164523402,40.9100280609156],[-74.054773998946,40.9106498911586]]}},{"type":"Feature","id":103818,"properties":{"OBJECTID":103818,"PRIMENAME":"Essex Street","ELEVTYP_F":0,"ELEVTYP_T":0},"geometry":{"type":"LineString","coordinates":[[-74.0528244954147,40.8800843725382],[-74.0519176214977,40.8795355983401],[-74.0518192586985,40.8794754859556]]}},{"type":"Feature","id":103953,"properties":{"OBJECTID":103953,"PRIMENAME":"Parker Avenue","ELEVTYP_F":0,"ELEVTYP_T":0},"geometry":{"type":"LineString","coordinates":[[-74.0625014771875,40.8840222334948],[-74.0648344153596,40.8854166209718]]}},{"type":"Feature","id":104038,"properties":{"OBJECTID":104038,"PRIMENAME":"Old Hoboken Road","ELEVTYP_F":0,"ELEVTYP_T":0},"geometry":{"type":"LineString","coordinates":[[-74.0434630323053,40.8704287951879],[-74.0434565519945,40.8703666788427],[-74.0433638023036,40.8694770600357]]}},{"type":"Feature","id":104265,"properties":{"OBJECTID":104265,"PRIMENAME":"Coles Street","ELEVTYP_F":0,"ELEVTYP_T":0},"geometry":{"type":"LineString","coordinates":[[-74.0556629906808,40.9071155777245],[-74.0554344856328,40.90733559204],[-74.0550618120799,40.9076944157017],[-74.0550034683298,40.9077513124861]]}},{"type":"Feature","id":104525,"properties":{"OBJECTID":104525,"PRIMENAME":"West Main Street","ELEVTYP_F":0,"ELEVTYP_T":0},"geometry":{"type":"LineString","coordinates":[[-74.0293546160577,40.8780270433585],[-74.0289761305645,40.877943918549],[-74.0288919445842,40.8779253039919],[-74.0284399366787,40.877825352569]]}},{"type":"Feature","id":104588,"properties":{"OBJECTID":104588,"PRIMENAME":"Interstate 80","ELEVTYP_F":0,"ELEVTYP_T":0},"geometry":{"type":"LineString","coordinates":[[-74.0425548957428,40.8671775448132],[-74.0429957351067,40.8671782223656],[-74.0438430843746,40.8671922535799],[-74.0442901806374,40.8672089900885]]}},{"type":"Feature","id":104736,"properties":{"OBJECTID":104736,"PRIMENAME":"Essex Street","ELEVTYP_F":0,"ELEVTYP_T":0},"geometry":{"type":"LineString","coordinates":[[-74.0643659333834,40.88696884085],[-74.064101725318,40.8868096813079]]}},{"type":"Feature","id":104907,"properties":{"OBJECTID":104907,"PRIMENAME":"Elm Avenue","ELEVTYP_F":0,"ELEVTYP_T":0},"geometry":{"type":"LineString","coordinates":[[-74.0321785763708,40.8697928679761],[-74.0320330687996,40.8701677856271],[-74.0318410193047,40.8707073481509]]}},{"type":"Feature","id":104940,"properties":{"OBJECTID":104940,"PRIMENAME":"State Street","ELEVTYP_F":0,"ELEVTYP_T":0},"geometry":{"type":"LineString","coordinates":[[-74.0420679434106,40.8888882727733],[-74.0419616707751,40.8890830973119],[-74.0414797764517,40.8899890152466],[-74.0413957248096,40.8900806113776],[-74.0413059290375,40.8901690125716],[-74.0412105996433,40.8902540115684],[-74.0411099601109,40.8903354090837]]}},{"type":"Feature","id":104956,"properties":{"OBJECTID":104956,"PRIMENAME":"Wilson Street","ELEVTYP_F":0,"ELEVTYP_T":0},"geometry":{"type":"LineString","coordinates":[[-74.0437236561198,40.9109330984742],[-74.0446168597496,40.9100670923653]]}},{"type":"Feature","id":104970,"properties":{"OBJECTID":104970,"PRIMENAME":"Wilson Avenue","ELEVTYP_F":0,"ELEVTYP_T":0},"geometry":{"type":"LineString","coordinates":[[-74.0244439632832,40.8975746528162],[-74.0249724138727,40.8971185653078],[-74.025019619703,40.8970564775948],[-74.0250653359678,40.8969937513895]]}},{"type":"Feature","id":104990,"properties":{"OBJECTID":104990,"PRIMENAME":"Taplin Avenue","ELEVTYP_F":0,"ELEVTYP_T":0},"geometry":{"type":"LineString","coordinates":[[-74.063428756793,40.9021079384181],[-74.0625676187839,40.9015925814923]]}},{"type":"Feature","id":105092,"properties":{"OBJECTID":105092,"PRIMENAME":"East Main Street","ELEVTYP_F":0,"ELEVTYP_T":0},"geometry":{"type":"LineString","coordinates":[[-74.027730383218,40.8776684486491],[-74.0274775337584,40.877608197992],[-74.0267370489978,40.8774317431818],[-74.0262379042558,40.8773061450475],[-74.025794898849,40.8771942795975],[-74.0256236622368,40.877148668615],[-74.0254612942007,40.8770918385593],[-74.0251529074666,40.8769678714213]]}},{"type":"Feature","id":105098,"properties":{"OBJECTID":105098,"PRIMENAME":"Jackson Avenue","ELEVTYP_F":0,"ELEVTYP_T":0},"geometry":{"type":"LineString","coordinates":[[-74.0421275540411,40.8686557861995],[-74.0423796763662,40.8692883980053]]}},{"type":"Feature","id":105133,"properties":{"OBJECTID":105133,"PRIMENAME":"Washington Avenue","ELEVTYP_F":0,"ELEVTYP_T":0},"geometry":{"type":"LineString","coordinates":[[-74.0420642891915,40.8707583804985],[-74.0422915106148,40.8713532883224],[-74.0425689973981,40.8720431493346]]}},{"type":"Feature","id":105135,"properties":{"OBJECTID":105135,"PRIMENAME":"East State Highway 4","ELEVTYP_F":0,"ELEVTYP_T":0},"geometry":{"type":"LineString","coordinates":[[-74.0316762801467,40.9043967358256],[-74.0320935804439,40.9048359986036],[-74.0324305739835,40.9051940410935],[-74.0325798779827,40.9053526719475],[-74.0326589900464,40.9054359903715],[-74.0328558343787,40.9056432971821],[-74.0331943039791,40.9060069701058]]}},{"type":"Feature","id":105386,"properties":{"OBJECTID":105386,"PRIMENAME":"Moore Street","ELEVTYP_F":0,"ELEVTYP_T":0},"geometry":{"type":"LineString","coordinates":[[-74.0429816167027,40.8812212288892],[-74.0429311006611,40.881482868031],[-74.0428379028125,40.8817082889703],[-74.0427396528021,40.8819324707424],[-74.0427166309291,40.8819826671957],[-74.042675656047,40.8820716879986]]}},{"type":"Feature","id":105620,"properties":{"OBJECTID":105620,"PRIMENAME":"Tilden Avenue","ELEVTYP_F":0,"ELEVTYP_T":0},"geometry":{"type":"LineString","coordinates":[[-74.0304937475178,40.8941740966791],[-74.0284142340192,40.8935361456205]]}},{"type":"Feature","id":105867,"properties":{"OBJECTID":105867,"PRIMENAME":"Hudson Street","ELEVTYP_F":0,"ELEVTYP_T":0},"geometry":{"type":"LineString","coordinates":[[-74.0405180208985,40.8692800911841],[-74.0406768811148,40.8696761056625]]}},{"type":"Feature","id":105868,"properties":{"OBJECTID":105868,"PRIMENAME":"Paulison Avenue","ELEVTYP_F":0,"ELEVTYP_T":0},"geometry":{"type":"LineString","coordinates":[[-74.027599219767,40.8602520201687],[-74.0275091653777,40.8606070662644],[-74.0274028219277,40.8610309446252]]}},{"type":"Feature","id":106041,"properties":{"OBJECTID":106041,"PRIMENAME":"Hillcrest Street","ELEVTYP_F":0,"ELEVTYP_T":0},"geometry":{"type":"LineString","coordinates":[[-74.0287039806508,40.8832126467718],[-74.0317514240427,40.8839314138086]]}},{"type":"Feature","id":106356,"properties":{"OBJECTID":106356,"PRIMENAME":"Hudson Street","ELEVTYP_F":0,"ELEVTYP_T":0},"geometry":{"type":"LineString","coordinates":[[-74.044588852711,40.8779370086274],[-74.0446155987405,40.877966410582],[-74.0446404559736,40.8779967524262],[-74.0446633671866,40.8780279643133],[-74.0446842796353,40.8780599743941],[-74.0448100349241,40.8782641722002],[-74.0448206084606,40.8782789056477],[-74.0448322083122,40.8782931872507],[-74.044844801059,40.8783069758622],[-74.0448583504205,40.8783202317555],[-74.0448728173598,40.8783329167388],[-74.0448881601963,40.878344994265],[-74.0449043347257,40.8783564295371],[-74.0449212943477,40.8783671896088]]}},{"type":"Feature","id":106651,"properties":{"OBJECTID":106651,"PRIMENAME":"Parker Avenue","ELEVTYP_F":0,"ELEVTYP_T":0},"geometry":{"type":"LineString","coordinates":[[-74.0576610388536,40.8811617173344],[-74.0581874788699,40.8814598311948],[-74.0594614423582,40.882216872389]]}},{"type":"Feature","id":106655,"properties":{"OBJECTID":106655,"PRIMENAME":"Franklin Street","ELEVTYP_F":0,"ELEVTYP_T":0},"geometry":{"type":"LineString","coordinates":[[-74.0475847044417,40.8602404536372],[-74.0481677528161,40.8603709280665]]}},{"type":"Feature","id":106793,"properties":{"OBJECTID":106793,"PRIMENAME":"Catalpa Avenue","ELEVTYP_F":0,"ELEVTYP_T":0},"geometry":{"type":"LineString","coordinates":[[-74.0429090748327,40.9062844997405],[-74.0421073812337,40.9058104548716]]}},{"type":"Feature","id":106819,"properties":{"OBJECTID":106819,"PRIMENAME":"Jaeger Avenue","ELEVTYP_F":0,"ELEVTYP_T":0},"geometry":{"type":"LineString","coordinates":[[-74.0637434050968,40.8973707762798],[-74.0636891725941,40.8974267592456],[-74.0628924313161,40.8982493632532]]}},{"type":"Feature","id":106891,"properties":{"OBJECTID":106891,"PRIMENAME":"American Legion Drive","ELEVTYP_F":0,"ELEVTYP_T":0},"geometry":{"type":"LineString","coordinates":[[-74.0564249719408,40.890578743733],[-74.0562875524257,40.8904982826088],[-74.0555500906008,40.8900664480802],[-74.055046361799,40.8897714739009]]}},{"type":"Feature","id":106914,"properties":{"OBJECTID":106914,"PRIMENAME":"4th Place","ELEVTYP_F":0,"ELEVTYP_T":0},"geometry":{"type":"LineString","coordinates":[[-74.0242402042203,40.8751749865013],[-74.0243339148946,40.8752186327198],[-74.0246868400573,40.8753887920764],[-74.0248368273185,40.8754619040451]]}},{"type":"Feature","id":106916,"properties":{"OBJECTID":106916,"PRIMENAME":"Wilson Avenue","ELEVTYP_F":0,"ELEVTYP_T":0},"geometry":{"type":"LineString","coordinates":[[-74.0263025461213,40.8951528475494],[-74.0266624262831,40.8946164828763],[-74.0266681137241,40.8946082175454],[-74.026672363485,40.8945994687105],[-74.0266751059629,40.8945903796615],[-74.0266762962416,40.8945810992606],[-74.0266759148273,40.8945717795035],[-74.0266739679674,40.8945625730308],[-74.0266704875486,40.8945536306275],[-74.0266655305743,40.8945450987537]]}},{"type":"Feature","id":106962,"properties":{"OBJECTID":106962,"PRIMENAME":"South Summit Avenue","ELEVTYP_F":0,"ELEVTYP_T":0},"geometry":{"type":"LineString","coordinates":[[-74.0646558681435,40.8770090226662],[-74.0648407030458,40.8766538174967],[-74.0650221185177,40.8762975983868],[-74.0650800380208,40.876189916871]]}},{"type":"Feature","id":107025,"properties":{"OBJECTID":107025,"PRIMENAME":"Longworth Avenue","ELEVTYP_F":0,"ELEVTYP_T":0},"geometry":{"type":"LineString","coordinates":[[-74.0681464070823,40.8696996255634],[-74.0667049487343,40.8688481184648]]}},{"type":"Feature","id":107125,"properties":{"OBJECTID":107125,"PRIMENAME":"Wendel Place","ELEVTYP_F":0,"ELEVTYP_T":0},"geometry":{"type":"LineString","coordinates":[[-74.0242499143359,40.9049669842511],[-74.0243631268231,40.9049707725063],[-74.0251275533529,40.904996128787],[-74.025143637776,40.9049949191446],[-74.0251597673081,40.9049957108248],[-74.0251755122365,40.904998482736],[-74.0251904530951,40.9050031610309],[-74.0252041918388,40.9050096210733],[-74.0252163624482,40.9050176907588],[-74.0252266406811,40.9050271551],[-74.0252347527101,40.9050377619536]]}},{"type":"Feature","id":107193,"properties":{"OBJECTID":107193,"PRIMENAME":"South River Street","ELEVTYP_F":0,"ELEVTYP_T":0},"geometry":{"type":"LineString","coordinates":[[-74.0393655176267,40.8713028538008],[-74.0395090494959,40.8717032285273],[-74.0398468741104,40.8726682159249]]}},{"type":"Feature","id":107226,"properties":{"OBJECTID":107226,"PRIMENAME":"Cedar Avenue","ELEVTYP_F":0,"ELEVTYP_T":0},"geometry":{"type":"LineString","coordinates":[[-74.0492789381774,40.9086580738668],[-74.0503108423238,40.9092638447306]]}},{"type":"Feature","id":107373,"properties":{"OBJECTID":107373,"PRIMENAME":"Romanelli Avenue","ELEVTYP_F":0,"ELEVTYP_T":0},"geometry":{"type":"LineString","coordinates":[[-74.0553953724138,40.872152264531],[-74.0556723805756,40.8717823061346],[-74.055893636283,40.8714868058643]]}},{"type":"Feature","id":107440,"properties":{"OBJECTID":107440,"PRIMENAME":"Linden Avenue","ELEVTYP_F":0,"ELEVTYP_T":0},"geometry":{"type":"LineString","coordinates":[[-74.0254919604655,40.8842070888295],[-74.0259220371967,40.8831721501297]]}},{"type":"Feature","id":107472,"properties":{"OBJECTID":107472,"PRIMENAME":"Longview Avenue","ELEVTYP_F":0,"ELEVTYP_T":0},"geometry":{"type":"LineString","coordinates":[[-74.058603817407,40.8798876428359],[-74.0590258697247,40.879304227901],[-74.0590767651577,40.879237198611]]}},{"type":"Feature","id":107520,"properties":{"OBJECTID":107520,"PRIMENAME":"Water Street","ELEVTYP_F":0,"ELEVTYP_T":0},"geometry":{"type":"LineString","coordinates":[[-74.0414022994315,40.8714976533433],[-74.0412312263993,40.871481327456],[-74.0393655176267,40.8713028538008]]}},{"type":"Feature","id":107787,"properties":{"OBJECTID":107787,"PRIMENAME":"State Highway 17","ELEVTYP_F":0,"ELEVTYP_T":0},"geometry":{"type":"LineString","coordinates":[[-74.0637554898672,40.8750477648286],[-74.0637442276098,40.87490687855],[-74.0637079213898,40.8746808054162],[-74.0637051916831,40.8745678132238]]}},{"type":"Feature","id":107830,"properties":{"OBJECTID":107830,"PRIMENAME":"Green Street","ELEVTYP_F":0,"ELEVTYP_T":0},"geometry":{"type":"LineString","coordinates":[[-74.0577142901122,40.8708031190829],[-74.0574734064847,40.8711154206745]]}},{"type":"Feature","id":107867,"properties":{"OBJECTID":107867,"PRIMENAME":"Beech Street","ELEVTYP_F":0,"ELEVTYP_T":0},"geometry":{"type":"LineString","coordinates":[[-74.0577431852373,40.8880052973052],[-74.0563655520867,40.8871871759268]]}},{"type":"Feature","id":107899,"properties":{"OBJECTID":107899,"PRIMENAME":"Leuning Street","ELEVTYP_F":0,"ELEVTYP_T":0},"geometry":{"type":"LineString","coordinates":[[-74.0499024396802,40.8720902804022],[-74.0506393956197,40.8721931251329],[-74.0507031992183,40.8722003344229],[-74.0507667216516,40.8722088551366]]}},{"type":"Feature","id":107930,"properties":{"OBJECTID":107930,"PRIMENAME":"Mendez Avenue","ELEVTYP_F":0,"ELEVTYP_T":0},"geometry":{"type":"LineString","coordinates":[[-74.0637014127457,40.9096736865326],[-74.0628421894376,40.9094622033307]]}},{"type":"Feature","id":108029,"properties":{"OBJECTID":108029,"PRIMENAME":"Terhune Street","ELEVTYP_F":0,"ELEVTYP_T":0},"geometry":{"type":"LineString","coordinates":[[-74.0280521962675,40.8848084124708],[-74.0267183884912,40.8844941144961]]}},{"type":"Feature","id":108172,"properties":{"OBJECTID":108172,"PRIMENAME":"Maplewood Avenue","ELEVTYP_F":0,"ELEVTYP_T":0},"geometry":{"type":"LineString","coordinates":[[-74.0240797489013,40.8687009572861],[-74.0264676800546,40.8693646853127]]}},{"type":"Feature","id":108173,"properties":{"OBJECTID":108173,"PRIMENAME":"Interstate 80","ELEVTYP_F":0,"ELEVTYP_T":1},"geometry":{"type":"LineString","coordinates":[[-74.0356198626915,40.8672544896797],[-74.0364227614761,40.8672377725504],[-74.0374492661611,40.8672168593965],[-74.0376236780479,40.8672139897042],[-74.0377416761319,40.8672120473137]]}},{"type":"Feature","id":108273,"properties":{"OBJECTID":108273,"PRIMENAME":"Hudson Street","ELEVTYP_F":0,"ELEVTYP_T":0},"geometry":{"type":"LineString","coordinates":[[-74.0384596364126,40.8641241424016],[-74.0386699451066,40.8646473192713],[-74.0387600386471,40.86487284746]]}},{"type":"Feature","id":108425,"properties":{"OBJECTID":108425,"PRIMENAME":"Main Street","ELEVTYP_F":0,"ELEVTYP_T":0},"geometry":{"type":"LineString","coordinates":[[-74.0411424347933,40.8873099076889],[-74.040947802477,40.8876978432347],[-74.0408487170993,40.8878836413163],[-74.0407474624989,40.8880687646955],[-74.0405550626129,40.8883949205023]]}},{"type":"Feature","id":108628,"properties":{"OBJECTID":108628,"PRIMENAME":"Polifly Road","ELEVTYP_F":0,"ELEVTYP_T":0},"geometry":{"type":"LineString","coordinates":[[-74.0547703948768,40.8803518179774],[-74.0543730468157,40.8810253739798]]}},{"type":"Feature","id":108712,"properties":{"OBJECTID":108712,"PRIMENAME":"Hammell Place","ELEVTYP_F":0,"ELEVTYP_T":0},"geometry":{"type":"LineString","coordinates":[[-74.0644140566034,40.890672636903],[-74.0634829681488,40.8901138900028]]}},{"type":"Feature","id":108830,"properties":{"OBJECTID":108830,"PRIMENAME":"Moore Street","ELEVTYP_F":0,"ELEVTYP_T":0},"geometry":{"type":"LineString","coordinates":[[-74.0426120659224,40.8822100566918],[-74.0422854655965,40.8829207132389],[-74.0420511539239,40.8834380275815],[-74.0420231783381,40.8835613564421]]}},{"type":"Feature","id":109131,"properties":{"OBJECTID":109131,"PRIMENAME":"Grove Street","ELEVTYP_F":0,"ELEVTYP_T":0},"geometry":{"type":"LineString","coordinates":[[-74.0501239719864,40.8598210921753],[-74.0499926644625,40.8597919913497],[-74.0483342390178,40.859424436228],[-74.0481996621091,40.8593940435492]]}},{"type":"Feature","id":109212,"properties":{"OBJECTID":109212,"PRIMENAME":"Standish Avenue","ELEVTYP_F":0,"ELEVTYP_T":0},"geometry":{"type":"LineString","coordinates":[[-74.0598971567475,40.8787748458019],[-74.0591857081849,40.8783519333982]]}},{"type":"Feature","id":109213,"properties":{"OBJECTID":109213,"PRIMENAME":"Summit Avenue","ELEVTYP_F":0,"ELEVTYP_T":0},"geometry":{"type":"LineString","coordinates":[[-74.0560241521441,40.8915484692682],[-74.0560948369063,40.8913095750899],[-74.0562972755829,40.8908327284711],[-74.0563149679249,40.8907910534517],[-74.0564249719408,40.890578743733]]}},{"type":"Feature","id":109257,"properties":{"OBJECTID":109257,"PRIMENAME":"Essex Street","ELEVTYP_F":0,"ELEVTYP_T":0},"geometry":{"type":"LineString","coordinates":[[-74.0457837692767,40.8783957061273],[-74.0455117894942,40.8783989718876],[-74.0454291731863,40.8784009346648],[-74.0453754111814,40.8784005442119],[-74.0453216936032,40.8783988403181],[-74.0452680761373,40.8783958247497],[-74.0452146143654,40.8783915006328],[-74.0451613637078,40.87838587245],[-74.0451083793659,40.8783789460356],[-74.0450557162651,40.8783707285699],[-74.0450034289974,40.8783612285712],[-74.0449621847109,40.8783628043853],[-74.0449212943477,40.8783671896088]]}},{"type":"Feature","id":109266,"properties":{"OBJECTID":109266,"PRIMENAME":"Berry Street","ELEVTYP_F":0,"ELEVTYP_T":0},"geometry":{"type":"LineString","coordinates":[[-74.0433859992426,40.8895550000899],[-74.04350462317,40.8896257400027],[-74.0445059625102,40.8902231257237]]}},{"type":"Feature","id":109311,"properties":{"OBJECTID":109311,"PRIMENAME":"Florence Street","ELEVTYP_F":0,"ELEVTYP_T":0},"geometry":{"type":"LineString","coordinates":[[-74.0460923827262,40.8685390951867],[-74.0461164123981,40.8684726249912],[-74.0464762997266,40.8674768299648]]}},{"type":"Feature","id":109360,"properties":{"OBJECTID":109360,"PRIMENAME":"Byrne Street","ELEVTYP_F":0,"ELEVTYP_T":0},"geometry":{"type":"LineString","coordinates":[[-74.0570251100505,40.899838085126],[-74.0569587738611,40.8999014309582],[-74.0562238993079,40.9006036133099]]}},{"type":"Feature","id":109382,"properties":{"OBJECTID":109382,"PRIMENAME":"Conklin Avenue","ELEVTYP_F":0,"ELEVTYP_T":0},"geometry":{"type":"LineString","coordinates":[[-74.053496276656,40.9101985569969],[-74.0532102807395,40.9104887178252],[-74.0531534830846,40.9105463436841],[-74.0531464569938,40.9105539174428],[-74.0531385324096,40.9105609623405],[-74.0531297780987,40.9105674172439],[-74.0531202700284,40.9105732261392],[-74.0531100907068,40.9105783386183],[-74.0530993284669,40.9105827103167],[-74.0530880767004,40.910586303298],[-74.0530764330468,40.9105890863834],[-74.0530644985463,40.9105910354221],[-74.0530523767633,40.9105921335007],[-74.0530401728872,40.9105923710906],[-74.0530279928197,40.9105917461299],[-74.0530159422561,40.9105902640419],[-74.0530041257679,40.9105879376879],[-74.052992645895,40.910584787255],[-74.0529816022566,40.9105808400821]]}},{"type":"Feature","id":109430,"properties":{"OBJECTID":109430,"PRIMENAME":"Fifth Street","ELEVTYP_F":0,"ELEVTYP_T":0},"geometry":{"type":"LineString","coordinates":[[-74.0287406072898,40.8608969742682],[-74.0287922481674,40.8607591871084],[-74.0288656079885,40.8605634531208]]}},{"type":"Feature","id":109473,"properties":{"OBJECTID":109473,"PRIMENAME":"Zuber Place","ELEVTYP_F":0,"ELEVTYP_T":0},"geometry":{"type":"LineString","coordinates":[[-74.0672907726384,40.9109280533055],[-74.0672007576563,40.9109049060353],[-74.0669467852012,40.9108396109181],[-74.0668971400744,40.910826682704],[-74.0668483706112,40.9108119607331],[-74.0668005893496,40.9107954789773],[-74.0667539065466,40.910777275469],[-74.0667084299244,40.910757392214],[-74.0666642644215,40.9107358750937],[-74.0666215119506,40.9107127737601],[-74.0665802711636,40.9106881415205],[-74.0662424393245,40.9104831430423],[-74.0662047797693,40.9104595544392],[-74.0661655877245,40.9104374492832],[-74.0661249646148,40.910416884779],[-74.0660830155675,40.9103979141445],[-74.0660398491414,40.9103805864725],[-74.0659955770452,40.9103649466045],[-74.0659503138486,40.9103510350137],[-74.0659041766859,40.9103388877011],[-74.0655062995517,40.9102534216469]]}},{"type":"Feature","id":109728,"properties":{"OBJECTID":109728,"PRIMENAME":"Leonia Avenue","ELEVTYP_F":0,"ELEVTYP_T":0},"geometry":{"type":"LineString","coordinates":[[-74.0266291876379,40.8795513808267],[-74.0264119141725,40.8797889971909],[-74.0261089756753,40.8801210703107]]}},{"type":"Feature","id":109735,"properties":{"OBJECTID":109735,"PRIMENAME":"Fifth Street","ELEVTYP_F":0,"ELEVTYP_T":0},"geometry":{"type":"LineString","coordinates":[[-74.0273023349871,40.8648060958923],[-74.0277011449116,40.8640007426128],[-74.0282761525736,40.8628395410148]]}},{"type":"Feature","id":109831,"properties":{"OBJECTID":109831,"PRIMENAME":"River Street","ELEVTYP_F":0,"ELEVTYP_T":0},"geometry":{"type":"LineString","coordinates":[[-74.0408326543964,40.884147717057],[-74.0403854682333,40.8850690853434],[-74.0402661756183,40.8853214190436]]}},{"type":"Feature","id":110048,"properties":{"OBJECTID":110048,"PRIMENAME":"Stanley Place","ELEVTYP_F":0,"ELEVTYP_T":0},"geometry":{"type":"LineString","coordinates":[[-74.0498576968358,40.8944901640113],[-74.0504045858626,40.8948183400451]]}},{"type":"Feature","id":110050,"properties":{"OBJECTID":110050,"PRIMENAME":"Ramapo Avenue","ELEVTYP_F":0,"ELEVTYP_T":0},"geometry":{"type":"LineString","coordinates":[[-74.0680035655221,40.8983460556673],[-74.0682408487022,40.8980644393475]]}},{"type":"Feature","id":110133,"properties":{"OBJECTID":110133,"PRIMENAME":"Park Street","ELEVTYP_F":0,"ELEVTYP_T":0},"geometry":{"type":"LineString","coordinates":[[-74.0436253269803,40.8918363004526],[-74.043589191948,40.8919362923634],[-74.0428724426822,40.892630364366]]}},{"type":"Feature","id":110161,"properties":{"OBJECTID":110161,"PRIMENAME":"River Road","ELEVTYP_F":0,"ELEVTYP_T":0},"geometry":{"type":"LineString","coordinates":[[-74.0311084475944,40.8872915391057],[-74.0310919476462,40.8873743413084],[-74.0309799037839,40.8879314096754],[-74.0309694655697,40.888012179049],[-74.0309635339597,40.888093211015]]}},{"type":"Feature","id":110504,"properties":{"OBJECTID":110504,"PRIMENAME":"South Main Street","ELEVTYP_F":0,"ELEVTYP_T":0},"geometry":{"type":"LineString","coordinates":[[-74.046262124891,40.8708205090787],[-74.0463228611204,40.8706317030379]]}},{"type":"Feature","id":110927,"properties":{"OBJECTID":110927,"PRIMENAME":"Marvin Avenue","ELEVTYP_F":0,"ELEVTYP_T":0},"geometry":{"type":"LineString","coordinates":[[-74.0568937228433,40.8779482092709],[-74.0570142471948,40.8780205619459],[-74.0578772618923,40.8785385493119],[-74.0589936361664,40.8791968874356],[-74.0590767651577,40.879237198611]]}},{"type":"Feature","id":111089,"properties":{"OBJECTID":111089,"PRIMENAME":"Clay Street","ELEVTYP_F":0,"ELEVTYP_T":0},"geometry":{"type":"LineString","coordinates":[[-74.0474871602186,40.8886592692752],[-74.0471711046797,40.8885585521668]]}},{"type":"Feature","id":111129,"properties":{"OBJECTID":111129,"PRIMENAME":"Chestnut Avenue","ELEVTYP_F":0,"ELEVTYP_T":0},"geometry":{"type":"LineString","coordinates":[[-74.0446762916272,40.8682416985856],[-74.0446394346316,40.8681482531043],[-74.0444305052376,40.8676185969902]]}},{"type":"Feature","id":111593,"properties":{"OBJECTID":111593,"PRIMENAME":"Demarest Place","ELEVTYP_F":0,"ELEVTYP_T":0},"geometry":{"type":"LineString","coordinates":[[-74.0419840494003,40.8817979627351],[-74.0419488115965,40.8819204117378],[-74.0419501992557,40.8819382083038],[-74.0419553594804,40.8819556004932],[-74.0419641565108,40.881972130727],[-74.0419763589042,40.8819873641033],[-74.0419916456238,40.8820008998394],[-74.0420096144853,40.8820123818167],[-74.0420297927374,40.8820215079496],[-74.0420516495003,40.8820280381338],[-74.0425391052294,40.8821431730275],[-74.042675656047,40.8820716879986]]}},{"type":"Feature","id":111611,"properties":{"OBJECTID":111611,"PRIMENAME":"Summit Avenue","ELEVTYP_F":0,"ELEVTYP_T":0},"geometry":{"type":"LineString","coordinates":[[-74.0492789381774,40.9086580738668],[-74.0484280713168,40.9094980685724],[-74.0484096409753,40.9095160581143]]}},{"type":"Feature","id":111619,"properties":{"OBJECTID":111619,"PRIMENAME":"Banta Place","ELEVTYP_F":0,"ELEVTYP_T":0},"geometry":{"type":"LineString","coordinates":[[-74.0439194083997,40.885419395617],[-74.0438037562477,40.8853857253007],[-74.0423149774082,40.8849524132071]]}},{"type":"Feature","id":112206,"properties":{"OBJECTID":112206,"PRIMENAME":"Hudson Street","ELEVTYP_F":0,"ELEVTYP_T":0},"geometry":{"type":"LineString","coordinates":[[-74.0417003873599,40.8722506778219],[-74.0420483983764,40.8731172111186],[-74.0420837348159,40.8732054640295]]}},{"type":"Feature","id":112219,"properties":{"OBJECTID":112219,"PRIMENAME":"Beech Street","ELEVTYP_F":0,"ELEVTYP_T":0},"geometry":{"type":"LineString","coordinates":[[-74.0601481607188,40.8894514394425],[-74.0601093835464,40.8894241416082],[-74.0600694064908,40.8893978594829],[-74.0600282757254,40.8893726234214],[-74.0599860387557,40.8893484625703],[-74.0590995117935,40.8888125598286],[-74.0590688881856,40.8887943260444]]}},{"type":"Feature","id":112885,"properties":{"OBJECTID":112885,"PRIMENAME":"Green Street","ELEVTYP_F":0,"ELEVTYP_T":0},"geometry":{"type":"LineString","coordinates":[[-74.0568759600159,40.8719075135286],[-74.056414511885,40.872519289127],[-74.0563720076811,40.8725756985574]]}},{"type":"Feature","id":113173,"properties":{"OBJECTID":113173,"PRIMENAME":"Maywood Avenue","ELEVTYP_F":0,"ELEVTYP_T":0},"geometry":{"type":"LineString","coordinates":[[-74.063763691085,40.8999764774829],[-74.0636482652255,40.900128741645],[-74.0628308076879,40.9012300409777],[-74.0628264921253,40.9012359845614],[-74.0625676187839,40.9015925814923]]}},{"type":"Feature","id":113219,"properties":{"OBJECTID":113219,"PRIMENAME":"Elm Street","ELEVTYP_F":0,"ELEVTYP_T":0},"geometry":{"type":"LineString","coordinates":[[-74.0585142289585,40.9030540171701],[-74.0578306574083,40.9037149842477]]}},{"type":"Feature","id":113280,"properties":{"OBJECTID":113280,"PRIMENAME":"Railroad Avenue","ELEVTYP_F":0,"ELEVTYP_T":0},"geometry":{"type":"LineString","coordinates":[[-74.0283630212887,40.8576832117304],[-74.0283690934297,40.8576988830889],[-74.0285994744846,40.8581459058312],[-74.0289783087231,40.8589294340197]]}},{"type":"Feature","id":113345,"properties":{"OBJECTID":113345,"PRIMENAME":"Coles Avenue","ELEVTYP_F":0,"ELEVTYP_T":0},"geometry":{"type":"LineString","coordinates":[[-74.0447087702733,40.9115110930764],[-74.0437236561198,40.9109330984742]]}},{"type":"Feature","id":113487,"properties":{"OBJECTID":113487,"PRIMENAME":"Prospect Street","ELEVTYP_F":0,"ELEVTYP_T":0},"geometry":{"type":"LineString","coordinates":[[-74.0679142436852,40.8647402317375],[-74.0684483601004,40.8641603847089],[-74.0686709551175,40.8639187294207],[-74.0687133761994,40.8638726626078]]}},{"type":"Feature","id":113552,"properties":{"OBJECTID":113552,"PRIMENAME":"Edgewood Place","ELEVTYP_F":0,"ELEVTYP_T":0},"geometry":{"type":"LineString","coordinates":[[-74.0596811257882,40.8998993668581],[-74.0597958102324,40.8999638988146],[-74.0608001265229,40.9005288468612],[-74.060848639478,40.9005561512309]]}},{"type":"Feature","id":113618,"properties":{"OBJECTID":113618,"PRIMENAME":"Chestnut Place","ELEVTYP_F":0,"ELEVTYP_T":0},"geometry":{"type":"LineString","coordinates":[[-74.0247500233624,40.8840290718201],[-74.0247824479087,40.8839506723329],[-74.0251629074873,40.883027992176],[-74.0251781139791,40.8830130584815],[-74.0251993502355,40.8830032381076],[-74.0252238089582,40.8829998292444],[-74.0252482568622,40.8830032825218],[-74.0259220371967,40.8831721501297]]}},{"type":"Feature","id":113638,"properties":{"OBJECTID":113638,"PRIMENAME":"Union Street","ELEVTYP_F":0,"ELEVTYP_T":0},"geometry":{"type":"LineString","coordinates":[[-74.0444418418189,40.8876794990155],[-74.0444057069263,40.8877536891065],[-74.0437192698856,40.8889554526073],[-74.0433859992426,40.8895550000899]]}},{"type":"Feature","id":113895,"properties":{"OBJECTID":113895,"PRIMENAME":"Van Cleve Street","ELEVTYP_F":0,"ELEVTYP_T":0},"geometry":{"type":"LineString","coordinates":[[-74.0641518259921,40.8920648000625],[-74.0631404702304,40.8930498645612]]}},{"type":"Feature","id":113937,"properties":{"OBJECTID":113937,"PRIMENAME":"Passaic Street","ELEVTYP_F":0,"ELEVTYP_T":0},"geometry":{"type":"LineString","coordinates":[[-74.0458989772934,40.8932020395906],[-74.0462304569462,40.8933988383097]]}},{"type":"Feature","id":114007,"properties":{"OBJECTID":114007,"PRIMENAME":"Stanley Place","ELEVTYP_F":0,"ELEVTYP_T":0},"geometry":{"type":"LineString","coordinates":[[-74.0475196759936,40.893071602515],[-74.0487123204313,40.8937797465683],[-74.0488178646066,40.8938556170637]]}},{"type":"Feature","id":114024,"properties":{"OBJECTID":114024,"PRIMENAME":"Summit Avenue","ELEVTYP_F":0,"ELEVTYP_T":0},"geometry":{"type":"LineString","coordinates":[[-74.0549382766092,40.8935996898408],[-74.055081175409,40.8933164699585],[-74.055520410111,40.8923883995999],[-74.0555347121946,40.8923645518744],[-74.0560156769677,40.8915625998584],[-74.0560241521441,40.8915484692682]]}},{"type":"Feature","id":114433,"properties":{"OBJECTID":114433,"PRIMENAME":"Rowland Avenue","ELEVTYP_F":0,"ELEVTYP_T":0},"geometry":{"type":"LineString","coordinates":[[-74.0630786102091,40.8834603088754],[-74.0625014771875,40.8840222334948]]}},{"type":"Feature","id":114750,"properties":{"OBJECTID":114750,"PRIMENAME":"Kent Avenue","ELEVTYP_F":0,"ELEVTYP_T":0},"geometry":{"type":"LineString","coordinates":[[-74.0283332087893,40.889262449274],[-74.0299287258808,40.8896403523692],[-74.0306292410462,40.8898147632901],[-74.0306894804423,40.8898256872417],[-74.0307505133375,40.8898336819089],[-74.0308120926502,40.8898387149266],[-74.0308739690862,40.8898407659192],[-74.0311557488903,40.8898344451182]]}},{"type":"Feature","id":114813,"properties":{"OBJECTID":114813,"PRIMENAME":"Munn Avenue","ELEVTYP_F":0,"ELEVTYP_T":0},"geometry":{"type":"LineString","coordinates":[[-74.033258147796,40.8736366459619],[-74.0326418938084,40.8735004719361],[-74.0323634435454,40.8734393672483]]}},{"type":"Feature","id":114926,"properties":{"OBJECTID":114926,"PRIMENAME":"East State Highway 4","ELEVTYP_F":0,"ELEVTYP_T":0},"geometry":{"type":"LineString","coordinates":[[-74.0313651954801,40.9040692669773],[-74.0316762801467,40.9043967358256]]}},{"type":"Feature","id":115058,"properties":{"OBJECTID":115058,"PRIMENAME":"Louis Street","ELEVTYP_F":0,"ELEVTYP_T":0},"geometry":{"type":"LineString","coordinates":[[-74.0419492945591,40.9111139275307],[-74.0420460722513,40.9110210945425],[-74.0427398581158,40.9103555680327]]}},{"type":"Feature","id":115086,"properties":{"OBJECTID":115086,"PRIMENAME":"West Street","ELEVTYP_F":0,"ELEVTYP_T":0},"geometry":{"type":"LineString","coordinates":[[-74.0505223299474,40.8729755261833],[-74.0505451249552,40.8729040269234],[-74.0507667216516,40.8722088551366]]}},{"type":"Feature","id":115138,"properties":{"OBJECTID":115138,"PRIMENAME":"Huyler Street","ELEVTYP_F":0,"ELEVTYP_T":0},"geometry":{"type":"LineString","coordinates":[[-74.0478945549729,40.8771072789594],[-74.0477712263931,40.878221717798]]}},{"type":"Feature","id":115348,"properties":{"OBJECTID":115348,"PRIMENAME":"West Main Street","ELEVTYP_F":0,"ELEVTYP_T":0},"geometry":{"type":"LineString","coordinates":[[-74.0360136124621,40.8824712895139],[-74.0355013603001,40.8821416523996],[-74.0353845500382,40.8820664834063],[-74.0351184854729,40.8818889396235],[-74.0350411533438,40.8818177811214],[-74.0349384045134,40.8816938449617],[-74.0348683640658,40.8815677891963],[-74.0348278894907,40.8814239007065],[-74.0347704433545,40.8807544262107],[-74.034679105018,40.8798535264286],[-74.034667939953,40.8797591378464],[-74.0346508277089,40.8796670037056],[-74.0346131245165,40.8795613355915],[-74.0345605314554,40.8794645293095],[-74.0344990148243,40.8793766899704],[-74.0344138429891,40.8792842531716],[-74.034328549432,40.8792142976073],[-74.0342314106095,40.8791420427256],[-74.0341224463801,40.8790697399977],[-74.0339985762619,40.8790086043312],[-74.0339012374468,40.878970028721],[-74.0337801605742,40.8789336085008],[-74.0336384122752,40.8788948531529],[-74.0334641023835,40.8788581894327],[-74.0333359295439,40.8788344281528],[-74.0330063463785,40.8787733297833]]}},{"type":"Feature","id":115713,"properties":{"OBJECTID":115713,"PRIMENAME":"Green Street","ELEVTYP_F":0,"ELEVTYP_T":0},"geometry":{"type":"LineString","coordinates":[[-74.0578296597188,40.8706536047613],[-74.0577142901122,40.8708031190829]]}},{"type":"Feature","id":116028,"properties":{"OBJECTID":116028,"PRIMENAME":"Terrace Avenue","ELEVTYP_F":0,"ELEVTYP_T":0},"geometry":{"type":"LineString","coordinates":[[-74.0603861211139,40.9058122712269],[-74.0603036231012,40.9057916444843],[-74.0593363063903,40.9055497476285]]}},{"type":"Feature","id":116093,"properties":{"OBJECTID":116093,"PRIMENAME":"Huyler Street","ELEVTYP_F":0,"ELEVTYP_T":0},"geometry":{"type":"LineString","coordinates":[[-74.0487381391345,40.8719815605124],[-74.0486980405854,40.8723110716058]]}},{"type":"Feature","id":116097,"properties":{"OBJECTID":116097,"PRIMENAME":"Vincent Avenue","ELEVTYP_F":0,"ELEVTYP_T":0},"geometry":{"type":"LineString","coordinates":[[-74.0624075655776,40.8745909233151],[-74.0622033456442,40.8744662146712]]}},{"type":"Feature","id":116337,"properties":{"OBJECTID":116337,"PRIMENAME":"South Summit Avenue","ELEVTYP_F":1,"ELEVTYP_T":1},"geometry":{"type":"LineString","coordinates":[[-74.0642556086441,40.8777629744695],[-74.0644320139608,40.8774381453348]]}},{"type":"Feature","id":116493,"properties":{"OBJECTID":116493,"PRIMENAME":"South Summit Avenue","ELEVTYP_F":0,"ELEVTYP_T":0},"geometry":{"type":"LineString","coordinates":[[-74.0614482822794,40.8824897424381],[-74.0616447744827,40.8823010061902],[-74.0616924173852,40.8822539574877],[-74.0617389670073,40.8822062825683],[-74.061784409065,40.8821579960639],[-74.0618287296142,40.8821091127937],[-74.0618719150551,40.8820596477605],[-74.0619139521365,40.8820096161453],[-74.0619548279594,40.881959033303],[-74.0619945299816,40.8819079147577]]}},{"type":"Feature","id":116537,"properties":{"OBJECTID":116537,"PRIMENAME":"Golf Avenue","ELEVTYP_F":0,"ELEVTYP_T":0},"geometry":{"type":"LineString","coordinates":[[-74.0601358476459,40.8994372089544],[-74.0596982794757,40.8998820568344],[-74.0596811257882,40.8998993668581]]}},{"type":"Feature","id":116622,"properties":{"OBJECTID":116622,"PRIMENAME":"Allen Street","ELEVTYP_F":0,"ELEVTYP_T":0},"geometry":{"type":"LineString","coordinates":[[-74.0510893554493,40.9085098005734],[-74.0506393017988,40.9089425961277],[-74.0503108423238,40.9092638447306]]}},{"type":"Feature","id":116708,"properties":{"OBJECTID":116708,"PRIMENAME":"Oakwood Avenue","ELEVTYP_F":0,"ELEVTYP_T":0},"geometry":{"type":"LineString","coordinates":[[-74.0280257717049,40.8705143120863],[-74.0276721345409,40.8704162153915],[-74.0267084230045,40.8701478173054]]}},{"type":"Feature","id":116752,"properties":{"OBJECTID":116752,"PRIMENAME":"South River Street","ELEVTYP_F":0,"ELEVTYP_T":0},"geometry":{"type":"LineString","coordinates":[[-74.0412078370831,40.8776090940762],[-74.041227306423,40.8777800445366],[-74.0412719408047,40.878171924433],[-74.0413452389826,40.87872834049],[-74.0413864086216,40.8790877617184]]}},{"type":"Feature","id":116833,"properties":{"OBJECTID":116833,"PRIMENAME":"Poplar Avenue","ELEVTYP_F":0,"ELEVTYP_T":0},"geometry":{"type":"LineString","coordinates":[[-74.0402883342893,40.8982888968241],[-74.0404328878689,40.898373001286],[-74.0405286922291,40.8984287209581]]}},{"type":"Feature","id":116963,"properties":{"OBJECTID":116963,"PRIMENAME":"Hollister Road","ELEVTYP_F":0,"ELEVTYP_T":0},"geometry":{"type":"LineString","coordinates":[[-74.0586218529383,40.8617289779962],[-74.0585266976894,40.8618696496679]]}},{"type":"Feature","id":117298,"properties":{"OBJECTID":117298,"PRIMENAME":"West Shore Avenue","ELEVTYP_F":0,"ELEVTYP_T":0},"geometry":{"type":"LineString","coordinates":[[-74.0297645666198,40.8738783943925],[-74.030124170003,40.8729618150812]]}},{"type":"Feature","id":117905,"properties":{"OBJECTID":117905,"PRIMENAME":"Maple Avenue","ELEVTYP_F":0,"ELEVTYP_T":0},"geometry":{"type":"LineString","coordinates":[[-74.0412367401118,40.8936291466468],[-74.0422823334791,40.8942565369799],[-74.0433668733353,40.8949043032169]]}},{"type":"Feature","id":118052,"properties":{"OBJECTID":118052,"PRIMENAME":"Colonial Terrace","ELEVTYP_F":0,"ELEVTYP_T":0},"geometry":{"type":"LineString","coordinates":[[-74.0551793118661,40.8963138198861],[-74.0552811178604,40.8963714993077],[-74.0555070384829,40.8964993590654],[-74.058207026418,40.8980273420071]]}},{"type":"Feature","id":118156,"properties":{"OBJECTID":118156,"PRIMENAME":"Blauvelt Place","ELEVTYP_F":0,"ELEVTYP_T":0},"geometry":{"type":"LineString","coordinates":[[-74.0433052171692,40.8689043428593],[-74.0431106365107,40.8688632762771]]}},{"type":"Feature","id":118157,"properties":{"OBJECTID":118157,"PRIMENAME":"Catalpa Avenue","ELEVTYP_F":0,"ELEVTYP_T":0},"geometry":{"type":"LineString","coordinates":[[-74.0280711981905,40.8941838362325],[-74.0278923820466,40.8945214443181]]}},{"type":"Feature","id":118237,"properties":{"OBJECTID":118237,"PRIMENAME":"Polifly Road","ELEVTYP_F":0,"ELEVTYP_T":0},"geometry":{"type":"LineString","coordinates":[[-74.0568937228433,40.8779482092709],[-74.056233255705,40.8784733296517]]}},{"type":"Feature","id":118240,"properties":{"OBJECTID":118240,"PRIMENAME":"Vreeland Avenue","ELEVTYP_F":0,"ELEVTYP_T":0},"geometry":{"type":"LineString","coordinates":[[-74.043234239702,40.8657500075089],[-74.0428291887443,40.8658428601054]]}},{"type":"Feature","id":118333,"properties":{"OBJECTID":118333,"PRIMENAME":"Essex Street","ELEVTYP_F":0,"ELEVTYP_T":0},"geometry":{"type":"LineString","coordinates":[[-74.0626565330153,40.8859432594463],[-74.0622274607276,40.8856869582731],[-74.062062024621,40.8855882808981]]}},{"type":"Feature","id":118424,"properties":{"OBJECTID":118424,"PRIMENAME":"South Main Street","ELEVTYP_F":0,"ELEVTYP_T":0},"geometry":{"type":"LineString","coordinates":[[-74.0453248576064,40.873763074416],[-74.0453453646366,40.8736992796593],[-74.0455220841074,40.8731499172435]]}},{"type":"Feature","id":118431,"properties":{"OBJECTID":118431,"PRIMENAME":"Maywood Avenue","ELEVTYP_F":0,"ELEVTYP_T":0},"geometry":{"type":"LineString","coordinates":[[-74.0603861211139,40.9058122712269],[-74.0603408537964,40.9059169820342],[-74.0599676670424,40.9067840812894],[-74.0599373878379,40.9068544277271]]}},{"type":"Feature","id":119038,"properties":{"OBJECTID":119038,"PRIMENAME":"Williams Avenue","ELEVTYP_F":0,"ELEVTYP_T":0},"geometry":{"type":"LineString","coordinates":[[-74.0680474996432,40.8675422506754],[-74.0670552206111,40.8669500137908],[-74.0669401940693,40.8668846094077]]}},{"type":"Feature","id":119215,"properties":{"OBJECTID":119215,"PRIMENAME":"River Road","ELEVTYP_F":0,"ELEVTYP_T":0},"geometry":{"type":"LineString","coordinates":[[-74.0271480754917,40.8991456359565],[-74.0271153798926,40.8991881983455],[-74.0270812449839,40.89923010512],[-74.027045693583,40.8992713282642],[-74.0270087494542,40.8993118402193],[-74.0269704372933,40.8993516139021],[-74.0269307827105,40.8993906227227],[-74.0268898122139,40.8994288406027],[-74.0268475531911,40.8994662419921],[-74.0267630519897,40.8995414085708]]}},{"type":"Feature","id":119321,"properties":{"OBJECTID":119321,"PRIMENAME":"Washington Avenue","ELEVTYP_F":0,"ELEVTYP_T":0},"geometry":{"type":"LineString","coordinates":[[-74.0388513161462,40.8626551314901],[-74.0387096532389,40.8622909693869]]}},{"type":"Feature","id":119478,"properties":{"OBJECTID":119478,"PRIMENAME":"Chestnut Avenue","ELEVTYP_F":0,"ELEVTYP_T":0},"geometry":{"type":"LineString","coordinates":[[-74.043312871673,40.862784656004],[-74.0441859822396,40.8629830831036]]}},{"type":"Feature","id":119700,"properties":{"OBJECTID":119700,"PRIMENAME":"Lodi Street","ELEVTYP_F":0,"ELEVTYP_T":0},"geometry":{"type":"LineString","coordinates":[[-74.0502593545788,40.8743982196502],[-74.0500607881139,40.8743695581124],[-74.0498626179232,40.8743393580011],[-74.0498219867012,40.8743331987108],[-74.0497812231056,40.8743275658876],[-74.0497403389748,40.8743224611675],[-74.0496993461818,40.8743178860328]]}},{"type":"Feature","id":120158,"properties":{"OBJECTID":120158,"PRIMENAME":"Water Street","ELEVTYP_F":0,"ELEVTYP_T":0},"geometry":{"type":"LineString","coordinates":[[-74.0393655176267,40.8713028538008],[-74.0367414677549,40.871021285895]]}},{"type":"Feature","id":120166,"properties":{"OBJECTID":120166,"PRIMENAME":"Elleen Terrace","ELEVTYP_F":0,"ELEVTYP_T":0},"geometry":{"type":"LineString","coordinates":[[-74.0590234755821,40.8741012870548],[-74.0591310237914,40.8741854803679],[-74.059241275239,40.874267634489],[-74.0593541628463,40.8743476994272],[-74.0594696179301,40.8744256264623],[-74.0595875702438,40.8745013681752],[-74.0597079480208,40.8745748784763],[-74.0598306780177,40.8746461126337],[-74.0599556855589,40.8747150273003],[-74.0601109271763,40.874792230906]]}},{"type":"Feature","id":120371,"properties":{"OBJECTID":120371,"PRIMENAME":"Main Street","ELEVTYP_F":0,"ELEVTYP_T":0},"geometry":{"type":"LineString","coordinates":[[-74.0428778070738,40.8837882118732],[-74.0428677857988,40.8838096651079],[-74.0427811324569,40.8839908490938],[-74.0425333763743,40.8845088738049],[-74.0423149774082,40.8849524132071]]}},{"type":"Feature","id":120602,"properties":{"OBJECTID":120602,"PRIMENAME":"Atlantic Street","ELEVTYP_F":0,"ELEVTYP_T":0},"geometry":{"type":"LineString","coordinates":[[-74.0542217890216,40.8843312311717],[-74.0541081958152,40.8842909564856],[-74.053992459627,40.8842543645748],[-74.0527831868108,40.8838894917673]]}},{"type":"Feature","id":120673,"properties":{"OBJECTID":120673,"PRIMENAME":"East Pleasantview Avenue","ELEVTYP_F":0,"ELEVTYP_T":0},"geometry":{"type":"LineString","coordinates":[[-74.0616482506407,40.8729970440692],[-74.0617525898222,40.8730555516202],[-74.0624186136748,40.8734292239704]]}},{"type":"Feature","id":120676,"properties":{"OBJECTID":120676,"PRIMENAME":"Fischer Avenue","ELEVTYP_F":0,"ELEVTYP_T":0},"geometry":{"type":"LineString","coordinates":[[-74.0267084230045,40.8701478173054],[-74.0270208049628,40.8695184206638]]}},{"type":"Feature","id":120786,"properties":{"OBJECTID":120786,"PRIMENAME":"Larch Avenue","ELEVTYP_F":0,"ELEVTYP_T":0},"geometry":{"type":"LineString","coordinates":[[-74.0277254109486,40.8856081565263],[-74.0274918939869,40.8861796294634],[-74.0273962789735,40.8864112121111]]}},{"type":"Feature","id":120942,"properties":{"OBJECTID":120942,"PRIMENAME":"Fischer Avenue","ELEVTYP_F":0,"ELEVTYP_T":0},"geometry":{"type":"LineString","coordinates":[[-74.0264676800546,40.8693646853127],[-74.0267668286075,40.8687349062361]]}},{"type":"Feature","id":121852,"properties":{"OBJECTID":121852,"PRIMENAME":"Fairview Avenue","ELEVTYP_F":0,"ELEVTYP_T":0},"geometry":{"type":"LineString","coordinates":[[-74.0315167096679,40.8686482860424],[-74.0309521245288,40.86848859627],[-74.0297228615418,40.8681404729618],[-74.0292317120535,40.8680030345445]]}},{"type":"Feature","id":121861,"properties":{"OBJECTID":121861,"PRIMENAME":"Pine Street","ELEVTYP_F":0,"ELEVTYP_T":0},"geometry":{"type":"LineString","coordinates":[[-74.0431518369435,40.9050602644333],[-74.0433082701175,40.9042352643797],[-74.0433423332264,40.9040536031683],[-74.0433837668669,40.9040033168648],[-74.0434271699775,40.9039539961911]]}},{"type":"Feature","id":121977,"properties":{"OBJECTID":121977,"PRIMENAME":"River Street","ELEVTYP_F":0,"ELEVTYP_T":0},"geometry":{"type":"LineString","coordinates":[[-74.0416005990693,40.8810870654387],[-74.0416035175191,40.8811149928523],[-74.0416825892562,40.8818759431887],[-74.0416849125066,40.8818983099249],[-74.0416934074348,40.8820666634641],[-74.0416925745135,40.8821874101261],[-74.0416725662369,40.882293422043],[-74.0416544044434,40.8823605268459],[-74.0416379399383,40.882421363232],[-74.0415742295692,40.8825711212477],[-74.0414567418095,40.8828304347708],[-74.0413657911246,40.8830314671649]]}},{"type":"Feature","id":122069,"properties":{"OBJECTID":122069,"PRIMENAME":"East Fort Lee Road","ELEVTYP_F":0,"ELEVTYP_T":0},"geometry":{"type":"LineString","coordinates":[[-74.0275199852745,40.8756230466006],[-74.0273310078666,40.8755706400233],[-74.0266336307974,40.8753638588962]]}},{"type":"Feature","id":122139,"properties":{"OBJECTID":122139,"PRIMENAME":"Carol Court","ELEVTYP_F":0,"ELEVTYP_T":0},"geometry":{"type":"LineString","coordinates":[[-74.0336355668797,40.9041259418173],[-74.0336069999724,40.9041163649627],[-74.0329577265603,40.9038951830077]]}},{"type":"Feature","id":122332,"properties":{"OBJECTID":122332,"PRIMENAME":"Temple Avenue","ELEVTYP_F":0,"ELEVTYP_T":0},"geometry":{"type":"LineString","coordinates":[[-74.0371077275108,40.8986564576073],[-74.0369214912374,40.8985736286073],[-74.0367325849984,40.8984943574628],[-74.0365411268225,40.8984186936986],[-74.0363472363313,40.8983466845854],[-74.0359507221228,40.8982062514509]]}},{"type":"Feature","id":122613,"properties":{"OBJECTID":122613,"PRIMENAME":"Howcroft Road","ELEVTYP_F":0,"ELEVTYP_T":0},"geometry":{"type":"LineString","coordinates":[[-74.0652366043654,40.8893519047747],[-74.0652591262813,40.8893840104129],[-74.0652785073314,40.8894172755373],[-74.0652946445794,40.8894515234796],[-74.0653074523165,40.8894865723511],[-74.0653168625163,40.8895222360094],[-74.0653228251962,40.8895583250466],[-74.0653253086829,40.8895946477953],[-74.065324299781,40.8896310113467],[-74.0653218308178,40.8896591982226],[-74.0653205186924,40.8896874297481],[-74.0653203646769,40.8897156785866],[-74.0653213689219,40.8897439173849],[-74.0653235304563,40.8897721187994],[-74.0653268471888,40.8898002555225],[-74.065331315909,40.8898283003094],[-74.0653369322915,40.8898562260043],[-74.0653526473467,40.8898935655702],[-74.065371334942,40.8899301080108],[-74.0653929254625,40.8899657171892],[-74.065417338478,40.8900002604446]]}},{"type":"Feature","id":122617,"properties":{"OBJECTID":122617,"PRIMENAME":"Johnson Avenue","ELEVTYP_F":0,"ELEVTYP_T":0},"geometry":{"type":"LineString","coordinates":[[-74.0409559547795,40.9021813396888],[-74.0411648170465,40.9026537998607],[-74.0413786826736,40.9031249700663],[-74.041392287017,40.903197051182],[-74.0413997600143,40.9032696465129],[-74.0414010707712,40.9033424561369],[-74.0413962138523,40.9034151792456]]}},{"type":"Feature","id":122678,"properties":{"OBJECTID":122678,"PRIMENAME":"Kipp Street","ELEVTYP_F":0,"ELEVTYP_T":0},"geometry":{"type":"LineString","coordinates":[[-74.0260681675106,40.8860954476705],[-74.0273962789735,40.8864112121111]]}},{"type":"Feature","id":122729,"properties":{"OBJECTID":122729,"PRIMENAME":"Maplewood Avenue","ELEVTYP_F":0,"ELEVTYP_T":0},"geometry":{"type":"LineString","coordinates":[[-74.0283256978505,40.8698856300546],[-74.0288763627218,40.8700408558006],[-74.0308769555395,40.8705937733702],[-74.0310470088905,40.8706407703606]]}},{"type":"Feature","id":122772,"properties":{"OBJECTID":122772,"PRIMENAME":"Martense Avenue","ELEVTYP_F":0,"ELEVTYP_T":0},"geometry":{"type":"LineString","coordinates":[[-74.022580990511,40.8924971806309],[-74.0227020452504,40.8925342986885],[-74.0252903194368,40.893328137618]]}},{"type":"Feature","id":122818,"properties":{"OBJECTID":122818,"PRIMENAME":"Chestnut Avenue","ELEVTYP_F":0,"ELEVTYP_T":0},"geometry":{"type":"LineString","coordinates":[[-74.0430009284546,40.8634983145944],[-74.0432350334796,40.8629784974319],[-74.0432646907443,40.8629097031635],[-74.0432896207883,40.8628473660339],[-74.043312871673,40.862784656004]]}},{"type":"Feature","id":122917,"properties":{"OBJECTID":122917,"PRIMENAME":"Linden Street","ELEVTYP_F":0,"ELEVTYP_T":0},"geometry":{"type":"LineString","coordinates":[[-74.0414061393701,40.8975524084533],[-74.0416033501852,40.8973554750609],[-74.0421392469226,40.8968357655613],[-74.0422284157728,40.8967415835273]]}},{"type":"Feature","id":122918,"properties":{"OBJECTID":122918,"PRIMENAME":"Baldwin Avenue","ELEVTYP_F":0,"ELEVTYP_T":0},"geometry":{"type":"LineString","coordinates":[[-74.0672379579166,40.873365826429],[-74.0681963779251,40.8739245557382],[-74.0687355539655,40.8742535779475]]}},{"type":"Feature","id":122923,"properties":{"OBJECTID":122923,"PRIMENAME":"Lodi Street","ELEVTYP_F":0,"ELEVTYP_T":0},"geometry":{"type":"LineString","coordinates":[[-74.044370984119,40.8735665876369],[-74.0435539435757,40.8733977551823]]}},{"type":"Feature","id":122989,"properties":{"OBJECTID":122989,"PRIMENAME":"Zabriskie Street","ELEVTYP_F":0,"ELEVTYP_T":0},"geometry":{"type":"LineString","coordinates":[[-74.0395778080371,40.9072988937729],[-74.0397421708677,40.907346433224],[-74.0416966613102,40.9079762987278]]}},{"type":"Feature","id":122996,"properties":{"OBJECTID":122996,"PRIMENAME":"Mary Street","ELEVTYP_F":0,"ELEVTYP_T":0},"geometry":{"type":"LineString","coordinates":[[-74.0584644609226,40.8746915963311],[-74.0585429494746,40.8747382031437],[-74.059614601317,40.875375146122]]}},{"type":"Feature","id":123387,"properties":{"OBJECTID":123387,"PRIMENAME":"Sixth Street","ELEVTYP_F":0,"ELEVTYP_T":0},"geometry":{"type":"LineString","coordinates":[[-74.0262778495114,40.8645231439384],[-74.0254682886158,40.8661550063597],[-74.0254495368894,40.8661832845712]]}},{"type":"Feature","id":123391,"properties":{"OBJECTID":123391,"PRIMENAME":"Maple Avenue","ELEVTYP_F":0,"ELEVTYP_T":0},"geometry":{"type":"LineString","coordinates":[[-74.0393543422661,40.8930343654122],[-74.0394746286444,40.8930431075738],[-74.0402641668778,40.8931004427721],[-74.0403004081899,40.8931040211813],[-74.0403355400339,40.893111663433],[-74.0403687756877,40.8931231983912],[-74.04039937089,40.8931383677486],[-74.0412367401118,40.8936291466468]]}},{"type":"Feature","id":123549,"properties":{"OBJECTID":123549,"PRIMENAME":"William Street","ELEVTYP_F":0,"ELEVTYP_T":0},"geometry":{"type":"LineString","coordinates":[[-74.0661804183496,40.9067361961843],[-74.0660481794646,40.9068470327781]]}},{"type":"Feature","id":123568,"properties":{"OBJECTID":123568,"PRIMENAME":"Summit Street","ELEVTYP_F":0,"ELEVTYP_T":0},"geometry":{"type":"LineString","coordinates":[[-74.0260169146006,40.8598608520906],[-74.0244384631605,40.8594693215677]]}},{"type":"Feature","id":123702,"properties":{"OBJECTID":123702,"PRIMENAME":"Taylor Avenue","ELEVTYP_F":0,"ELEVTYP_T":0},"geometry":{"type":"LineString","coordinates":[[-74.0416517884825,40.8624491132899],[-74.0416211725322,40.8625200921918],[-74.04159264087,40.8625915698943],[-74.0415662075825,40.8626635111241],[-74.0415418857211,40.8627358803794],[-74.0414551766143,40.8629777046938],[-74.0414075129941,40.8631106349227]]}},{"type":"Feature","id":123789,"properties":{"OBJECTID":123789,"PRIMENAME":"Polifly Road","ELEVTYP_F":0,"ELEVTYP_T":0},"geometry":{"type":"LineString","coordinates":[[-74.0615011035725,40.8731678515013],[-74.0612315805514,40.8734821628815],[-74.061111971982,40.87362164827]]}},{"type":"Feature","id":123879,"properties":{"OBJECTID":123879,"PRIMENAME":"River Road","ELEVTYP_F":0,"ELEVTYP_T":0},"geometry":{"type":"LineString","coordinates":[[-74.02667491081,40.899619853514],[-74.0261554127413,40.9000824370461]]}},{"type":"Feature","id":123980,"properties":{"OBJECTID":123980,"PRIMENAME":"Louis Street","ELEVTYP_F":0,"ELEVTYP_T":0},"geometry":{"type":"LineString","coordinates":[[-74.0453988775602,40.9077501951647],[-74.0462912318408,40.9068931751178]]}},{"type":"Feature","id":123997,"properties":{"OBJECTID":123997,"PRIMENAME":"Terrace Avenue","ELEVTYP_F":0,"ELEVTYP_T":0},"geometry":{"type":"LineString","coordinates":[[-74.0686405185803,40.865160291815],[-74.0685563268075,40.8652559744024],[-74.0684711777973,40.8653511676056],[-74.068385076482,40.865445865906],[-74.0682980278488,40.8655400638141]]}},{"type":"Feature","id":124221,"properties":{"OBJECTID":124221,"PRIMENAME":"Maywood Avenue","ELEVTYP_F":0,"ELEVTYP_T":0},"geometry":{"type":"LineString","coordinates":[[-74.0685027401863,40.8894230774007],[-74.0684467889033,40.8894780134067],[-74.0680296471415,40.8898874509699],[-74.0680009726388,40.8899258196081],[-74.0679754793825,40.8899654604],[-74.0679532649491,40.8900062216281],[-74.0679344143664,40.8900479472861],[-74.0678488862825,40.8902598428371],[-74.0678413659065,40.8902784753135]]}},{"type":"Feature","id":124232,"properties":{"OBJECTID":124232,"PRIMENAME":"North Avenue","ELEVTYP_F":0,"ELEVTYP_T":0},"geometry":{"type":"LineString","coordinates":[[-74.0265545572886,40.8663611689697],[-74.0261291833109,40.8662969199659],[-74.0257013108286,40.8662279923651],[-74.0254495368894,40.8661832845712]]}},{"type":"Feature","id":124529,"properties":{"OBJECTID":124529,"PRIMENAME":"State Street","ELEVTYP_F":0,"ELEVTYP_T":0},"geometry":{"type":"LineString","coordinates":[[-74.0439194083997,40.885419395617],[-74.0438557711262,40.8855379180197],[-74.0437192711382,40.8858485440115]]}},{"type":"Feature","id":124544,"properties":{"OBJECTID":124544,"PRIMENAME":"Poor Street","ELEVTYP_F":0,"ELEVTYP_T":0},"geometry":{"type":"LineString","coordinates":[[-74.0606542999812,40.8792162256208],[-74.0604457748258,40.8794223224302]]}},{"type":"Feature","id":124882,"properties":{"OBJECTID":124882,"PRIMENAME":"Elm Avenue","ELEVTYP_F":0,"ELEVTYP_T":0},"geometry":{"type":"LineString","coordinates":[[-74.046879211765,40.9047597692904],[-74.0475979619308,40.9051921720773],[-74.0477029877116,40.9052549490239],[-74.0478527114328,40.9053444443662]]}},{"type":"Feature","id":124953,"properties":{"OBJECTID":124953,"PRIMENAME":"Terrace Place","ELEVTYP_F":0,"ELEVTYP_T":0},"geometry":{"type":"LineString","coordinates":[[-74.0430989605183,40.8959575699624],[-74.0430570651832,40.8960151635086],[-74.043017324643,40.8960736297806],[-74.0429797704484,40.8961329223695],[-74.0429444324147,40.8961929942103],[-74.0428295515422,40.8963669404087],[-74.0427129255162,40.8965402167528],[-74.0425945611073,40.8967128131635],[-74.0424744651872,40.8968847196009]]}},{"type":"Feature","id":125003,"properties":{"OBJECTID":125003,"PRIMENAME":"Carmen Place","ELEVTYP_F":0,"ELEVTYP_T":0},"geometry":{"type":"LineString","coordinates":[[-74.0414523468331,40.9100640936826],[-74.0411087414957,40.9098616490588]]}},{"type":"Feature","id":125037,"properties":{"OBJECTID":125037,"PRIMENAME":"Huyler Street","ELEVTYP_F":0,"ELEVTYP_T":0},"geometry":{"type":"LineString","coordinates":[[-74.0507083732145,40.8590883375831],[-74.0503996460729,40.8595866611637],[-74.0503260482359,40.8597041699697],[-74.050237113419,40.859846165811]]}},{"type":"Feature","id":125247,"properties":{"OBJECTID":125247,"PRIMENAME":"Spring Valley Avenue","ELEVTYP_F":0,"ELEVTYP_T":0},"geometry":{"type":"LineString","coordinates":[[-74.0460862796055,40.9055321750212],[-74.0456101911083,40.9052467223276],[-74.045214429276,40.9050094278478],[-74.0451060792949,40.9049450712431]]}},{"type":"Feature","id":125422,"properties":{"OBJECTID":125422,"PRIMENAME":"Worth Street","ELEVTYP_F":0,"ELEVTYP_T":0},"geometry":{"type":"LineString","coordinates":[[-74.0494904072217,40.8730844822198],[-74.0494991158651,40.8730107316612],[-74.0496123777576,40.8720496482729]]}},{"type":"Feature","id":125635,"properties":{"OBJECTID":125635,"PRIMENAME":"Elm Avenue","ELEVTYP_F":0,"ELEVTYP_T":0},"geometry":{"type":"LineString","coordinates":[[-74.0276419724413,40.8822450928796],[-74.0273742963444,40.8828972204588]]}},{"type":"Feature","id":125708,"properties":{"OBJECTID":125708,"PRIMENAME":"Maywood Avenue","ELEVTYP_F":0,"ELEVTYP_T":0},"geometry":{"type":"LineString","coordinates":[[-74.0674447380799,40.8912577809129],[-74.0673013932559,40.8916054925169],[-74.0670872456264,40.8921249365715],[-74.0670419573963,40.8922359361614]]}},{"type":"Feature","id":125931,"properties":{"OBJECTID":125931,"PRIMENAME":"Elm Avenue","ELEVTYP_F":0,"ELEVTYP_T":0},"geometry":{"type":"LineString","coordinates":[[-74.0498236583315,40.9065220970972],[-74.0504458950909,40.9068937170233]]}},{"type":"Feature","id":126053,"properties":{"OBJECTID":126053,"PRIMENAME":"West Street","ELEVTYP_F":0,"ELEVTYP_T":0},"geometry":{"type":"LineString","coordinates":[[-74.0507667216516,40.8722088551366],[-74.0511656457069,40.8709620903531]]}},{"type":"Feature","id":126269,"properties":{"OBJECTID":126269,"PRIMENAME":"Elm Avenue","ELEVTYP_F":0,"ELEVTYP_T":0},"geometry":{"type":"LineString","coordinates":[[-74.0478527114328,40.9053444443662],[-74.0487896733585,40.9059045377259],[-74.0488428947281,40.9059362855115]]}},{"type":"Feature","id":126283,"properties":{"OBJECTID":126283,"PRIMENAME":"Terrace Place","ELEVTYP_F":0,"ELEVTYP_T":0},"geometry":{"type":"LineString","coordinates":[[-74.0424744651872,40.8968847196009],[-74.042306839985,40.897119734369],[-74.041780182897,40.8977681091262]]}},{"type":"Feature","id":126442,"properties":{"OBJECTID":126442,"PRIMENAME":"Second Street","ELEVTYP_F":0,"ELEVTYP_T":0},"geometry":{"type":"LineString","coordinates":[[-74.0310638350692,40.8642116591863],[-74.0309225454757,40.8644968889138],[-74.0303497035705,40.8656597593779]]}},{"type":"Feature","id":127061,"properties":{"OBJECTID":127061,"PRIMENAME":"Summit Avenue","ELEVTYP_F":0,"ELEVTYP_T":0},"geometry":{"type":"LineString","coordinates":[[-74.0484096409753,40.9095160581143],[-74.0475105918948,40.9103932432178]]}},{"type":"Feature","id":127253,"properties":{"OBJECTID":127253,"PRIMENAME":"Hudson Street","ELEVTYP_F":0,"ELEVTYP_T":0},"geometry":{"type":"LineString","coordinates":[[-74.0396800081357,40.8671829619846],[-74.0396958578761,40.8672229367134]]}},{"type":"Feature","id":127287,"properties":{"OBJECTID":127287,"PRIMENAME":"Phillips Avenue","ELEVTYP_F":1,"ELEVTYP_T":1},"geometry":{"type":"LineString","coordinates":[[-74.0449137978435,40.867230849538],[-74.0449343455615,40.8672823432713]]}},{"type":"Feature","id":127451,"properties":{"OBJECTID":127451,"PRIMENAME":"Central Avenue","ELEVTYP_F":0,"ELEVTYP_T":0},"geometry":{"type":"LineString","coordinates":[[-74.0560241521441,40.8915484692682],[-74.0560494826032,40.8915627299897],[-74.0573197367415,40.8922778364629],[-74.0573999485478,40.8923238480727]]}},{"type":"Feature","id":127457,"properties":{"OBJECTID":127457,"PRIMENAME":"Berkshire Place","ELEVTYP_F":0,"ELEVTYP_T":0},"geometry":{"type":"LineString","coordinates":[[-74.062568933972,40.8875698803386],[-74.0624982030405,40.8876388666098],[-74.0619246281778,40.8881978367122],[-74.0619231292864,40.8881994745547]]}},{"type":"Feature","id":127548,"properties":{"OBJECTID":127548,"PRIMENAME":"Essex Street","ELEVTYP_F":0,"ELEVTYP_T":0},"geometry":{"type":"LineString","coordinates":[[-74.0635309277744,40.8864658157192],[-74.0634800158353,40.8864351442257],[-74.0626565330153,40.8859432594463]]}},{"type":"Feature","id":127716,"properties":{"OBJECTID":127716,"PRIMENAME":"Jersey Avenue","ELEVTYP_F":0,"ELEVTYP_T":0},"geometry":{"type":"LineString","coordinates":[[-74.0575704425616,40.9092767449227],[-74.057064363132,40.9097608187294],[-74.0570042445475,40.9098182581323],[-74.0570040614653,40.9098184771667]]}},{"type":"Feature","id":127810,"properties":{"OBJECTID":127810,"PRIMENAME":"State Highway 17","ELEVTYP_F":0,"ELEVTYP_T":0},"geometry":{"type":"LineString","coordinates":[[-74.0636468026925,40.8734183860906],[-74.0636232650292,40.8730120814928]]}},{"type":"Feature","id":127824,"properties":{"OBJECTID":127824,"PRIMENAME":"State Highway 17","ELEVTYP_F":0,"ELEVTYP_T":0},"geometry":{"type":"LineString","coordinates":[[-74.0664875673752,40.8607316661717],[-74.0666109132023,40.86056508078],[-74.0668626238827,40.8602264763675],[-74.0671331311315,40.8598879410188],[-74.0673847338623,40.8595707731337],[-74.0675554866171,40.8593712792587],[-74.0677499729897,40.8591468399553],[-74.0679822331954,40.8589010757511],[-74.0682286496401,40.8586518239053],[-74.0682640240892,40.8586160198736],[-74.0684608365061,40.8584168193754],[-74.068664647677,40.858203091455],[-74.0688470133348,40.8580124223163]]}},{"type":"Feature","id":127830,"properties":{"OBJECTID":127830,"PRIMENAME":"Passaic Street","ELEVTYP_F":0,"ELEVTYP_T":0},"geometry":{"type":"LineString","coordinates":[[-74.0447331222895,40.8925019052683],[-74.04492156263,40.8926152188779]]}},{"type":"Feature","id":127965,"properties":{"OBJECTID":127965,"PRIMENAME":"Grand Avenue","ELEVTYP_F":0,"ELEVTYP_T":0},"geometry":{"type":"LineString","coordinates":[[-74.0374992118299,40.9109651236218],[-74.0373188084417,40.9109959926459],[-74.0368244385256,40.911080584726]]}},{"type":"Feature","id":128002,"properties":{"OBJECTID":128002,"PRIMENAME":"Green Street","ELEVTYP_F":0,"ELEVTYP_T":0},"geometry":{"type":"LineString","coordinates":[[-74.0548806901155,40.874549523279],[-74.0544593796479,40.8751077824843],[-74.0543666608032,40.875231412895]]}},{"type":"Feature","id":128145,"properties":{"OBJECTID":128145,"PRIMENAME":"De Wolf Place","ELEVTYP_F":0,"ELEVTYP_T":0},"geometry":{"type":"LineString","coordinates":[[-74.0509728430612,40.8941057734498],[-74.0511064439816,40.8938200520872],[-74.0513266219258,40.8933766143676]]}},{"type":"Feature","id":128164,"properties":{"OBJECTID":128164,"PRIMENAME":"Vreeland Avenue","ELEVTYP_F":0,"ELEVTYP_T":0},"geometry":{"type":"LineString","coordinates":[[-74.0428291887443,40.8658428601054],[-74.042656152745,40.8658825215349],[-74.0424037361932,40.8659403754505]]}},{"type":"Feature","id":128166,"properties":{"OBJECTID":128166,"PRIMENAME":"Ward Street","ELEVTYP_F":0,"ELEVTYP_T":0},"geometry":{"type":"LineString","coordinates":[[-74.0396178764238,40.8910176173408],[-74.0398663583282,40.891051246379],[-74.0400091716332,40.8910710584612]]}},{"type":"Feature","id":128213,"properties":{"OBJECTID":128213,"PRIMENAME":"Green Street","ELEVTYP_F":0,"ELEVTYP_T":0},"geometry":{"type":"LineString","coordinates":[[-74.0579939792192,40.8704405679672],[-74.0578909741425,40.8705740988022]]}},{"type":"Feature","id":128237,"properties":{"OBJECTID":128237,"PRIMENAME":"Grant Avenue","ELEVTYP_F":0,"ELEVTYP_T":0},"geometry":{"type":"LineString","coordinates":[[-74.0628421894376,40.9094622033307],[-74.0625320515941,40.9101688878174],[-74.0620105523948,40.9113821141405],[-74.0619737672106,40.911467863007]]}},{"type":"Feature","id":128312,"properties":{"OBJECTID":128312,"PRIMENAME":"Lincoln Avenue","ELEVTYP_F":0,"ELEVTYP_T":0},"geometry":{"type":"LineString","coordinates":[[-74.025822954806,40.860640278317],[-74.0256276863729,40.8614252435399]]}},{"type":"Feature","id":128315,"properties":{"OBJECTID":128315,"PRIMENAME":"Bogert Street","ELEVTYP_F":0,"ELEVTYP_T":0},"geometry":{"type":"LineString","coordinates":[[-74.0254898774804,40.8740967885606],[-74.0253969911626,40.874996088314]]}},{"type":"Feature","id":128369,"properties":{"OBJECTID":128369,"PRIMENAME":"Stanley Avenue","ELEVTYP_F":0,"ELEVTYP_T":0},"geometry":{"type":"LineString","coordinates":[[-74.0673717607975,40.868198642429],[-74.0688076916637,40.8690539363377]]}},{"type":"Feature","id":128370,"properties":{"OBJECTID":128370,"PRIMENAME":"Simons Avenue","ELEVTYP_F":0,"ELEVTYP_T":0},"geometry":{"type":"LineString","coordinates":[[-74.0600449844523,40.8816552898577],[-74.0595537686288,40.8813613805521],[-74.0588783038724,40.8809620735307],[-74.0581352355618,40.8805219608702]]}},{"type":"Feature","id":128423,"properties":{"OBJECTID":128423,"PRIMENAME":"West Grove Avenue","ELEVTYP_F":0,"ELEVTYP_T":0},"geometry":{"type":"LineString","coordinates":[[-74.0615750189113,40.9058171536985],[-74.0616599905169,40.9058468477148],[-74.0619480451438,40.9059464027589],[-74.0619928318467,40.9059701318824],[-74.0620357745524,40.9059957481159],[-74.0620767352943,40.9060231691608],[-74.0621155824731,40.9060523069199],[-74.0624987416991,40.9063022863534]]}},{"type":"Feature","id":128500,"properties":{"OBJECTID":128500,"PRIMENAME":"Central Avenue","ELEVTYP_F":0,"ELEVTYP_T":0},"geometry":{"type":"LineString","coordinates":[[-74.0479786862636,40.8871056972063],[-74.0481137978885,40.8871454238467],[-74.048158402179,40.887157970118],[-74.0482026399304,40.8871712428185],[-74.0482464906045,40.8871852357862],[-74.0482899338427,40.8871999425247]]}},{"type":"Feature","id":129704,"properties":{"OBJECTID":129704,"PRIMENAME":"Central Avenue","ELEVTYP_F":0,"ELEVTYP_T":0},"geometry":{"type":"LineString","coordinates":[[-74.0262778495114,40.8645231439384],[-74.0252753482127,40.8642311875054]]}},{"type":"Feature","id":130337,"properties":{"OBJECTID":130337,"PRIMENAME":"Summit Avenue","ELEVTYP_F":0,"ELEVTYP_T":0},"geometry":{"type":"LineString","coordinates":[[-74.0565803867798,40.890277261435],[-74.0570564516373,40.8893417507048],[-74.0575651392252,40.888344738961],[-74.0577406568392,40.8880102281232],[-74.0577431852373,40.8880052973052]]}},{"type":"Feature","id":130349,"properties":{"OBJECTID":130349,"PRIMENAME":"Summit Court","ELEVTYP_F":0,"ELEVTYP_T":0},"geometry":{"type":"LineString","coordinates":[[-74.0638825051878,40.8812062710232],[-74.0634230910551,40.88088644945],[-74.0633756213981,40.8808490559624],[-74.0633261453191,40.8808131920537],[-74.0632747483045,40.8807789196883],[-74.0632215191593,40.880746298081],[-74.0627895491701,40.8804944051253]]}},{"type":"Feature","id":130553,"properties":{"OBJECTID":130553,"PRIMENAME":"Oak Avenue","ELEVTYP_F":0,"ELEVTYP_T":0},"geometry":{"type":"LineString","coordinates":[[-74.0593969867913,40.9108248208558],[-74.0592982543297,40.9110525195171],[-74.0589728447549,40.9118125527591],[-74.0589470171323,40.9118714967466]]}},{"type":"Feature","id":130757,"properties":{"OBJECTID":130757,"PRIMENAME":"Terrace Avenue","ELEVTYP_F":0,"ELEVTYP_T":0},"geometry":{"type":"LineString","coordinates":[[-74.0651980650305,40.8687672639732],[-74.0651403026173,40.8688361911328]]}},{"type":"Feature","id":131044,"properties":{"OBJECTID":131044,"PRIMENAME":"Maybrook Drive","ELEVTYP_F":0,"ELEVTYP_T":0},"geometry":{"type":"LineString","coordinates":[[-74.0634829681488,40.8901138900028],[-74.063821690602,40.8897912932781]]}},{"type":"Feature","id":131059,"properties":{"OBJECTID":131059,"PRIMENAME":"State Highway 17","ELEVTYP_F":0,"ELEVTYP_T":0},"geometry":{"type":"LineString","coordinates":[[-74.0662125841047,40.8611056098101],[-74.0663971632465,40.8608537600272],[-74.0664875673752,40.8607316661717]]}},{"type":"Feature","id":131148,"properties":{"OBJECTID":131148,"PRIMENAME":"Bergen Avenue","ELEVTYP_F":0,"ELEVTYP_T":0},"geometry":{"type":"LineString","coordinates":[[-74.0641543933038,40.9040990535848],[-74.0642544797365,40.9040028930126],[-74.0652297334328,40.9030653102016]]}},{"type":"Feature","id":131224,"properties":{"OBJECTID":131224,"PRIMENAME":"Larch Avenue","ELEVTYP_F":0,"ELEVTYP_T":0},"geometry":{"type":"LineString","coordinates":[[-74.0323634435454,40.8734393672483],[-74.0321599715807,40.8740798419865],[-74.0318632814614,40.8751241584017]]}},{"type":"Feature","id":131565,"properties":{"OBJECTID":131565,"PRIMENAME":"Sievers Lane","ELEVTYP_F":0,"ELEVTYP_T":0},"geometry":{"type":"LineString","coordinates":[[-74.0426368209037,40.8594161783465],[-74.0426626657714,40.8594153892885],[-74.0426884629882,40.8594139606227],[-74.042714185101,40.8594118938696],[-74.0427398047367,40.8594091912285],[-74.0427652946312,40.8594058555755],[-74.0427906276584,40.8594018904603],[-74.0428157768593,40.8593973001027],[-74.0428407154705,40.8593920893876],[-74.0428738621554,40.8593873639578],[-74.0429072285001,40.8593836346467],[-74.042940762594,40.8593809072563],[-74.0429744122661,40.8593791860296],[-74.0430081251649,40.8593784736447],[-74.0430418488412,40.8593787712097],[-74.0430755308285,40.8593800782619],[-74.0431091187256,40.8593823927676],[-74.0431709348307,40.8593835165516]]}},{"type":"Feature","id":131598,"properties":{"OBJECTID":131598,"PRIMENAME":"Railroad Avenue","ELEVTYP_F":0,"ELEVTYP_T":0},"geometry":{"type":"LineString","coordinates":[[-74.0317329039678,40.8671086189307],[-74.031733036859,40.8671923130653]]}},{"type":"Feature","id":131619,"properties":{"OBJECTID":131619,"PRIMENAME":"Central Avenue","ELEVTYP_F":0,"ELEVTYP_T":0},"geometry":{"type":"LineString","coordinates":[[-74.0254898774804,40.8740967885606],[-74.0243149608194,40.8735419454723],[-74.0235986179258,40.8732005650445]]}},{"type":"Feature","id":131625,"properties":{"OBJECTID":131625,"PRIMENAME":"State Highway 17","ELEVTYP_F":0,"ELEVTYP_T":0},"geometry":{"type":"LineString","coordinates":[[-74.0643635224872,40.8772885623831],[-74.0642872601549,40.8771219301738],[-74.0642236823875,40.8769747188809],[-74.0641755472366,40.8768632644686],[-74.064082607026,40.8766261895997],[-74.064008426046,40.87640710959],[-74.0639483635979,40.8762024397783],[-74.0638885470104,40.8759547569594],[-74.0638427313325,40.8757393800388],[-74.0638064125343,40.8755096839288],[-74.063801780353,40.8754757455595],[-74.0637838809134,40.8753446269881],[-74.0637660513253,40.8751795617052],[-74.0637554898672,40.8750477648286]]}},{"type":"Feature","id":131851,"properties":{"OBJECTID":131851,"PRIMENAME":"East State Highway 4","ELEVTYP_F":0,"ELEVTYP_T":1},"geometry":{"type":"LineString","coordinates":[[-74.0355525440724,40.908471003171],[-74.0357086409389,40.9086141756679],[-74.0359567829808,40.9088296626041],[-74.0361254208482,40.9089697014992],[-74.0361614065143,40.9089978438691]]}},{"type":"Feature","id":131883,"properties":{"OBJECTID":131883,"PRIMENAME":"Main Street","ELEVTYP_F":0,"ELEVTYP_T":0},"geometry":{"type":"LineString","coordinates":[[-74.0399072860981,40.9109028117863],[-74.039895080098,40.9109371801535],[-74.0398823640415,40.9109714419222],[-74.0398691395445,40.911005592736],[-74.0398554082879,40.9110396282526]]}},{"type":"Feature","id":132141,"properties":{"OBJECTID":132141,"PRIMENAME":"Essex Street","ELEVTYP_F":0,"ELEVTYP_T":0},"geometry":{"type":"LineString","coordinates":[[-74.0518192586985,40.8794754859556],[-74.0515333227019,40.8793008124373]]}},{"type":"Feature","id":132199,"properties":{"OBJECTID":132199,"PRIMENAME":"Ackerman Street","ELEVTYP_F":0,"ELEVTYP_T":0},"geometry":{"type":"LineString","coordinates":[[-74.0580726641924,40.8982673935993],[-74.0582238143727,40.8983530923678],[-74.0601358476459,40.8994372089544]]}},{"type":"Feature","id":132334,"properties":{"OBJECTID":132334,"PRIMENAME":"Boulevard","ELEVTYP_F":0,"ELEVTYP_T":0},"geometry":{"type":"LineString","coordinates":[[-74.0664830718826,40.8742651717548],[-74.066712636484,40.8739922809328]]}},{"type":"Feature","id":132374,"properties":{"OBJECTID":132374,"PRIMENAME":"Lincoln Avenue","ELEVTYP_F":0,"ELEVTYP_T":0},"geometry":{"type":"LineString","coordinates":[[-74.0632445235358,40.9107219734337],[-74.0636750401801,40.9097335913482],[-74.0637014127457,40.9096736865326]]}},{"type":"Feature","id":132542,"properties":{"OBJECTID":132542,"PRIMENAME":"Berry Street","ELEVTYP_F":0,"ELEVTYP_T":0},"geometry":{"type":"LineString","coordinates":[[-74.0538864081048,40.8956726057857],[-74.0522817315068,40.8952057056526]]}},{"type":"Feature","id":132674,"properties":{"OBJECTID":132674,"PRIMENAME":"State Highway 17","ELEVTYP_F":0,"ELEVTYP_T":0},"geometry":{"type":"LineString","coordinates":[[-74.0636803853299,40.8740720107015],[-74.0636789413247,40.8740494414642],[-74.0636582135498,40.8736153604649],[-74.0636468026925,40.8734183860906]]}},{"type":"Feature","id":132679,"properties":{"OBJECTID":132679,"PRIMENAME":"Clay Street","ELEVTYP_F":0,"ELEVTYP_T":0},"geometry":{"type":"LineString","coordinates":[[-74.045711144633,40.8880864188193],[-74.0469595325642,40.8884915683391]]}},{"type":"Feature","id":132683,"properties":{"OBJECTID":132683,"PRIMENAME":"Fairview Avenue","ELEVTYP_F":0,"ELEVTYP_T":0},"geometry":{"type":"LineString","coordinates":[[-74.0273751827018,40.8674875183139],[-74.0264637230851,40.8672350327327],[-74.0252705648716,40.8669092434537]]}},{"type":"Feature","id":132864,"properties":{"OBJECTID":132864,"PRIMENAME":"University Circle","ELEVTYP_F":0,"ELEVTYP_T":0},"geometry":{"type":"LineString","coordinates":[[-74.0279368409669,40.8977373661715],[-74.0280574010622,40.8977850600116],[-74.0281987236587,40.8978286276201],[-74.0283804699052,40.8978311622011],[-74.0285812775526,40.8978086972671],[-74.0287449897047,40.8976911491088],[-74.0286945343666,40.8974831671717],[-74.0284973473736,40.8973283212632],[-74.0282124363835,40.8972434782757]]}},{"type":"Feature","id":133097,"properties":{"OBJECTID":133097,"PRIMENAME":"High Street","ELEVTYP_F":0,"ELEVTYP_T":0},"geometry":{"type":"LineString","coordinates":[[-74.0498438983639,40.8890168509123],[-74.0495575439396,40.8888400025373],[-74.0479104889763,40.8878896574893]]}},{"type":"Feature","id":133124,"properties":{"OBJECTID":133124,"PRIMENAME":"River Road","ELEVTYP_F":0,"ELEVTYP_T":0},"geometry":{"type":"LineString","coordinates":[[-74.0245350912564,40.9023330592741],[-74.0245230664566,40.9023990145157],[-74.024513677791,40.9024652156514],[-74.0245069338675,40.9025316020399],[-74.0245028408718,40.90259811287],[-74.0244533794487,40.9031798609437]]}},{"type":"Feature","id":133385,"properties":{"OBJECTID":133385,"PRIMENAME":"Central Avenue","ELEVTYP_F":0,"ELEVTYP_T":0},"geometry":{"type":"LineString","coordinates":[[-74.045221919195,40.8862996797461],[-74.0464264873018,40.8866491594465],[-74.0465086436672,40.8866733088187]]}},{"type":"Feature","id":133521,"properties":{"OBJECTID":133521,"PRIMENAME":"Hudson Street","ELEVTYP_F":0,"ELEVTYP_T":0},"geometry":{"type":"LineString","coordinates":[[-74.0431808715931,40.8759583780446],[-74.0432816221042,40.8762162524236]]}},{"type":"Feature","id":133768,"properties":{"OBJECTID":133768,"PRIMENAME":"Martin Terrace","ELEVTYP_F":0,"ELEVTYP_T":0},"geometry":{"type":"LineString","coordinates":[[-74.0431518369435,40.9050602644333],[-74.0431763469789,40.9050624725969],[-74.0432006107991,40.9050659060683],[-74.0432245221093,40.9050705498062],[-74.043247976159,40.9050763834673],[-74.0432708702007,40.9050833814957],[-74.0432931039403,40.9050915132343],[-74.043314579976,40.9051007430598],[-74.0433352042255,40.9051110305382],[-74.0435407699068,40.9052385501741],[-74.043752704686,40.9053700192992]]}},{"type":"Feature","id":133954,"properties":{"OBJECTID":133954,"PRIMENAME":"Wyoming Avenue","ELEVTYP_F":0,"ELEVTYP_T":0},"geometry":{"type":"LineString","coordinates":[[-74.0663990874346,40.9070965491758],[-74.0663348414581,40.907155981721],[-74.0654820969133,40.9078818798256],[-74.0654567955129,40.9079027274851],[-74.0654334355913,40.9079248409053],[-74.0654121268603,40.9079481162306],[-74.0653929693991,40.9079724441478],[-74.0653760531834,40.9079977104005],[-74.0653614576631,40.9080237963251],[-74.0653492513895,40.9080505794082],[-74.0653394916925,40.9080779338622],[-74.0652923493222,40.9081882392228]]}},{"type":"Feature","id":134055,"properties":{"OBJECTID":134055,"PRIMENAME":"Mendez Avenue","ELEVTYP_F":0,"ELEVTYP_T":0},"geometry":{"type":"LineString","coordinates":[[-74.0628421894376,40.9094622033307],[-74.0619852721174,40.9092474822543]]}},{"type":"Feature","id":134273,"properties":{"OBJECTID":134273,"PRIMENAME":"West Street","ELEVTYP_F":0,"ELEVTYP_T":0},"geometry":{"type":"LineString","coordinates":[[-74.0503574033126,40.8729958819597],[-74.0503517132486,40.8730779611128],[-74.0502593545788,40.8743982196502]]}},{"type":"Feature","id":134491,"properties":{"OBJECTID":134491,"PRIMENAME":"Spencer Joseph Way","ELEVTYP_F":0,"ELEVTYP_T":0},"geometry":{"type":"LineString","coordinates":[[-74.0644375263967,40.9056596820268],[-74.0643792197515,40.9057126032309]]}},{"type":"Feature","id":134777,"properties":{"OBJECTID":134777,"PRIMENAME":"Longworth Avenue","ELEVTYP_F":0,"ELEVTYP_T":0},"geometry":{"type":"LineString","coordinates":[[-74.0695734511968,40.8705601196196],[-74.0694288323831,40.8704730044349],[-74.0681464070823,40.8696996255634]]}},{"type":"Feature","id":134824,"properties":{"OBJECTID":134824,"PRIMENAME":"Fischer Avenue","ELEVTYP_F":0,"ELEVTYP_T":0},"geometry":{"type":"LineString","coordinates":[[-74.027065163736,40.8681067692141],[-74.0273751827018,40.8674875183139]]}},{"type":"Feature","id":134871,"properties":{"OBJECTID":134871,"PRIMENAME":"Catalpa Avenue","ELEVTYP_F":0,"ELEVTYP_T":0},"geometry":{"type":"LineString","coordinates":[[-74.0299758190576,40.8852648456905],[-74.029943429382,40.8853442887261],[-74.0296492281341,40.8860657207636]]}},{"type":"Feature","id":135172,"properties":{"OBJECTID":135172,"PRIMENAME":"Main Street","ELEVTYP_F":0,"ELEVTYP_T":0},"geometry":{"type":"LineString","coordinates":[[-74.040006281398,40.9105268503528],[-74.0399971873133,40.910574303727],[-74.0399871508967,40.9106216476538],[-74.0399761744292,40.9106688713637],[-74.0399642604056,40.9107159641149],[-74.039951411534,40.9107629151951],[-74.0399376307352,40.9108097139245],[-74.0399229211419,40.9108563496576],[-74.0399072860981,40.9109028117863]]}},{"type":"Feature","id":135226,"properties":{"OBJECTID":135226,"PRIMENAME":"Division Place","ELEVTYP_F":0,"ELEVTYP_T":0},"geometry":{"type":"LineString","coordinates":[[-74.0494904072217,40.8730844822198],[-74.0493089167847,40.8731018377443],[-74.0492181464729,40.8731103617542],[-74.0491273590392,40.8731187829608],[-74.0490365556706,40.8731271013686],[-74.0489457363674,40.8731353169776],[-74.0488548999436,40.8731434297832],[-74.0486020666601,40.8731659085488]]}},{"type":"Feature","id":135249,"properties":{"OBJECTID":135249,"PRIMENAME":"Romaine Court","ELEVTYP_F":0,"ELEVTYP_T":0},"geometry":{"type":"LineString","coordinates":[[-74.040006281398,40.9105268503528],[-74.0395003312891,40.9106044355663]]}},{"type":"Feature","id":135399,"properties":{"OBJECTID":135399,"PRIMENAME":"Burton Avenue","ELEVTYP_F":0,"ELEVTYP_T":0},"geometry":{"type":"LineString","coordinates":[[-74.0667049487343,40.8688481184648],[-74.0673198333568,40.868249119168],[-74.0673717607975,40.868198642429]]}},{"type":"Feature","id":135471,"properties":{"OBJECTID":135471,"PRIMENAME":"Terrace Avenue","ELEVTYP_F":0,"ELEVTYP_T":0},"geometry":{"type":"LineString","coordinates":[[-74.0627335692324,40.8717000335372],[-74.0624835963044,40.8720064646124]]}},{"type":"Feature","id":135533,"properties":{"OBJECTID":135533,"PRIMENAME":"Marion Street","ELEVTYP_F":0,"ELEVTYP_T":0},"geometry":{"type":"LineString","coordinates":[[-74.0420837348159,40.8732054640295],[-74.0419584460967,40.8732248394341],[-74.0401384285174,40.8735065300479]]}},{"type":"Feature","id":135617,"properties":{"OBJECTID":135617,"PRIMENAME":"Hackensack Avenue","ELEVTYP_F":0,"ELEVTYP_T":0},"geometry":{"type":"LineString","coordinates":[[-74.0332248935351,40.91102163958],[-74.0332412816939,40.9111036058514],[-74.0332634510705,40.9112233741527]]}},{"type":"Feature","id":135623,"properties":{"OBJECTID":135623,"PRIMENAME":"Terrace Avenue","ELEVTYP_F":0,"ELEVTYP_T":0},"geometry":{"type":"LineString","coordinates":[[-74.0642205479214,40.8699233414661],[-74.0638757221034,40.870331885971]]}},{"type":"Feature","id":135812,"properties":{"OBJECTID":135812,"PRIMENAME":"Lenox Avenue","ELEVTYP_F":0,"ELEVTYP_T":0},"geometry":{"type":"LineString","coordinates":[[-74.0689155457584,40.9020963800052],[-74.0678400542417,40.9014361515705]]}},{"type":"Feature","id":135991,"properties":{"OBJECTID":135991,"PRIMENAME":"Fairview Avenue","ELEVTYP_F":0,"ELEVTYP_T":0},"geometry":{"type":"LineString","coordinates":[[-74.0292317120535,40.8680030345445],[-74.0288206771869,40.8678880447254],[-74.0273751827018,40.8674875183139]]}},{"type":"Feature","id":136094,"properties":{"OBJECTID":136094,"PRIMENAME":"Stanley Place","ELEVTYP_F":0,"ELEVTYP_T":0},"geometry":{"type":"LineString","coordinates":[[-74.0488178646066,40.8938556170637],[-74.0489373037749,40.893941451638],[-74.0498576968358,40.8944901640113]]}},{"type":"Feature","id":136157,"properties":{"OBJECTID":136157,"PRIMENAME":"Bridge Street","ELEVTYP_F":0,"ELEVTYP_T":0},"geometry":{"type":"LineString","coordinates":[[-74.0432317846868,40.8801889978082],[-74.0433132424239,40.8801924489405],[-74.043404033404,40.8801913126568],[-74.0434948298399,40.8801921614686],[-74.0435855564065,40.8801949946718],[-74.0436761378367,40.8801998099161],[-74.0437664989838,40.8802066032067],[-74.0438565648839,40.8802153689079],[-74.0439462608176,40.8802260997477],[-74.0440355123728,40.8802387868238]]}},{"type":"Feature","id":136202,"properties":{"OBJECTID":136202,"PRIMENAME":"Terhune Street","ELEVTYP_F":0,"ELEVTYP_T":0},"geometry":{"type":"LineString","coordinates":[[-74.0254919604655,40.8842070888295],[-74.0247500233624,40.8840290718201]]}},{"type":"Feature","id":136276,"properties":{"OBJECTID":136276,"PRIMENAME":"Pink Street","ELEVTYP_F":0,"ELEVTYP_T":0},"geometry":{"type":"LineString","coordinates":[[-74.0457147983948,40.8725508520181],[-74.0456287502125,40.8725696177708],[-74.0448061862527,40.8724008273466]]}},{"type":"Feature","id":136601,"properties":{"OBJECTID":136601,"PRIMENAME":"Jackson Avenue","ELEVTYP_F":0,"ELEVTYP_T":0},"geometry":{"type":"LineString","coordinates":[[-74.0431064603385,40.8710909187293],[-74.0432630916924,40.8714880185142],[-74.0432758283293,40.8715150778431],[-74.0432854586141,40.8715428671032],[-74.0432919114775,40.8715711812273],[-74.0432951392972,40.8715998112748],[-74.0432951182498,40.8716285459732],[-74.0432918484862,40.8716571732778],[-74.0432853541314,40.871685481936],[-74.0432756831058,40.8717132630464],[-74.0432099565057,40.8718900241653]]}},{"type":"Feature","id":136727,"properties":{"OBJECTID":136727,"PRIMENAME":"Interstate 80","ELEVTYP_F":0,"ELEVTYP_T":0},"geometry":{"type":"LineString","coordinates":[[-74.0442901806374,40.8672089900885],[-74.0445367514181,40.8672182167892],[-74.0449137978435,40.867230849538]]}},{"type":"Feature","id":136745,"properties":{"OBJECTID":136745,"PRIMENAME":"Broadway","ELEVTYP_F":0,"ELEVTYP_T":0},"geometry":{"type":"LineString","coordinates":[[-74.044026164186,40.8745387180313],[-74.0443942351749,40.8746165921021]]}},{"type":"Feature","id":136826,"properties":{"OBJECTID":136826,"PRIMENAME":"Sussex Street","ELEVTYP_F":0,"ELEVTYP_T":0},"geometry":{"type":"LineString","coordinates":[[-74.0466657046766,40.8800085604309],[-74.0485308328028,40.8803646202928]]}},{"type":"Feature","id":136833,"properties":{"OBJECTID":136833,"PRIMENAME":"State Street","ELEVTYP_F":0,"ELEVTYP_T":0},"geometry":{"type":"LineString","coordinates":[[-74.0474585706983,40.878366110796],[-74.0474385663099,40.8784186689246],[-74.0474154241249,40.8784704797507],[-74.0473891923134,40.878521435415],[-74.0473599254777,40.8785714298381],[-74.0470850201103,40.8791416822805]]}},{"type":"Feature","id":136888,"properties":{"OBJECTID":136888,"PRIMENAME":"Kipp Street","ELEVTYP_F":0,"ELEVTYP_T":0},"geometry":{"type":"LineString","coordinates":[[-74.0273962789735,40.8864112121111],[-74.0276577726405,40.8864733849905],[-74.029082323257,40.8868151901885],[-74.029320750994,40.8868712547322]]}},{"type":"Feature","id":136933,"properties":{"OBJECTID":136933,"PRIMENAME":"Terrace Avenue","ELEVTYP_F":0,"ELEVTYP_T":0},"geometry":{"type":"LineString","coordinates":[[-74.0676466181017,40.8662007757658],[-74.0669401940693,40.8668846094077]]}},{"type":"Feature","id":136983,"properties":{"OBJECTID":136983,"PRIMENAME":"Burton Avenue","ELEVTYP_F":0,"ELEVTYP_T":0},"geometry":{"type":"LineString","coordinates":[[-74.0680474996432,40.8675422506754],[-74.0686796685354,40.8669281835984],[-74.0687593956429,40.8668504976518]]}},{"type":"Feature","id":137063,"properties":{"OBJECTID":137063,"PRIMENAME":"Main Street","ELEVTYP_F":0,"ELEVTYP_T":0},"geometry":{"type":"LineString","coordinates":[[-74.0396390712815,40.8952082794216],[-74.0397704862489,40.895845738197],[-74.0397955681984,40.8959690582152]]}},{"type":"Feature","id":137073,"properties":{"OBJECTID":137073,"PRIMENAME":"Atlantic Street","ELEVTYP_F":0,"ELEVTYP_T":0},"geometry":{"type":"LineString","coordinates":[[-74.0527831868108,40.8838894917673],[-74.0523005361901,40.8837438391279],[-74.051148034465,40.8833887497598]]}},{"type":"Feature","id":137140,"properties":{"OBJECTID":137140,"PRIMENAME":"Polifly Road","ELEVTYP_F":0,"ELEVTYP_T":0},"geometry":{"type":"LineString","coordinates":[[-74.058580259604,40.8765307654457],[-74.0585243838641,40.876579696981],[-74.0584673629175,40.8766278613812],[-74.0580641014432,40.876970587493]]}},{"type":"Feature","id":137152,"properties":{"OBJECTID":137152,"PRIMENAME":"West Pleasant Avenue","ELEVTYP_F":0,"ELEVTYP_T":0},"geometry":{"type":"LineString","coordinates":[[-74.0661804183496,40.9067361961843],[-74.0656418735146,40.90640516218],[-74.065548308646,40.9063670121411]]}},{"type":"Feature","id":137226,"properties":{"OBJECTID":137226,"PRIMENAME":"Linden Street","ELEVTYP_F":0,"ELEVTYP_T":0},"geometry":{"type":"LineString","coordinates":[[-74.0422284157728,40.8967415835273],[-74.0424191400746,40.8965402308995],[-74.0424562240168,40.8965065132767],[-74.0424916253584,40.8964717699018],[-74.0425252948689,40.8964360490931],[-74.0425571857263,40.896399400528],[-74.0425872535828,40.8963618751742],[-74.0426154566255,40.8963235252184],[-74.0426417556356,40.8962844039943],[-74.0426661140424,40.896244565908],[-74.0428568538889,40.8958986654558],[-74.042892935753,40.8958332589728]]}},{"type":"Feature","id":137442,"properties":{"OBJECTID":137442,"PRIMENAME":"Division Place","ELEVTYP_F":0,"ELEVTYP_T":0},"geometry":{"type":"LineString","coordinates":[[-74.0543621652005,40.8735128972221],[-74.0543432119078,40.8735092598899],[-74.0543241321985,40.8735060257203],[-74.0540890361265,40.8734586720217],[-74.0540038807017,40.8734510076477]]}},{"type":"Feature","id":137490,"properties":{"OBJECTID":137490,"PRIMENAME":"Kinderkamack Road","ELEVTYP_F":0,"ELEVTYP_T":0},"geometry":{"type":"LineString","coordinates":[[-74.036289562046,40.9126642039589],[-74.0362076061287,40.9129283752069],[-74.036172663405,40.9130304557989],[-74.0360585255899,40.9133638066222],[-74.0360349549423,40.913438565701]]}},{"type":"Feature","id":137605,"properties":{"OBJECTID":137605,"PRIMENAME":"American Legion Drive","ELEVTYP_F":0,"ELEVTYP_T":0},"geometry":{"type":"LineString","coordinates":[[-74.0523408448867,40.8876807283605],[-74.0521485343122,40.8875729565444],[-74.0510251988945,40.8869547389647]]}},{"type":"Feature","id":137746,"properties":{"OBJECTID":137746,"PRIMENAME":"Palisade Avenue","ELEVTYP_F":0,"ELEVTYP_T":0},"geometry":{"type":"LineString","coordinates":[[-74.0246808803821,40.8781483087778],[-74.0245345363392,40.8783941461422],[-74.0243158505945,40.8787728421131]]}},{"type":"Feature","id":138067,"properties":{"OBJECTID":138067,"PRIMENAME":"Jersey Avenue","ELEVTYP_F":0,"ELEVTYP_T":0},"geometry":{"type":"LineString","coordinates":[[-74.0581473772019,40.9082896581916],[-74.0580860821785,40.9084316107278],[-74.0580446728743,40.9085322729173]]}},{"type":"Feature","id":138128,"properties":{"OBJECTID":138128,"PRIMENAME":"Huyler Street","ELEVTYP_F":1,"ELEVTYP_T":1},"geometry":{"type":"LineString","coordinates":[[-74.0491683598759,40.867277559235],[-74.0491648391785,40.8673648071573]]}},{"type":"Feature","id":138206,"properties":{"OBJECTID":138206,"PRIMENAME":"Berry Street","ELEVTYP_F":0,"ELEVTYP_T":0},"geometry":{"type":"LineString","coordinates":[[-74.0512070620587,40.8942398149303],[-74.0509728430612,40.8941057734498]]}},{"type":"Feature","id":138357,"properties":{"OBJECTID":138357,"PRIMENAME":"Myers Avenue","ELEVTYP_F":0,"ELEVTYP_T":0},"geometry":{"type":"LineString","coordinates":[[-74.0690654588066,40.8711700433476],[-74.0689351644948,40.8710930278302],[-74.0676452858038,40.8703304854921],[-74.0675515185043,40.870275619757]]}},{"type":"Feature","id":138473,"properties":{"OBJECTID":138473,"PRIMENAME":"Fourth Street","ELEVTYP_F":0,"ELEVTYP_T":0},"geometry":{"type":"LineString","coordinates":[[-74.0298690490386,40.8609009755264],[-74.0297769049189,40.8611493746214],[-74.0295504690918,40.8617517628316],[-74.029077469802,40.8630145387601]]}},{"type":"Feature","id":138535,"properties":{"OBJECTID":138535,"PRIMENAME":"Dunn Avenue","ELEVTYP_F":0,"ELEVTYP_T":0},"geometry":{"type":"LineString","coordinates":[[-74.0249632875601,40.8668914826616],[-74.0246936857812,40.8674434778929]]}},{"type":"Feature","id":138607,"properties":{"OBJECTID":138607,"PRIMENAME":"Hackensack Avenue","ELEVTYP_F":0,"ELEVTYP_T":0},"geometry":{"type":"LineString","coordinates":[[-74.0282761525736,40.8628395410148],[-74.0280319346833,40.8627862233666]]}},{"type":"Feature","id":138625,"properties":{"OBJECTID":138625,"PRIMENAME":"Meadow Street","ELEVTYP_F":0,"ELEVTYP_T":0},"geometry":{"type":"LineString","coordinates":[[-74.0417160761994,40.8750413571275],[-74.0417384034369,40.8750968110292],[-74.0421179653149,40.876041891513]]}},{"type":"Feature","id":138675,"properties":{"OBJECTID":138675,"PRIMENAME":"South River Street","ELEVTYP_F":0,"ELEVTYP_T":0},"geometry":{"type":"LineString","coordinates":[[-74.0363944737189,40.8638901713796],[-74.0364555358375,40.8640362552196],[-74.0366682426218,40.8645451172816]]}},{"type":"Feature","id":138681,"properties":{"OBJECTID":138681,"PRIMENAME":"Grant Avenue","ELEVTYP_F":0,"ELEVTYP_T":0},"geometry":{"type":"LineString","coordinates":[[-74.0619737672106,40.911467863007],[-74.0615607110673,40.9124311889595],[-74.0615247399158,40.912514113891]]}},{"type":"Feature","id":138728,"properties":{"OBJECTID":138728,"PRIMENAME":"River Road","ELEVTYP_F":0,"ELEVTYP_T":0},"geometry":{"type":"LineString","coordinates":[[-74.0313621703442,40.8915765232124],[-74.0313600792764,40.8916722604559],[-74.0313533081356,40.8917678728763],[-74.0313418537161,40.8919110526764],[-74.0313285561224,40.8920541406991],[-74.0313279758555,40.8920598515341],[-74.0313036685614,40.8922812367655],[-74.0312749494695,40.8925023175251]]}},{"type":"Feature","id":138823,"properties":{"OBJECTID":138823,"PRIMENAME":"Preston Street","ELEVTYP_F":0,"ELEVTYP_T":0},"geometry":{"type":"LineString","coordinates":[[-74.025822954806,40.860640278317],[-74.0256169565622,40.8605879087578],[-74.0242988625904,40.8602640124947],[-74.0242365262419,40.8603153050023]]}},{"type":"Feature","id":139342,"properties":{"OBJECTID":139342,"PRIMENAME":"West Pleasant Avenue","ELEVTYP_F":0,"ELEVTYP_T":0},"geometry":{"type":"LineString","coordinates":[[-74.066535224345,40.9069706297695],[-74.0661804183496,40.9067361961843]]}},{"type":"Feature","id":139360,"properties":{"OBJECTID":139360,"PRIMENAME":"Stone Street","ELEVTYP_F":0,"ELEVTYP_T":0},"geometry":{"type":"LineString","coordinates":[[-74.069006415336,40.9053243435759],[-74.0689239581928,40.9052749834185],[-74.0682315443183,40.904860132544]]}},{"type":"Feature","id":139409,"properties":{"OBJECTID":139409,"PRIMENAME":"Veprek Lane","ELEVTYP_F":0,"ELEVTYP_T":0},"geometry":{"type":"LineString","coordinates":[[-74.0449543264114,40.8608716014024],[-74.0450759117753,40.8608984605144],[-74.0458164432093,40.8610620676128]]}},{"type":"Feature","id":139565,"properties":{"OBJECTID":139565,"PRIMENAME":"Lincoln Street","ELEVTYP_F":0,"ELEVTYP_T":0},"geometry":{"type":"LineString","coordinates":[[-74.0455990482131,40.9106488007257],[-74.0447087702733,40.9115110930764]]}},{"type":"Feature","id":139611,"properties":{"OBJECTID":139611,"PRIMENAME":"Union Circle","ELEVTYP_F":0,"ELEVTYP_T":0},"geometry":{"type":"LineString","coordinates":[[-74.0323766014954,40.8921157086314],[-74.0322804719836,40.8922872171367],[-74.0322614579035,40.892453539468],[-74.0322422552837,40.892621510864]]}},{"type":"Feature","id":139667,"properties":{"OBJECTID":139667,"PRIMENAME":"South Euclid Avenue","ELEVTYP_F":0,"ELEVTYP_T":0},"geometry":{"type":"LineString","coordinates":[[-74.0510271432347,40.9018646653812],[-74.0510140426984,40.9018660589423],[-74.051000882075,40.9018670756037],[-74.050987680193,40.9018677139111],[-74.0509744559399,40.9018679729512],[-74.0509612282355,40.9018678523534],[-74.0509480160043,40.9018673522902],[-74.0509348381487,40.9018664734771],[-74.0509217135219,40.9018652171713],[-74.0509086609011,40.9018635851703],[-74.0508956989603,40.9018615798089],[-74.0508828462439,40.9018592039561],[-74.0508701211398,40.901856461011],[-74.0508575418536,40.9018533548979],[-74.0508451263822,40.9018498900605],[-74.0508328924879,40.9018460714561],[-74.0508208576735,40.9018419045477]]}},{"type":"Feature","id":139695,"properties":{"OBJECTID":139695,"PRIMENAME":"Rowland Avenue","ELEVTYP_F":0,"ELEVTYP_T":0},"geometry":{"type":"LineString","coordinates":[[-74.0625014771875,40.8840222334948],[-74.0622046254354,40.8843112467474],[-74.0619179452174,40.8845876439705]]}},{"type":"Feature","id":140038,"properties":{"OBJECTID":140038,"PRIMENAME":"Club Way","ELEVTYP_F":0,"ELEVTYP_T":0},"geometry":{"type":"LineString","coordinates":[[-74.0569541738989,40.8932060598689],[-74.0570587886972,40.8932652578876],[-74.0589403979758,40.8943303933054],[-74.0589677002038,40.8943447289812],[-74.0589968024055,40.8943568554246],[-74.0590273952675,40.8943666437489],[-74.0590591536322,40.8943739899183],[-74.059091739954,40.8943788158536],[-74.059124807887,40.8943810702619],[-74.0591580059664,40.894380729182],[-74.059190981344,40.8943777962393]]}},{"type":"Feature","id":140100,"properties":{"OBJECTID":140100,"PRIMENAME":"Polifly Road","ELEVTYP_F":0,"ELEVTYP_T":0},"geometry":{"type":"LineString","coordinates":[[-74.0609987449034,40.873753550706],[-74.060924548619,40.8738399535318]]}},{"type":"Feature","id":140111,"properties":{"OBJECTID":140111,"PRIMENAME":"Central Avenue","ELEVTYP_F":0,"ELEVTYP_T":0},"geometry":{"type":"LineString","coordinates":[[-74.0477794672592,40.8870471079419],[-74.0479786862636,40.8871056972063]]}},{"type":"Feature","id":140471,"properties":{"OBJECTID":140471,"PRIMENAME":"Lafayette Street","ELEVTYP_F":0,"ELEVTYP_T":0},"geometry":{"type":"LineString","coordinates":[[-74.0432099565057,40.8718900241653],[-74.0431000639558,40.8719162971131],[-74.0425689973981,40.8720431493346]]}},{"type":"Feature","id":140666,"properties":{"OBJECTID":140666,"PRIMENAME":"West Magnolia Avenue","ELEVTYP_F":0,"ELEVTYP_T":0},"geometry":{"type":"LineString","coordinates":[[-74.0670882244971,40.8992717003894],[-74.0647764713382,40.8979583065388]]}},{"type":"Feature","id":140724,"properties":{"OBJECTID":140724,"PRIMENAME":"Elm Avenue","ELEVTYP_F":0,"ELEVTYP_T":0},"geometry":{"type":"LineString","coordinates":[[-74.0267183884912,40.8844941144961],[-74.0260896807895,40.8860203242989],[-74.0260681675106,40.8860954476705]]}},{"type":"Feature","id":140850,"properties":{"OBJECTID":140850,"PRIMENAME":"Grove Street","ELEVTYP_F":0,"ELEVTYP_T":0},"geometry":{"type":"LineString","coordinates":[[-74.050237113419,40.859846165811],[-74.0501239719864,40.8598210921753]]}},{"type":"Feature","id":141049,"properties":{"OBJECTID":141049,"PRIMENAME":"Northumberland Road","ELEVTYP_F":0,"ELEVTYP_T":0},"geometry":{"type":"LineString","coordinates":[[-74.0254139139927,40.9007645766555],[-74.0252734423766,40.9007288638801],[-74.0239427890238,40.9003909947523],[-74.0238762398182,40.9003675278673],[-74.0238136827786,40.9003384173083],[-74.0237559456902,40.9003040482831],[-74.0237037925539,40.9002648755816],[-74.0236579134775,40.900221417558],[-74.0236189155432,40.9001742492709],[-74.0235873147754,40.9001239948738],[-74.0235635293124,40.9000713193556],[-74.0235302289758,40.8999807727214],[-74.0235003054765,40.8998895498818],[-74.0234737825783,40.8997977233242],[-74.0234506813426,40.8997053660153]]}},{"type":"Feature","id":141297,"properties":{"OBJECTID":141297,"PRIMENAME":"Parkway","ELEVTYP_F":0,"ELEVTYP_T":0},"geometry":{"type":"LineString","coordinates":[[-74.0556612803558,40.8817985423898],[-74.0560413519127,40.8811307160919],[-74.056056554476,40.8811040025067]]}},{"type":"Feature","id":141303,"properties":{"OBJECTID":141303,"PRIMENAME":"East Moonachie Road","ELEVTYP_F":0,"ELEVTYP_T":0},"geometry":{"type":"LineString","coordinates":[[-74.0369924723002,40.862866868902],[-74.0369290556417,40.8628822059209],[-74.0360553378048,40.8630799267804]]}},{"type":"Feature","id":141515,"properties":{"OBJECTID":141515,"PRIMENAME":"Homestead Place","ELEVTYP_F":0,"ELEVTYP_T":0},"geometry":{"type":"LineString","coordinates":[[-74.0319117662147,40.8830931020849],[-74.031906711333,40.8830919288434],[-74.0309591623889,40.8828725744346],[-74.0290334860969,40.8824186752217]]}},{"type":"Feature","id":141526,"properties":{"OBJECTID":141526,"PRIMENAME":"Court Street","ELEVTYP_F":0,"ELEVTYP_T":0},"geometry":{"type":"LineString","coordinates":[[-74.0433296000594,40.8790015676725],[-74.0431871497774,40.8790032266369],[-74.0430447965747,40.8790075487881],[-74.0414052567222,40.8790868487359],[-74.0413864086216,40.8790877617184]]}},{"type":"Feature","id":141539,"properties":{"OBJECTID":141539,"PRIMENAME":"Frederick Street","ELEVTYP_F":0,"ELEVTYP_T":0},"geometry":{"type":"LineString","coordinates":[[-74.0444227852478,40.8704357463676],[-74.043988762538,40.8703449586392],[-74.0439622868495,40.8703416680217],[-74.0439355883406,40.8703396678629],[-74.0439087760504,40.8703389663315],[-74.0438819594827,40.8703395662926],[-74.0438552481586,40.870341465296],[-74.0438287511696,40.8703446555859],[-74.0438025767317,40.8703491241329],[-74.0437768317438,40.8703548526871],[-74.0434630323053,40.8704287951879]]}},{"type":"Feature","id":141641,"properties":{"OBJECTID":141641,"PRIMENAME":"Buckingham Drive","ELEVTYP_F":0,"ELEVTYP_T":0},"geometry":{"type":"LineString","coordinates":[[-74.0590223695462,40.8907452477848],[-74.0589929773092,40.8907455947344],[-74.0589640986182,40.8907414289711],[-74.0589369240967,40.8907329222428],[-74.0589125741069,40.8907204252687],[-74.0583309206147,40.8903643223857],[-74.0582873134057,40.8903353478787],[-74.0582504663313,40.890301395878],[-74.058221352506,40.8902633630509],[-74.0582007408066,40.8902222538372],[-74.0581891755669,40.8901791539213],[-74.0581869622038,40.8901352015596],[-74.0581941591531,40.890091557519],[-74.0582105763279,40.8900493744216],[-74.05843963203,40.8895999175565],[-74.0584676648362,40.8895346680101]]}},{"type":"Feature","id":141679,"properties":{"OBJECTID":141679,"PRIMENAME":"South State Street","ELEVTYP_F":0,"ELEVTYP_T":0},"geometry":{"type":"LineString","coordinates":[[-74.0483552894802,40.8742395885479],[-74.0482670910086,40.8746649008964],[-74.0480653777692,40.8754731272651]]}},{"type":"Feature","id":141686,"properties":{"OBJECTID":141686,"PRIMENAME":"Anderson Street","ELEVTYP_F":0,"ELEVTYP_T":0},"geometry":{"type":"LineString","coordinates":[[-74.0454477871937,40.8952222893097],[-74.0445588297383,40.8946930173544],[-74.0445195413719,40.8946514415585],[-74.0445174383214,40.8946100945626],[-74.0445325519163,40.8945687606245],[-74.0445661075746,40.8945022467336]]}},{"type":"Feature","id":141737,"properties":{"OBJECTID":141737,"PRIMENAME":"Lincoln Place","ELEVTYP_F":0,"ELEVTYP_T":0},"geometry":{"type":"LineString","coordinates":[[-74.0249286719896,40.8939996784002],[-74.0249717472728,40.8939197036552],[-74.0252903194368,40.893328137618]]}},{"type":"Feature","id":141769,"properties":{"OBJECTID":141769,"PRIMENAME":"Buckingham Drive","ELEVTYP_F":0,"ELEVTYP_T":0},"geometry":{"type":"LineString","coordinates":[[-74.0584676648362,40.8895346680101],[-74.0584881212805,40.8894922890233],[-74.0585101595974,40.8894503692783],[-74.0585337619103,40.8894089427726],[-74.0585589090747,40.8893680431035],[-74.0585919295621,40.8893203279173],[-74.0586283318749,40.8892740512669],[-74.0586680075276,40.8892293510565],[-74.0587108382807,40.8891863604922],[-74.0588558393347,40.8890474435106],[-74.0590020776879,40.888909275687],[-74.0590207491575,40.8888812181415],[-74.0590381218442,40.888852684189],[-74.0590541746769,40.8888237084409],[-74.0590688881856,40.8887943260444]]}},{"type":"Feature","id":141854,"properties":{"OBJECTID":141854,"PRIMENAME":"State Highway 17","ELEVTYP_F":0,"ELEVTYP_T":0},"geometry":{"type":"LineString","coordinates":[[-74.0648135739971,40.8782895842021],[-74.0646273577999,40.8778707445042],[-74.0645388311572,40.8776716213762],[-74.0644320139608,40.8774381453348]]}},{"type":"Feature","id":141909,"properties":{"OBJECTID":141909,"PRIMENAME":"Union Street","ELEVTYP_F":0,"ELEVTYP_T":0},"geometry":{"type":"LineString","coordinates":[[-74.0416566894207,40.8919073284833],[-74.0415578474748,40.8920045723631]]}},{"type":"Feature","id":141984,"properties":{"OBJECTID":141984,"PRIMENAME":"River Road","ELEVTYP_F":0,"ELEVTYP_T":0},"geometry":{"type":"LineString","coordinates":[[-74.024669738184,40.9119642625309],[-74.0246891217561,40.9120087381262],[-74.0247061649755,40.9120537619207],[-74.0247208410199,40.9120992630694],[-74.0247331267916,40.9121451699755],[-74.0247430029535,40.912191410404],[-74.0247504539605,40.9122379115948],[-74.0247554680831,40.9122846003774],[-74.0247580374263,40.9123314032858],[-74.0247193057097,40.9131975411585]]}},{"type":"Feature","id":141990,"properties":{"OBJECTID":141990,"PRIMENAME":"Kaplan Avenue","ELEVTYP_F":0,"ELEVTYP_T":0},"geometry":{"type":"LineString","coordinates":[[-74.0647017099767,40.8862560429881],[-74.0645265854113,40.8861501856791],[-74.0629286393294,40.8851842475932],[-74.0619179452174,40.8845876439705]]}},{"type":"Feature","id":142147,"properties":{"OBJECTID":142147,"PRIMENAME":"North Street","ELEVTYP_F":0,"ELEVTYP_T":0},"geometry":{"type":"LineString","coordinates":[[-74.0595145662608,40.8684688997467],[-74.0592141311511,40.8683361868111],[-74.0586057085458,40.8680708125403],[-74.0572613029568,40.8674652028903],[-74.0563979902406,40.8670789120354]]}},{"type":"Feature","id":142172,"properties":{"OBJECTID":142172,"PRIMENAME":"Catalpa Avenue","ELEVTYP_F":0,"ELEVTYP_T":0},"geometry":{"type":"LineString","coordinates":[[-74.0293492603958,40.8914234578533],[-74.029346555352,40.8914568524254],[-74.0293407380247,40.8915286911839],[-74.0293109932823,40.8918964889853],[-74.0293046210406,40.8919752814461],[-74.0293038627226,40.8920124863113],[-74.0292986947419,40.8920494883785],[-74.029289159042,40.8920859872859],[-74.0292753330212,40.8921216867559],[-74.0292035147886,40.8922822464617],[-74.0291190712019,40.8923561516171]]}},{"type":"Feature","id":142194,"properties":{"OBJECTID":142194,"PRIMENAME":"Maple Hill Drive","ELEVTYP_F":0,"ELEVTYP_T":0},"geometry":{"type":"LineString","coordinates":[[-74.0552945639239,40.8960867912389],[-74.0551793118661,40.8963138198861]]}},{"type":"Feature","id":142323,"properties":{"OBJECTID":142323,"PRIMENAME":"Maywood Avenue","ELEVTYP_F":0,"ELEVTYP_T":0},"geometry":{"type":"LineString","coordinates":[[-74.0647764713382,40.8979583065388],[-74.0646733114665,40.8982490719935],[-74.0643374504145,40.8991877775452],[-74.0643182419122,40.8992267231063],[-74.0642967516531,40.8992649760988]]}},{"type":"Feature","id":142336,"properties":{"OBJECTID":142336,"PRIMENAME":"Oakwood Avenue","ELEVTYP_F":0,"ELEVTYP_T":0},"geometry":{"type":"LineString","coordinates":[[-74.0267084230045,40.8701478173054],[-74.0243377216346,40.8694875415989],[-74.0237777271429,40.8693295107358]]}},{"type":"Feature","id":142506,"properties":{"OBJECTID":142506,"PRIMENAME":"Salem Street Extension","ELEVTYP_F":0,"ELEVTYP_T":0},"geometry":{"type":"LineString","coordinates":[[-74.0367785606431,40.8829888442485],[-74.0363380464048,40.8826888718816],[-74.0362017469163,40.8825960561928],[-74.036101730025,40.8825279942963],[-74.0360136124621,40.8824712895139]]}},{"type":"Feature","id":142531,"properties":{"OBJECTID":142531,"PRIMENAME":"Main Street","ELEVTYP_F":0,"ELEVTYP_T":0},"geometry":{"type":"LineString","coordinates":[[-74.0419110880446,40.9070874112991],[-74.0418374716063,40.9075628139699],[-74.0418250063912,40.9076154177343],[-74.0418110592561,40.9076678069222],[-74.041795636594,40.9077199575072],[-74.0417787454743,40.9077718455721],[-74.0417603936403,40.90782344732],[-74.0417405895052,40.9078747390854],[-74.041719342148,40.9079256973448],[-74.0416966613102,40.9079762987278]]}},{"type":"Feature","id":142581,"properties":{"OBJECTID":142581,"PRIMENAME":"Bergen Avenue","ELEVTYP_F":0,"ELEVTYP_T":0},"geometry":{"type":"LineString","coordinates":[[-74.0630536572821,40.9047481537764],[-74.0630654155158,40.9047371366856],[-74.0639147812626,40.9039560431253]]}},{"type":"Feature","id":142787,"properties":{"OBJECTID":142787,"PRIMENAME":"Maywood Avenue","ELEVTYP_F":0,"ELEVTYP_T":0},"geometry":{"type":"LineString","coordinates":[[-74.0583374247424,40.9105587100361],[-74.0580346125519,40.9112657678043],[-74.0579938152883,40.9113610523011]]}},{"type":"Feature","id":143168,"properties":{"OBJECTID":143168,"PRIMENAME":"East Camden Street","ELEVTYP_F":0,"ELEVTYP_T":0},"geometry":{"type":"LineString","coordinates":[[-74.0404011276609,40.8869199751007],[-74.0396827721438,40.8865493438423]]}},{"type":"Feature","id":143236,"properties":{"OBJECTID":143236,"PRIMENAME":"Beech Street","ELEVTYP_F":0,"ELEVTYP_T":0},"geometry":{"type":"LineString","coordinates":[[-74.054419088453,40.8860400303554],[-74.053930074296,40.8857403691999],[-74.0538858901431,40.885710830017],[-74.0538405363409,40.8856823301611],[-74.0537940553188,40.8856548962933],[-74.0537464905607,40.8856285540777],[-74.0536978865641,40.8856033281571],[-74.0536482887984,40.8855792421301],[-74.0535977436627,40.8855563185286],[-74.053546298442,40.8855345787974]]}},{"type":"Feature","id":143251,"properties":{"OBJECTID":143251,"PRIMENAME":"Union Street","ELEVTYP_F":0,"ELEVTYP_T":0},"geometry":{"type":"LineString","coordinates":[[-74.0415578474748,40.8920045723631],[-74.0411934704371,40.8923630663512]]}},{"type":"Feature","id":143299,"properties":{"OBJECTID":143299,"PRIMENAME":"Maywood Avenue","ELEVTYP_F":0,"ELEVTYP_T":0},"geometry":{"type":"LineString","coordinates":[[-74.0652056929919,40.8967536378557],[-74.0651292159976,40.8969640775084],[-74.0647764713382,40.8979583065388]]}},{"type":"Feature","id":143487,"properties":{"OBJECTID":143487,"PRIMENAME":"Hudson Street","ELEVTYP_F":0,"ELEVTYP_T":0},"geometry":{"type":"LineString","coordinates":[[-74.0395290499371,40.8668014713046],[-74.0395451836242,40.8668422153766]]}},{"type":"Feature","id":143558,"properties":{"OBJECTID":143558,"PRIMENAME":"Howcroft Road","ELEVTYP_F":0,"ELEVTYP_T":0},"geometry":{"type":"LineString","coordinates":[[-74.065417338478,40.8900002604446],[-74.0654441451304,40.8900332533464],[-74.0654735223167,40.890064960751],[-74.0655053633188,40.8900952674713],[-74.0655395524678,40.8901240634087],[-74.0655759655636,40.8901512439529],[-74.0656144703266,40.8901767103618],[-74.0656549268781,40.8902003701204],[-74.0656971882481,40.8902221372767],[-74.0661991971521,40.8905171305547],[-74.0662783038292,40.8905641711067]]}},{"type":"Feature","id":143602,"properties":{"OBJECTID":143602,"PRIMENAME":"Green Street","ELEVTYP_F":0,"ELEVTYP_T":0},"geometry":{"type":"LineString","coordinates":[[-74.0600770764648,40.8677755276858],[-74.0595145662608,40.8684688997467]]}},{"type":"Feature","id":143638,"properties":{"OBJECTID":143638,"PRIMENAME":"Main Street","ELEVTYP_F":0,"ELEVTYP_T":0},"geometry":{"type":"LineString","coordinates":[[-74.0443337838912,40.8792399571726],[-74.0443106013617,40.8793061473943],[-74.0442880663942,40.8793724663274]]}},{"type":"Feature","id":143641,"properties":{"OBJECTID":143641,"PRIMENAME":"Main Street","ELEVTYP_F":0,"ELEVTYP_T":0},"geometry":{"type":"LineString","coordinates":[[-74.04348595305,40.8823995771214],[-74.0432167458599,40.8830604720138],[-74.0428778070738,40.8837882118732]]}},{"type":"Feature","id":143701,"properties":{"OBJECTID":143701,"PRIMENAME":"Maple Hill Drive","ELEVTYP_F":0,"ELEVTYP_T":0},"geometry":{"type":"LineString","coordinates":[[-74.0555851843281,40.8955143039227],[-74.0555126758362,40.8956571361839],[-74.0552945639239,40.8960867912389]]}},{"type":"Feature","id":143904,"properties":{"OBJECTID":143904,"PRIMENAME":"Jackson Avenue","ELEVTYP_F":0,"ELEVTYP_T":0},"geometry":{"type":"LineString","coordinates":[[-74.039703596533,40.8625178024422],[-74.0397342572717,40.8625960187112],[-74.0400664185992,40.8634431986518]]}},{"type":"Feature","id":143950,"properties":{"OBJECTID":143950,"PRIMENAME":"Lincoln Street","ELEVTYP_F":0,"ELEVTYP_T":0},"geometry":{"type":"LineString","coordinates":[[-74.0464814203315,40.9097806778259],[-74.0455990482131,40.9106488007257]]}},{"type":"Feature","id":143954,"properties":{"OBJECTID":143954,"PRIMENAME":"Austin Street","ELEVTYP_F":0,"ELEVTYP_T":0},"geometry":{"type":"LineString","coordinates":[[-74.0241701867345,40.8610522694964],[-74.0242657655312,40.8610797285857],[-74.0245031316527,40.8611392570178],[-74.024833439821,40.8612260129773],[-74.0256276863729,40.8614252435399]]}},{"type":"Feature","id":143959,"properties":{"OBJECTID":143959,"PRIMENAME":"George Street","ELEVTYP_F":0,"ELEVTYP_T":0},"geometry":{"type":"LineString","coordinates":[[-74.0516121678359,40.8738981616371],[-74.0521537411866,40.8739713413217]]}},{"type":"Feature","id":144217,"properties":{"OBJECTID":144217,"PRIMENAME":"Court Street","ELEVTYP_F":0,"ELEVTYP_T":0},"geometry":{"type":"LineString","coordinates":[[-74.0439829886737,40.8790283357503],[-74.0439487967886,40.8790254286128],[-74.0438716306277,40.8790196877355],[-74.0437943699042,40.8790147335023],[-74.0437170285366,40.8790105668059],[-74.043639620458,40.8790071883966],[-74.0435621596131,40.8790045988833],[-74.0434846599567,40.8790027987324],[-74.0434071354502,40.8790017882681],[-74.0433296000594,40.8790015676725]]}},{"type":"Feature","id":144385,"properties":{"OBJECTID":144385,"PRIMENAME":"Passaic Street","ELEVTYP_F":0,"ELEVTYP_T":0},"geometry":{"type":"LineString","coordinates":[[-74.0436253269803,40.8918363004526],[-74.0437373617795,40.8919032262474],[-74.0446050573383,40.8924249262659],[-74.0447331222895,40.8925019052683]]}},{"type":"Feature","id":144404,"properties":{"OBJECTID":144404,"PRIMENAME":"Vreeland Avenue","ELEVTYP_F":0,"ELEVTYP_T":0},"geometry":{"type":"LineString","coordinates":[[-74.0420032155602,40.8660349686056],[-74.0411609536366,40.8662237949505]]}},{"type":"Feature","id":144470,"properties":{"OBJECTID":144470,"PRIMENAME":"Ross Avenue","ELEVTYP_F":0,"ELEVTYP_T":0},"geometry":{"type":"LineString","coordinates":[[-74.0503852581469,40.9028818520915],[-74.0515930235571,40.9035993299123]]}},{"type":"Feature","id":144483,"properties":{"OBJECTID":144483,"PRIMENAME":"Sievers Lane","ELEVTYP_F":0,"ELEVTYP_T":0},"geometry":{"type":"LineString","coordinates":[[-74.0431709348307,40.8593835165516],[-74.0433585520371,40.8593869764418],[-74.0433712969439,40.8593880379643],[-74.0433841183102,40.8593880429376],[-74.0433968646389,40.8593869913029],[-74.0434093853196,40.8593848954864],[-74.043421532408,40.8593817802522],[-74.0434331623743,40.8593776824098],[-74.0434441377991,40.8593726503793],[-74.0434543289971,40.8593667436191],[-74.0434636155495,40.8593600319234],[-74.0434718877269,40.8593525945973],[-74.0434790477858,40.8593445195203],[-74.0434850111236,40.859335902107],[-74.0434897072782,40.8593268441806],[-74.0434930807604,40.8593174527692],[-74.0434950917101,40.8593078388413],[-74.0434957163663,40.8592981159947],[-74.0435097512318,40.8591104428628]]}},{"type":"Feature","id":144489,"properties":{"OBJECTID":144489,"PRIMENAME":"John Street","ELEVTYP_F":0,"ELEVTYP_T":0},"geometry":{"type":"LineString","coordinates":[[-74.041161189528,40.8593579994409],[-74.0411503513071,40.8594353910797],[-74.0410711940347,40.8600033899772],[-74.0410677169433,40.8600343209102],[-74.0410618410582,40.8600650420765],[-74.0410535868685,40.8600954463365],[-74.0410429831571,40.8601254276554],[-74.0409297357052,40.8604046053636]]}},{"type":"Feature","id":144498,"properties":{"OBJECTID":144498,"PRIMENAME":"West End Avenue","ELEVTYP_F":0,"ELEVTYP_T":0},"geometry":{"type":"LineString","coordinates":[[-74.0293278882362,40.874974068391],[-74.0291785718506,40.8749308143487],[-74.028850399949,40.8748357502985]]}},{"type":"Feature","id":144634,"properties":{"OBJECTID":144634,"PRIMENAME":"Spring Valley Avenue","ELEVTYP_F":0,"ELEVTYP_T":0},"geometry":{"type":"LineString","coordinates":[[-74.0441205647647,40.9043599967812],[-74.0434271699775,40.9039539961911]]}},{"type":"Feature","id":144664,"properties":{"OBJECTID":144664,"PRIMENAME":"Belle Avenue","ELEVTYP_F":0,"ELEVTYP_T":0},"geometry":{"type":"LineString","coordinates":[[-74.0630681429308,40.905795975364],[-74.0623334696746,40.9053114000293],[-74.0619534560209,40.9050607448288]]}},{"type":"Feature","id":144665,"properties":{"OBJECTID":144665,"PRIMENAME":"Lodi Street","ELEVTYP_F":0,"ELEVTYP_T":0},"geometry":{"type":"LineString","coordinates":[[-74.0509386258093,40.8744842850616],[-74.0507684452197,40.8744644479551],[-74.050598497949,40.8744434902839],[-74.0504287968054,40.8744214136276],[-74.0502593545788,40.8743982196502]]}},{"type":"Feature","id":144721,"properties":{"OBJECTID":144721,"PRIMENAME":"Ross Avenue","ELEVTYP_F":0,"ELEVTYP_T":0},"geometry":{"type":"LineString","coordinates":[[-74.0445493426086,40.899409731229],[-74.0464510893586,40.9005467914493]]}},{"type":"Feature","id":144799,"properties":{"OBJECTID":144799,"PRIMENAME":"State Street","ELEVTYP_F":0,"ELEVTYP_T":0},"geometry":{"type":"LineString","coordinates":[[-74.0435007544064,40.8862465181816],[-74.0429691761985,40.887214555535]]}},{"type":"Feature","id":144818,"properties":{"OBJECTID":144818,"PRIMENAME":"Coles Street","ELEVTYP_F":0,"ELEVTYP_T":0},"geometry":{"type":"LineString","coordinates":[[-74.0538025979466,40.9089196070084],[-74.0530254531448,40.90965693058]]}},{"type":"Feature","id":144877,"properties":{"OBJECTID":144877,"PRIMENAME":"Maple Hill Drive","ELEVTYP_F":0,"ELEVTYP_T":0},"geometry":{"type":"LineString","coordinates":[[-74.0569541738989,40.8932060598689],[-74.0565785128276,40.8939496450064],[-74.0565642979226,40.8939755280933],[-74.0565481473171,40.8940007488773]]}},{"type":"Feature","id":144922,"properties":{"OBJECTID":144922,"PRIMENAME":"South Summit Avenue","ELEVTYP_F":1,"ELEVTYP_T":0},"geometry":{"type":"LineString","coordinates":[[-74.063610154751,40.8789517007498],[-74.063812492351,40.8785887893225]]}},{"type":"Feature","id":145001,"properties":{"OBJECTID":145001,"PRIMENAME":"Liberty Street","ELEVTYP_F":0,"ELEVTYP_T":0},"geometry":{"type":"LineString","coordinates":[[-74.0410266575628,40.8581042376237],[-74.0409183401573,40.8583178779156],[-74.0409075884834,40.8583390814153],[-74.040651114595,40.8588393411386]]}},{"type":"Feature","id":145066,"properties":{"OBJECTID":145066,"PRIMENAME":"Park Street","ELEVTYP_F":0,"ELEVTYP_T":0},"geometry":{"type":"LineString","coordinates":[[-74.0428724426822,40.892630364366],[-74.0424107702621,40.8930774128285]]}},{"type":"Feature","id":145076,"properties":{"OBJECTID":145076,"PRIMENAME":"West Grove Street","ELEVTYP_F":0,"ELEVTYP_T":0},"geometry":{"type":"LineString","coordinates":[[-74.0268142493142,40.8810133524721],[-74.0280327689413,40.8813014304941]]}},{"type":"Feature","id":145170,"properties":{"OBJECTID":145170,"PRIMENAME":"Elm Avenue","ELEVTYP_F":0,"ELEVTYP_T":0},"geometry":{"type":"LineString","coordinates":[[-74.0439307617057,40.9030027030997],[-74.044212518757,40.9031708735647]]}},{"type":"Feature","id":145176,"properties":{"OBJECTID":145176,"PRIMENAME":"Huyler Street","ELEVTYP_F":0,"ELEVTYP_T":0},"geometry":{"type":"LineString","coordinates":[[-74.0488012119752,40.871192005678],[-74.0487911508047,40.8713263304525]]}},{"type":"Feature","id":145217,"properties":{"OBJECTID":145217,"PRIMENAME":"River Road","ELEVTYP_F":0,"ELEVTYP_T":0},"geometry":{"type":"LineString","coordinates":[[-74.0309906437685,40.8935870014174],[-74.0309656862081,40.8936214360276],[-74.0309393411379,40.893655270229],[-74.0309116336156,40.8936884718382],[-74.0308825899951,40.8937210092731],[-74.0304937475178,40.8941740966791]]}},{"type":"Feature","id":145300,"properties":{"OBJECTID":145300,"PRIMENAME":"West Grove Street","ELEVTYP_F":0,"ELEVTYP_T":0},"geometry":{"type":"LineString","coordinates":[[-74.0280327689413,40.8813014304941],[-74.0288264782686,40.8814890533832],[-74.0293665811962,40.8816171686971]]}},{"type":"Feature","id":145524,"properties":{"OBJECTID":145524,"PRIMENAME":"South Summit Avenue","ELEVTYP_F":0,"ELEVTYP_T":0},"geometry":{"type":"LineString","coordinates":[[-74.0654200298428,40.8755888722718],[-74.0654205434464,40.8755878034298],[-74.0654480946485,40.8755453533606],[-74.0654765976661,40.8755032669226],[-74.0655060441707,40.8754615564108],[-74.065536425558,40.8754202340105],[-74.0655677329507,40.8753793117936],[-74.065599957201,40.875338801715],[-74.0656330888935,40.8752987156091],[-74.0656671183475,40.8752590651867]]}},{"type":"Feature","id":145556,"properties":{"OBJECTID":145556,"PRIMENAME":"Terrace Avenue","ELEVTYP_F":0,"ELEVTYP_T":0},"geometry":{"type":"LineString","coordinates":[[-74.0628728447412,40.871526614517],[-74.0627335692324,40.8717000335372]]}},{"type":"Feature","id":145599,"properties":{"OBJECTID":145599,"PRIMENAME":"Essex Street","ELEVTYP_F":0,"ELEVTYP_T":0},"geometry":{"type":"LineString","coordinates":[[-74.0515333227019,40.8793008124373],[-74.0506011155624,40.8787311775324]]}},{"type":"Feature","id":145639,"properties":{"OBJECTID":145639,"PRIMENAME":"East Fort Lee Road","ELEVTYP_F":0,"ELEVTYP_T":0},"geometry":{"type":"LineString","coordinates":[[-74.0257859940401,40.875112536038],[-74.0253969911626,40.874996088314]]}},{"type":"Feature","id":145652,"properties":{"OBJECTID":145652,"PRIMENAME":"Hopper Street","ELEVTYP_F":0,"ELEVTYP_T":0},"geometry":{"type":"LineString","coordinates":[[-74.0616093451768,40.8760115837008],[-74.0613979323221,40.8762160485613],[-74.0612539782031,40.876355271239]]}},{"type":"Feature","id":145670,"properties":{"OBJECTID":145670,"PRIMENAME":"Spring Valley Avenue","ELEVTYP_F":0,"ELEVTYP_T":0},"geometry":{"type":"LineString","coordinates":[[-74.0490359890807,40.9072884223003],[-74.0480555554791,40.906706859647]]}},{"type":"Feature","id":145728,"properties":{"OBJECTID":145728,"PRIMENAME":"River Road","ELEVTYP_F":0,"ELEVTYP_T":0},"geometry":{"type":"LineString","coordinates":[[-74.0242329074078,40.9111359107868],[-74.0242471174446,40.9111881223181],[-74.0242628220324,40.9112400868541],[-74.0242800137346,40.9112917797761],[-74.02429868441,40.9113431765942],[-74.0243528455331,40.91144824922],[-74.0244112776177,40.9115519965311],[-74.024473924428,40.9116543186443],[-74.0245407256693,40.911755117048],[-74.0245780144103,40.9118055389526],[-74.0246119992326,40.911857287316],[-74.0246425983656,40.9119102376392],[-74.024669738184,40.9119642625309]]}},{"type":"Feature","id":145781,"properties":{"OBJECTID":145781,"PRIMENAME":"Catalpa Avenue","ELEVTYP_F":0,"ELEVTYP_T":0},"geometry":{"type":"LineString","coordinates":[[-74.0291190712019,40.8923561516171],[-74.0290329167545,40.8924316428248],[-74.0290084013986,40.8924613894192],[-74.0289852260643,40.8924917482902],[-74.0289634172794,40.8925226846895],[-74.028943000008,40.8925541632077],[-74.0289239976214,40.892586147815],[-74.0289064318716,40.8926186019019],[-74.0288903228663,40.8926514883218],[-74.028875689046,40.8926847694332],[-74.0287612691821,40.8928947012646]]}},{"type":"Feature","id":145794,"properties":{"OBJECTID":145794,"PRIMENAME":"Clarendon Place","ELEVTYP_F":0,"ELEVTYP_T":0},"geometry":{"type":"LineString","coordinates":[[-74.0483179381505,40.8957938329743],[-74.0490535882671,40.8950884371359]]}},{"type":"Feature","id":145848,"properties":{"OBJECTID":145848,"PRIMENAME":"Palisade Avenue","ELEVTYP_F":0,"ELEVTYP_T":0},"geometry":{"type":"LineString","coordinates":[[-74.0251529074666,40.8769678714213],[-74.0250164071213,40.8773853632192]]}},{"type":"Feature","id":145906,"properties":{"OBJECTID":145906,"PRIMENAME":"Downing Street","ELEVTYP_F":0,"ELEVTYP_T":0},"geometry":{"type":"LineString","coordinates":[[-74.0247193057097,40.9131975411585],[-74.0246171652854,40.9131613263822],[-74.0221452601663,40.9122861572086],[-74.0219482404417,40.912216224247]]}},{"type":"Feature","id":145963,"properties":{"OBJECTID":145963,"PRIMENAME":"Windsor Court","ELEVTYP_F":0,"ELEVTYP_T":0},"geometry":{"type":"LineString","coordinates":[[-74.063821690602,40.8897912932781],[-74.0637295578474,40.8897444233057],[-74.0635388964268,40.889647430402],[-74.0634454700997,40.8897149246539],[-74.062972142327,40.8893630311461]]}},{"type":"Feature","id":146028,"properties":{"OBJECTID":146028,"PRIMENAME":"Kinderkamack Road","ELEVTYP_F":0,"ELEVTYP_T":0},"geometry":{"type":"LineString","coordinates":[[-74.0395778080371,40.9072988937729],[-74.0395020794016,40.9073492243053],[-74.0394237855838,40.9073972425614],[-74.0393430491592,40.9074428733612],[-74.0392599965284,40.9074860452628],[-74.0391747577192,40.9075266906737],[-74.0390874661828,40.9075647459572],[-74.0389982585852,40.9076001515315],[-74.0389072745928,40.9076328519634],[-74.0381231961278,40.9079047556569]]}},{"type":"Feature","id":146213,"properties":{"OBJECTID":146213,"PRIMENAME":"Lodi Street","ELEVTYP_F":0,"ELEVTYP_T":0},"geometry":{"type":"LineString","coordinates":[[-74.0555725900597,40.8754399942723],[-74.0555268968936,40.8754236091113],[-74.0554800561907,40.8754092114217],[-74.0554322178491,40.875396847278],[-74.0553835349589,40.8753865562475],[-74.0548098914821,40.8752663933131],[-74.0547596552705,40.8752572342232],[-74.0547088857419,40.8752499642773],[-74.0546567944072,40.8752445226172],[-74.0546044092092,40.8752410697375],[-74.0545518618479,40.875239614319],[-74.0544992844309,40.8752401600207],[-74.0544328950444,40.8752364640864],[-74.0543666608032,40.875231412895]]}},{"type":"Feature","id":146264,"properties":{"OBJECTID":146264,"PRIMENAME":"Wyoming Avenue","ELEVTYP_F":0,"ELEVTYP_T":0},"geometry":{"type":"LineString","coordinates":[[-74.0652923493222,40.9081882392228],[-74.0646074637235,40.9097907511752],[-74.0645660588577,40.909886502233]]}},{"type":"Feature","id":146310,"properties":{"OBJECTID":146310,"PRIMENAME":"Cumming Avenue","ELEVTYP_F":0,"ELEVTYP_T":0},"geometry":{"type":"LineString","coordinates":[[-74.0657644726291,40.9095929773777],[-74.0658853204123,40.909620469088],[-74.0662051979835,40.9096931235262],[-74.0663192313147,40.9097248817372],[-74.0664303852333,40.9097620540865],[-74.0665382136391,40.9098044913902],[-74.0666422837763,40.9098520233341],[-74.0668957147259,40.9099994998824],[-74.0669669235235,40.9100449537424],[-74.0670435944465,40.9100849683285],[-74.0671250082879,40.9101191682815],[-74.0672104013456,40.910147232786],[-74.0675364570834,40.9102384349227]]}},{"type":"Feature","id":146315,"properties":{"OBJECTID":146315,"PRIMENAME":"Grove Avenue","ELEVTYP_F":0,"ELEVTYP_T":0},"geometry":{"type":"LineString","coordinates":[[-74.0578306574083,40.9037149842477],[-74.0596936300495,40.9048326823187],[-74.0605020667974,40.9053044352795],[-74.0605847848761,40.9053527037558]]}},{"type":"Feature","id":147195,"properties":{"OBJECTID":147195,"PRIMENAME":"Jersey Avenue","ELEVTYP_F":0,"ELEVTYP_T":0},"geometry":{"type":"LineString","coordinates":[[-74.0593363063903,40.9055497476285],[-74.0593060653472,40.9056198743232],[-74.0588866900729,40.9065920065632]]}},{"type":"Feature","id":147243,"properties":{"OBJECTID":147243,"PRIMENAME":"Coles Street","ELEVTYP_F":0,"ELEVTYP_T":0},"geometry":{"type":"LineString","coordinates":[[-74.0564455374137,40.9063621159347],[-74.0556629906808,40.9071155777245]]}},{"type":"Feature","id":147797,"properties":{"OBJECTID":147797,"PRIMENAME":"Holt Street","ELEVTYP_F":0,"ELEVTYP_T":0},"geometry":{"type":"LineString","coordinates":[[-74.044370984119,40.8735665876369],[-74.0444144683988,40.8734954730198],[-74.044745703568,40.8725675083288],[-74.0448061862527,40.8724008273466]]}},{"type":"Feature","id":148925,"properties":{"OBJECTID":148925,"PRIMENAME":"Summit Avenue","ELEVTYP_F":0,"ELEVTYP_T":0},"geometry":{"type":"LineString","coordinates":[[-74.0525273983852,40.8994717041642],[-74.0523259895837,40.9004239901182]]}},{"type":"Feature","id":149728,"properties":{"OBJECTID":149728,"PRIMENAME":"Boulevard","ELEVTYP_F":0,"ELEVTYP_T":0},"geometry":{"type":"LineString","coordinates":[[-74.068438193165,40.8719253028667],[-74.0689014600944,40.8713667923057]]}},{"type":"Feature","id":150163,"properties":{"OBJECTID":150163,"PRIMENAME":"Maple Avenue","ELEVTYP_F":0,"ELEVTYP_T":0},"geometry":{"type":"LineString","coordinates":[[-74.0287612691821,40.8928947012646],[-74.0277131726412,40.892569228966],[-74.0259821670288,40.89203946594]]}},{"type":"Feature","id":150863,"properties":{"OBJECTID":150863,"PRIMENAME":"River Road","ELEVTYP_F":0,"ELEVTYP_T":0},"geometry":{"type":"LineString","coordinates":[[-74.0275187602045,40.8984955601978],[-74.0272034721757,40.8990671896951],[-74.0271763849047,40.8991066612665],[-74.0271480754917,40.8991456359565]]}},{"type":"Feature","id":150982,"properties":{"OBJECTID":150982,"PRIMENAME":"University Plaza Drive","ELEVTYP_F":0,"ELEVTYP_T":0},"geometry":{"type":"LineString","coordinates":[[-74.0373379557726,40.8961269126514],[-74.0369353568378,40.8961914497529],[-74.0368952519246,40.8961985926087],[-74.0368549905231,40.8962052091956]]}},{"type":"Feature","id":151299,"properties":{"OBJECTID":151299,"PRIMENAME":"Burton Avenue","ELEVTYP_F":0,"ELEVTYP_T":0},"geometry":{"type":"LineString","coordinates":[[-74.0653812287909,40.8701417169144],[-74.0647092131657,40.8708013731038]]}},{"type":"Feature","id":151397,"properties":{"OBJECTID":151397,"PRIMENAME":"North Street","ELEVTYP_F":0,"ELEVTYP_T":0},"geometry":{"type":"LineString","coordinates":[[-74.0241811460132,40.8874018424465],[-74.025404287424,40.8876905984334]]}},{"type":"Feature","id":151906,"properties":{"OBJECTID":151906,"PRIMENAME":"US Highway 46","ELEVTYP_F":0,"ELEVTYP_T":1},"geometry":{"type":"LineString","coordinates":[[-74.0670490577302,40.8712808678759],[-74.0672698442496,40.8715565342073],[-74.0676715557055,40.8720512792422],[-74.0676870330545,40.8720702861481],[-74.0678350357078,40.8722520534827],[-74.0679957601311,40.8724507251411]]}},{"type":"Feature","id":152481,"properties":{"OBJECTID":152481,"PRIMENAME":"Summit Avenue","ELEVTYP_F":0,"ELEVTYP_T":0},"geometry":{"type":"LineString","coordinates":[[-74.0538864081048,40.8956726057857],[-74.0543396162156,40.8947693536647],[-74.0545168015528,40.8944304002378],[-74.0546906736822,40.894090460518],[-74.0549382766092,40.8935996898408]]}},{"type":"Feature","id":153377,"properties":{"OBJECTID":153377,"PRIMENAME":"Interstate 80","ELEVTYP_F":0,"ELEVTYP_T":0},"geometry":{"type":"LineString","coordinates":[[-74.0491585132961,40.867519158231],[-74.0495207993461,40.8675546386502],[-74.0502232382842,40.8676317678382],[-74.0509372060054,40.8677152506322],[-74.0515061371827,40.8677943503532],[-74.0516566892012,40.867821115214]]}},{"type":"Feature","id":153803,"properties":{"OBJECTID":153803,"PRIMENAME":"Beech Street","ELEVTYP_F":0,"ELEVTYP_T":0},"geometry":{"type":"LineString","coordinates":[[-74.053546298442,40.8855345787974],[-74.0534875741678,40.8855115934628],[-74.0534278433398,40.8854901540195],[-74.0533671765856,40.8854702858177],[-74.0533056456389,40.8854520123496],[-74.0522765463274,40.8851192068206],[-74.0521054767811,40.8850700119296]]}},{"type":"Feature","id":153951,"properties":{"OBJECTID":153951,"PRIMENAME":"Paterson Avenue","ELEVTYP_F":0,"ELEVTYP_T":0},"geometry":{"type":"LineString","coordinates":[[-74.056930638469,40.910784929826],[-74.0568591529352,40.910853690586],[-74.0562110117513,40.9114772873119]]}},{"type":"Feature","id":154017,"properties":{"OBJECTID":154017,"PRIMENAME":"Maywood Avenue","ELEVTYP_F":0,"ELEVTYP_T":0},"geometry":{"type":"LineString","coordinates":[[-74.0625676187839,40.9015925814923],[-74.0622175718865,40.9020748001432],[-74.0618421691902,40.9025665826194],[-74.0617794020974,40.9026649146064]]}},{"type":"Feature","id":154167,"properties":{"OBJECTID":154167,"PRIMENAME":"Lincoln Street","ELEVTYP_F":0,"ELEVTYP_T":0},"geometry":{"type":"LineString","coordinates":[[-74.0490359890807,40.9072884223003],[-74.0482491884919,40.9080522751531]]}},{"type":"Feature","id":154238,"properties":{"OBJECTID":154238,"PRIMENAME":"South Summit Avenue","ELEVTYP_F":1,"ELEVTYP_T":1},"geometry":{"type":"LineString","coordinates":[[-74.0641519770678,40.8779536575796],[-74.0641979195278,40.8778691227397],[-74.0642556086441,40.8777629744695]]}},{"type":"Feature","id":154250,"properties":{"OBJECTID":154250,"PRIMENAME":"West Shore Avenue","ELEVTYP_F":0,"ELEVTYP_T":0},"geometry":{"type":"LineString","coordinates":[[-74.0307921396402,40.8712775208938],[-74.0310470088905,40.8706407703606]]}},{"type":"Feature","id":154658,"properties":{"OBJECTID":154658,"PRIMENAME":"Franklin Place","ELEVTYP_F":0,"ELEVTYP_T":0},"geometry":{"type":"LineString","coordinates":[[-74.0504748132958,40.8970821110441],[-74.050481494813,40.8970247589366],[-74.0504863930848,40.8969673032685],[-74.0504895053945,40.8969097759599],[-74.0504908300175,40.8968522089706],[-74.0504903662228,40.8967946342821],[-74.0504881142726,40.8967370838804],[-74.0504840754225,40.8966795897378],[-74.0504782519212,40.8966221837953],[-74.0504717986766,40.8965155095201],[-74.0504708710476,40.8964087252327],[-74.0504754704385,40.8963019956701],[-74.0504855897272,40.8961954854845],[-74.0504991140044,40.896143294375],[-74.0505194711452,40.8960923963182],[-74.0505464556762,40.8960433050123],[-74.0505797952371,40.8959965159194]]}},{"type":"Feature","id":154807,"properties":{"OBJECTID":154807,"PRIMENAME":"Hudson Street","ELEVTYP_F":0,"ELEVTYP_T":0},"geometry":{"type":"LineString","coordinates":[[-74.0412583407167,40.8711348429131],[-74.0413633843912,40.8713989006371],[-74.0414022994315,40.8714976533433]]}},{"type":"Feature","id":154915,"properties":{"OBJECTID":154915,"PRIMENAME":"Elizabeth Street","ELEVTYP_F":0,"ELEVTYP_T":0},"geometry":{"type":"LineString","coordinates":[[-74.0351622345518,40.912721371154],[-74.0347638473657,40.9143185379006],[-74.0346420590699,40.9148542893999]]}},{"type":"Feature","id":154993,"properties":{"OBJECTID":154993,"PRIMENAME":"State Highway 17","ELEVTYP_F":0,"ELEVTYP_T":0},"geometry":{"type":"LineString","coordinates":[[-74.0635091829156,40.8707698553305],[-74.0634908482988,40.8704286994561],[-74.0635023981644,40.8701070351254],[-74.0635516832543,40.8697712683411],[-74.0636002875322,40.8695391203778],[-74.0636581754764,40.8693249036401],[-74.0638886226129,40.8686466765285],[-74.0640085120484,40.8683183125045],[-74.0640414135068,40.8682153791574],[-74.0641321079044,40.8679316323768]]}},{"type":"Feature","id":155068,"properties":{"OBJECTID":155068,"PRIMENAME":"Simons Avenue","ELEVTYP_F":0,"ELEVTYP_T":0},"geometry":{"type":"LineString","coordinates":[[-74.0630786102091,40.8834603088754],[-74.0621149755133,40.8828829897483],[-74.0614482822794,40.8824897424381]]}},{"type":"Feature","id":155240,"properties":{"OBJECTID":155240,"PRIMENAME":"Marvin Avenue","ELEVTYP_F":0,"ELEVTYP_T":0},"geometry":{"type":"LineString","coordinates":[[-74.0612298728845,40.8805151915365],[-74.0624063911193,40.8812165455043]]}},{"type":"Feature","id":155670,"properties":{"OBJECTID":155670,"PRIMENAME":"Standish Avenue","ELEVTYP_F":0,"ELEVTYP_T":0},"geometry":{"type":"LineString","coordinates":[[-74.0627895491701,40.8804944051253],[-74.0618374589293,40.8799281627718]]}},{"type":"Feature","id":155872,"properties":{"OBJECTID":155872,"PRIMENAME":"Main Street","ELEVTYP_F":0,"ELEVTYP_T":0},"geometry":{"type":"LineString","coordinates":[[-74.0398460892029,40.8896017311853],[-74.0398292402676,40.8896511973007],[-74.0398148495821,40.8897011084534],[-74.0398029374299,40.8897513943143],[-74.0397935206018,40.8898019840261],[-74.039704106187,40.8904699909794],[-74.0396497363063,40.8908152511907],[-74.0396312721351,40.8909323583289]]}},{"type":"Feature","id":156133,"properties":{"OBJECTID":156133,"PRIMENAME":"South Summit Avenue","ELEVTYP_F":1,"ELEVTYP_T":0},"geometry":{"type":"LineString","coordinates":[[-74.0644320139608,40.8774381453348],[-74.0646558681435,40.8770090226662]]}},{"type":"Feature","id":156279,"properties":{"OBJECTID":156279,"PRIMENAME":"Brookdale Street","ELEVTYP_F":0,"ELEVTYP_T":0},"geometry":{"type":"LineString","coordinates":[[-74.0606588633257,40.89160445359],[-74.0606828159963,40.8915804717745],[-74.0608049886405,40.8914581564746],[-74.0608749959433,40.8913958084716],[-74.0609515201563,40.8913380386898],[-74.0610340432714,40.8912852381727],[-74.0611220066781,40.8912377643261],[-74.0613631128586,40.8911028625276],[-74.0614347697478,40.8910611814993],[-74.0615002831891,40.8910140370684],[-74.0615815208377,40.8909632362355],[-74.0616611296941,40.8909109716065],[-74.0617409250951,40.890863888019],[-74.0618159011547,40.8908124447675],[-74.0618856452369,40.8907569249811],[-74.0619497735038,40.8906976342249],[-74.0621346014022,40.8905232090785],[-74.0621537931461,40.8905164323526],[-74.0621740592979,40.8905117944849],[-74.0621949883499,40.8905093896481],[-74.0622161553342,40.8905092666728],[-74.0622371304518,40.8905114280562],[-74.0622574877995,40.8905158299108],[-74.0622768140177,40.8905223828565],[-74.0622947166839,40.8905309538344],[-74.0623349185993,40.8905560584111]]}},{"type":"Feature","id":156466,"properties":{"OBJECTID":156466,"PRIMENAME":"New Bridge Road","ELEVTYP_F":0,"ELEVTYP_T":0},"geometry":{"type":"LineString","coordinates":[[-74.0334673510529,40.9131468522452],[-74.0334553120488,40.9132379629564],[-74.0334366695467,40.913328431539],[-74.0334114802333,40.9134179827729],[-74.0333798207126,40.9135063442274],[-74.0333417872732,40.9135932470904],[-74.0332974955958,40.9136784269862],[-74.0332470804013,40.9137616247794],[-74.0331906950413,40.913842587364],[-74.033128511032,40.9139210684327],[-74.0330607175323,40.9139968292272],[-74.0329875207685,40.9140696392638],[-74.0329091434076,40.914139277035],[-74.0328258238791,40.9142055306838],[-74.0327378156507,40.9142681986478],[-74.0326453864565,40.9143270902728],[-74.0325488174827,40.9143820263929],[-74.0324588478261,40.9144292992868],[-74.0323659372145,40.9144731766271],[-74.0322703081474,40.9145135533353],[-74.0321721896359,40.914550332716],[-74.0320718166543,40.9145834266888],[-74.0319694295768,40.9146127559987],[-74.0318652736021,40.9146382504069],[-74.0317595981664,40.9146598488583],[-74.0310459329479,40.9147843362514],[-74.0306484884888,40.9148536611874],[-74.0305616505143,40.9148688082141],[-74.0303369283788,40.9149086292721]]}},{"type":"Feature","id":156556,"properties":{"OBJECTID":156556,"PRIMENAME":"South Summit Avenue","ELEVTYP_F":0,"ELEVTYP_T":0},"geometry":{"type":"LineString","coordinates":[[-74.0629696422698,40.880155182377],[-74.0630578440722,40.8799888473745],[-74.0633731883204,40.879394138736]]}},{"type":"Feature","id":156718,"properties":{"OBJECTID":156718,"PRIMENAME":"Main Street","ELEVTYP_F":0,"ELEVTYP_T":0},"geometry":{"type":"LineString","coordinates":[[-74.0405550626129,40.8883949205023],[-74.0405139621012,40.8884645606257],[-74.0399232433998,40.8894343786386],[-74.0398810703635,40.8895171001527],[-74.0398460892029,40.8896017311853]]}},{"type":"Feature","id":156737,"properties":{"OBJECTID":156737,"PRIMENAME":"Hamilton Place","ELEVTYP_F":0,"ELEVTYP_T":0},"geometry":{"type":"LineString","coordinates":[[-74.0562238993079,40.9006036133099],[-74.0562688685981,40.9006307600761],[-74.0572722453678,40.9012351672973]]}},{"type":"Feature","id":157108,"properties":{"OBJECTID":157108,"PRIMENAME":"Elizabeth Street","ELEVTYP_F":0,"ELEVTYP_T":0},"geometry":{"type":"LineString","coordinates":[[-74.0355075480781,40.9113178837229],[-74.0354770860394,40.9114415578777],[-74.0351622345518,40.912721371154]]}},{"type":"Feature","id":157173,"properties":{"OBJECTID":157173,"PRIMENAME":"Atlantic Street","ELEVTYP_F":0,"ELEVTYP_T":0},"geometry":{"type":"LineString","coordinates":[[-74.045607046655,40.8821167343979],[-74.0453235037187,40.882058138237],[-74.0452408801255,40.8820399143588],[-74.0451604348495,40.8820167470349],[-74.0450826804424,40.8819887838751],[-74.0450081123089,40.8819562030453],[-74.0449372055508,40.8819192121327],[-74.0448704119395,40.8818780468224],[-74.0448081570374,40.8818329693961],[-74.0447508374864,40.8817842670607],[-74.0447171030848,40.8817502644084],[-74.0446813669105,40.8817174608614],[-74.0446437028584,40.8816859242477],[-74.0446041888094,40.881655719776],[-74.0445629064694,40.8816269099],[-74.0445199412001,40.8815995541901],[-74.0444753818429,40.8815737092096],[-74.0444293205347,40.8815494283981],[-74.0443818525179,40.8815267619608],[-74.044333075943,40.881505756765],[-74.0442830916661,40.8814864562429],[-74.04423200304,40.8814689003018],[-74.0441799157009,40.8814531252421],[-74.0441269373495,40.8814391636814],[-74.0440731775289,40.8814270444879],[-74.0440187473975,40.8814167927203],[-74.0437768197175,40.8813712038748]]}},{"type":"Feature","id":157283,"properties":{"OBJECTID":157283,"PRIMENAME":"South State Street","ELEVTYP_F":0,"ELEVTYP_T":0},"geometry":{"type":"LineString","coordinates":[[-74.0480653777692,40.8754731272651],[-74.048002289875,40.8757258535575]]}},{"type":"Feature","id":157458,"properties":{"OBJECTID":157458,"PRIMENAME":"Union Street","ELEVTYP_F":0,"ELEVTYP_T":0},"geometry":{"type":"LineString","coordinates":[[-74.0473136411242,40.8824719973932],[-74.0468567329883,40.8833170983213],[-74.0468084560466,40.8834062566937]]}},{"type":"Feature","id":157490,"properties":{"OBJECTID":157490,"PRIMENAME":"Summit Avenue","ELEVTYP_F":0,"ELEVTYP_T":0},"geometry":{"type":"LineString","coordinates":[[-74.0564249719408,40.890578743733],[-74.0565341327474,40.8903680237616],[-74.0565802932809,40.8902774015639],[-74.0565803867798,40.890277261435]]}},{"type":"Feature","id":157666,"properties":{"OBJECTID":157666,"PRIMENAME":"Interstate 80","ELEVTYP_F":0,"ELEVTYP_T":0},"geometry":{"type":"LineString","coordinates":[[-74.0658395526995,40.8827408285273],[-74.0659853725109,40.8830682989718],[-74.0661526295528,40.8834084767219],[-74.0663014348573,40.8837056817574],[-74.0664270916398,40.8839313214694],[-74.0664363953101,40.8839464814865]]}},{"type":"Feature","id":158012,"properties":{"OBJECTID":158012,"PRIMENAME":"Maple Hill Drive","ELEVTYP_F":0,"ELEVTYP_T":0},"geometry":{"type":"LineString","coordinates":[[-74.0559901950222,40.8947124497225],[-74.0556265700443,40.8954328009402],[-74.0555851843281,40.8955143039227]]}},{"type":"Feature","id":158182,"properties":{"OBJECTID":158182,"PRIMENAME":"Second Street","ELEVTYP_F":1,"ELEVTYP_T":0},"geometry":{"type":"LineString","coordinates":[[-74.0295955025818,40.8672626704662],[-74.0295372169887,40.8673865844586]]}},{"type":"Feature","id":159038,"properties":{"OBJECTID":159038,"PRIMENAME":"Calicooneck Road","ELEVTYP_F":0,"ELEVTYP_T":0},"geometry":{"type":"LineString","coordinates":[[-74.0425777941498,40.8605389840494],[-74.0418775781472,40.860481937715],[-74.0416856318624,40.8604662707786]]}},{"type":"Feature","id":159163,"properties":{"OBJECTID":159163,"PRIMENAME":"Newman Street","ELEVTYP_F":0,"ELEVTYP_T":0},"geometry":{"type":"LineString","coordinates":[[-74.0515468496363,40.8825853201576],[-74.0513623938211,40.8829556360104],[-74.051148034465,40.8833887497598]]}},{"type":"Feature","id":159504,"properties":{"OBJECTID":159504,"PRIMENAME":"North Veprek Lane","ELEVTYP_F":0,"ELEVTYP_T":0},"geometry":{"type":"LineString","coordinates":[[-74.0464689912093,40.8616473876597],[-74.0456325680473,40.861457357152],[-74.0456177670484,40.8614513828272],[-74.0456050100618,40.8614431268954],[-74.045594896792,40.8614329774673],[-74.0455879026617,40.8614214116671],[-74.0455843564626,40.8614089732017],[-74.0455844248992,40.8613962468022],[-74.0455881047524,40.8613838307346],[-74.0455952230308,40.8613723086763],[-74.0456148121976,40.8613448346615]]}},{"type":"Feature","id":159522,"properties":{"OBJECTID":159522,"PRIMENAME":"Lasalle Avenue","ELEVTYP_F":0,"ELEVTYP_T":0},"geometry":{"type":"LineString","coordinates":[[-74.0684678701994,40.8629315450796],[-74.0681372417631,40.8627336868199],[-74.0675791100864,40.8624099162036]]}},{"type":"Feature","id":159596,"properties":{"OBJECTID":159596,"PRIMENAME":"West Pleasant Avenue","ELEVTYP_F":0,"ELEVTYP_T":0},"geometry":{"type":"LineString","coordinates":[[-74.0630536572821,40.9047481537764],[-74.0623753113124,40.9042912691711]]}},{"type":"Feature","id":159673,"properties":{"OBJECTID":159673,"PRIMENAME":"Briarcliff Avenue","ELEVTYP_F":0,"ELEVTYP_T":0},"geometry":{"type":"LineString","coordinates":[[-74.0645986904587,40.9165607423614],[-74.064672433858,40.9164066741436],[-74.0655657245894,40.9145407777256],[-74.0659183088153,40.9138043250544]]}},{"type":"Feature","id":162603,"properties":{"OBJECTID":162603,"PRIMENAME":"West Passaic Street","ELEVTYP_F":0,"ELEVTYP_T":0},"geometry":{"type":"LineString","coordinates":[[-74.0669036226517,40.9057432472514],[-74.0670934759958,40.9058567486141],[-74.0671429592351,40.9058860586186]]}},{"type":"Feature","id":162918,"properties":{"OBJECTID":162918,"PRIMENAME":"Fairmount Avenue","ELEVTYP_F":0,"ELEVTYP_T":0},"geometry":{"type":"LineString","coordinates":[[-74.0476785428985,40.9039747013237],[-74.048658272143,40.9045578019069]]}},{"type":"Feature","id":163575,"properties":{"OBJECTID":163575,"PRIMENAME":"Concord Drive","ELEVTYP_F":0,"ELEVTYP_T":0},"geometry":{"type":"LineString","coordinates":[[-74.0604120930214,40.8951960538969],[-74.0603780946902,40.8952554076184],[-74.0603209299497,40.8953552696461],[-74.0603065932726,40.8953833549275],[-74.060294546866,40.8954120529359],[-74.0602848358269,40.8954412562443],[-74.0602774965102,40.8954708555342],[-74.0602725563929,40.8955007400044],[-74.0602700339711,40.8955307977863],[-74.0602699386902,40.8955609163623],[-74.0602722709103,40.8955909829868],[-74.0602895957824,40.8956968343724],[-74.0602980529192,40.8958033057738],[-74.0602976083348,40.895909969863],[-74.060288263771,40.8960163985364],[-74.0602774075063,40.8960828329806],[-74.0602608923173,40.8961485927668],[-74.0602387878166,40.896213400646],[-74.0602111871829,40.8962769833819],[-74.0602025177617,40.8963027717354],[-74.060197485088,40.8963291105145],[-74.0601961454268,40.896355705276],[-74.0601985137588,40.8963822587148],[-74.0602045636125,40.8964084739873],[-74.0602142273602,40.8964340580299],[-74.0602273969738,40.8964587248355],[-74.0602439252321,40.8964821986503],[-74.0602636273667,40.8965042170569],[-74.0602862831272,40.896524533908],[-74.0603116392435,40.8965429220781],[-74.0603394122572,40.8965591760023],[-74.0603692916898,40.8965731139749],[-74.0604009435146,40.8965845801806],[-74.06043401389,40.8965934464362],[-74.0604681331158,40.8965996136239],[-74.0605607629152,40.8966225649087],[-74.0606501148676,40.8966520644661],[-74.0607353870612,40.8966878475465],[-74.0608158141949,40.8967295930069],[-74.0608634583593,40.8967556725107],[-74.0609076182495,40.8967850717689],[-74.0609478936093,40.8968175243158],[-74.0609839193889,40.8968527360113],[-74.0610153690542,40.8968903877068],[-74.061041957546,40.8969301381376],[-74.061063443864,40.896971627016],[-74.0610796332518,40.8970144782969]]}},{"type":"Feature","id":163657,"properties":{"OBJECTID":163657,"PRIMENAME":"Porter Street","ELEVTYP_F":0,"ELEVTYP_T":0},"geometry":{"type":"LineString","coordinates":[[-74.0496993461818,40.8743178860328],[-74.0496939631443,40.8742477043522],[-74.0496036685128,40.8730734503784]]}},{"type":"Feature","id":163679,"properties":{"OBJECTID":163679,"PRIMENAME":"Oak Avenue","ELEVTYP_F":0,"ELEVTYP_T":0},"geometry":{"type":"LineString","coordinates":[[-74.0623320127142,40.9043559950723],[-74.0622930225634,40.9044210629307],[-74.0622578123748,40.9044873598489],[-74.0619859278558,40.9049974602888],[-74.0619534560209,40.9050607448288]]}},{"type":"Feature","id":165146,"properties":{"OBJECTID":165146,"PRIMENAME":"West Passaic Street","ELEVTYP_F":0,"ELEVTYP_T":0},"geometry":{"type":"LineString","coordinates":[[-74.0676243850513,40.9061716073244],[-74.0679271266695,40.9063511348342]]}},{"type":"Feature","id":165347,"properties":{"OBJECTID":165347,"PRIMENAME":"West Passaic Street","ELEVTYP_F":0,"ELEVTYP_T":0},"geometry":{"type":"LineString","coordinates":[[-74.0631847983804,40.9035176880048],[-74.0634474889269,40.9036770929821],[-74.0634865536842,40.9037004078863]]}},{"type":"Feature","id":165667,"properties":{"OBJECTID":165667,"PRIMENAME":"Hasbrouck Avenue","ELEVTYP_F":0,"ELEVTYP_T":0},"geometry":{"type":"LineString","coordinates":[[-74.0690353819703,40.8622835585235],[-74.0690360664551,40.8622926906884],[-74.0690354532869,40.8623018257734],[-74.0690335495783,40.8623108578056],[-74.0690303774129,40.862319682008],[-74.0690259735895,40.8623281960141],[-74.0690203891947,40.862336301056],[-74.0690136890108,40.86234390311],[-74.0690059507637,40.8623509139874],[-74.0685886645361,40.8628012005992],[-74.0684678701994,40.8629315450796]]}},{"type":"Feature","id":166006,"properties":{"OBJECTID":166006,"PRIMENAME":"Poplar Avenue","ELEVTYP_F":0,"ELEVTYP_T":0},"geometry":{"type":"LineString","coordinates":[[-74.0484930821233,40.903174480286],[-74.0474924793126,40.9025944257534]]}},{"type":"Feature","id":166261,"properties":{"OBJECTID":166261,"PRIMENAME":"Washburn Street","ELEVTYP_F":0,"ELEVTYP_T":0},"geometry":{"type":"LineString","coordinates":[[-74.022427382989,40.911435824548],[-74.0236858499048,40.9118792009386],[-74.0237765063098,40.9119068319705],[-74.0238691432202,40.9119303810376],[-74.0239634415816,40.9119497670332],[-74.0240590766162,40.9119649231886],[-74.0241557189418,40.9119757973034],[-74.0242530357061,40.9119823519251],[-74.0243506917338,40.9119845644786],[-74.0244483506808,40.9119824273432],[-74.024669738184,40.9119642625309]]}},{"type":"Feature","id":166988,"properties":{"OBJECTID":166988,"PRIMENAME":"West Broad Street","ELEVTYP_F":0,"ELEVTYP_T":0},"geometry":{"type":"LineString","coordinates":[[-74.0304128494977,40.8790720174396],[-74.0290612953804,40.8787605973864]]}},{"type":"Feature","id":167110,"properties":{"OBJECTID":167110,"PRIMENAME":"Railroad Avenue","ELEVTYP_F":0,"ELEVTYP_T":0},"geometry":{"type":"LineString","coordinates":[[-74.0508413000189,40.8808316618766],[-74.0508282043267,40.8808588404666],[-74.0503250224052,40.881891089835]]}},{"type":"Feature","id":167295,"properties":{"OBJECTID":167295,"PRIMENAME":"River Road","ELEVTYP_F":0,"ELEVTYP_T":0},"geometry":{"type":"LineString","coordinates":[[-74.0340634577582,40.873814562753],[-74.0340687754781,40.8738348416387],[-74.0340871775623,40.8739438902536],[-74.0341018967908,40.8740622845043],[-74.0340932078086,40.8742184360243],[-74.034068544356,40.8743836097546],[-74.0339610896553,40.874752095587],[-74.0338019333367,40.8753353831918]]}},{"type":"Feature","id":167838,"properties":{"OBJECTID":167838,"PRIMENAME":"Bogert Road","ELEVTYP_F":0,"ELEVTYP_T":0},"geometry":{"type":"LineString","coordinates":[[-74.0395527734113,40.9130982681807],[-74.0395499833458,40.9133231483897],[-74.0395460157609,40.913493427246]]}},{"type":"Feature","id":168248,"properties":{"OBJECTID":168248,"PRIMENAME":"Dean Street","ELEVTYP_F":0,"ELEVTYP_T":0},"geometry":{"type":"LineString","coordinates":[[-74.0555725900597,40.8754399942723],[-74.0551744746368,40.8759562860863]]}},{"type":"Feature","id":168453,"properties":{"OBJECTID":168453,"PRIMENAME":"Leuning Street","ELEVTYP_F":0,"ELEVTYP_T":0},"geometry":{"type":"LineString","coordinates":[[-74.0516171903119,40.8723651945326],[-74.0517269149841,40.8723812607654],[-74.0518373909402,40.8723940202023],[-74.0519484452903,40.8724034528753],[-74.0520599042389,40.8724095440226],[-74.053180236886,40.8724496284787],[-74.0537215832995,40.8724695933623],[-74.0538056788412,40.872472551869],[-74.0538894305207,40.872479033369],[-74.0539725824012,40.8724890180556],[-74.054054880379,40.8725024754165],[-74.0541360729589,40.8725193643275],[-74.0542159120235,40.8725396331778],[-74.0542941535908,40.8725632200277],[-74.0543705585601,40.872590052798],[-74.0548889840417,40.8728252651968]]}},{"type":"Feature","id":170351,"properties":{"OBJECTID":170351,"PRIMENAME":"Vreeland Avenue","ELEVTYP_F":0,"ELEVTYP_T":0},"geometry":{"type":"LineString","coordinates":[[-74.0444876637504,40.8654640860482],[-74.0436527814483,40.8656544970431]]}},{"type":"Feature","id":170379,"properties":{"OBJECTID":170379,"PRIMENAME":"South Summit Avenue","ELEVTYP_F":0,"ELEVTYP_T":1},"geometry":{"type":"LineString","coordinates":[[-74.0633731883204,40.879394138736],[-74.063610154751,40.8789517007498]]}},{"type":"Feature","id":170485,"properties":{"OBJECTID":170485,"PRIMENAME":"Main Street","ELEVTYP_F":0,"ELEVTYP_T":0},"geometry":{"type":"LineString","coordinates":[[-74.0438158411221,40.8812081716438],[-74.0437768197175,40.8813712038748]]}},{"type":"Feature","id":172729,"properties":{"OBJECTID":172729,"PRIMENAME":"Maywood Avenue","ELEVTYP_F":0,"ELEVTYP_T":0},"geometry":{"type":"LineString","coordinates":[[-74.0670419573963,40.8922359361614],[-74.0668481621427,40.8927109726088],[-74.0667043536996,40.8930634735503],[-74.0666682937149,40.8931517251035]]}},{"type":"Feature","id":172744,"properties":{"OBJECTID":172744,"PRIMENAME":"Burlews Court","ELEVTYP_F":0,"ELEVTYP_T":0},"geometry":{"type":"LineString","coordinates":[[-74.0400791325335,40.9024147056955],[-74.0399785921339,40.9031565052243]]}},{"type":"Feature","id":172819,"properties":{"OBJECTID":172819,"PRIMENAME":"East Main Street","ELEVTYP_F":0,"ELEVTYP_T":0},"geometry":{"type":"LineString","coordinates":[[-74.0284399366787,40.877825352569],[-74.0279935701412,40.8777266481345],[-74.027730383218,40.8776684486491]]}},{"type":"Feature","id":172918,"properties":{"OBJECTID":172918,"PRIMENAME":"South Summit Avenue","ELEVTYP_F":1,"ELEVTYP_T":1},"geometry":{"type":"LineString","coordinates":[[-74.0640432546198,40.8781539574372],[-74.0641519770678,40.8779536575796]]}},{"type":"Feature","id":173079,"properties":{"OBJECTID":173079,"PRIMENAME":"Leonia Avenue","ELEVTYP_F":0,"ELEVTYP_T":0},"geometry":{"type":"LineString","coordinates":[[-74.028850399949,40.8748357502985],[-74.0283689928209,40.8758054363805],[-74.0283860853952,40.8758632048142]]}},{"type":"Feature","id":173270,"properties":{"OBJECTID":173270,"PRIMENAME":"South Summit Avenue","ELEVTYP_F":0,"ELEVTYP_T":0},"geometry":{"type":"LineString","coordinates":[[-74.0650800380208,40.876189916871],[-74.0651597279101,40.87604437433],[-74.0652408372702,40.875899284317],[-74.0653296185734,40.8757438072032],[-74.0654200298428,40.8755888722718]]}},{"type":"Feature","id":173413,"properties":{"OBJECTID":173413,"PRIMENAME":"Center Place","ELEVTYP_F":0,"ELEVTYP_T":0},"geometry":{"type":"LineString","coordinates":[[-74.0315911127704,40.8847699720634],[-74.0308106004865,40.884586512305],[-74.0299173132199,40.8843684399639],[-74.0290945445976,40.8841828205156],[-74.0283815519462,40.8840021721781]]}},{"type":"Feature","id":173522,"properties":{"OBJECTID":173522,"PRIMENAME":"Lodi Street","ELEVTYP_F":0,"ELEVTYP_T":0},"geometry":{"type":"LineString","coordinates":[[-74.0511122582712,40.8745032974179],[-74.0510254156353,40.8744939301469],[-74.0509386258093,40.8744842850616]]}},{"type":"Feature","id":173703,"properties":{"OBJECTID":173703,"PRIMENAME":"US Highway 46","ELEVTYP_F":1,"ELEVTYP_T":0},"geometry":{"type":"LineString","coordinates":[[-74.0651403026173,40.8688361911328],[-74.0655096465501,40.8693045260997]]}},{"type":"Feature","id":173862,"properties":{"OBJECTID":173862,"PRIMENAME":"West Pleasantview Avenue","ELEVTYP_F":0,"ELEVTYP_T":0},"geometry":{"type":"LineString","coordinates":[[-74.0680652136596,40.8766155358637],[-74.0666314664691,40.8758045570638],[-74.0656671183475,40.8752590651867]]}},{"type":"Feature","id":173893,"properties":{"OBJECTID":173893,"PRIMENAME":"State Highway 17","ELEVTYP_F":0,"ELEVTYP_T":0},"geometry":{"type":"LineString","coordinates":[[-74.0636232650292,40.8730120814928],[-74.0636072836831,40.8727364295212],[-74.0635864371252,40.8723095390137],[-74.0635860877376,40.872300414017],[-74.0635662859012,40.8717822141222],[-74.0635544009101,40.8715361162852],[-74.063545499875,40.8713517836253],[-74.0635335814351,40.8711836074779],[-74.0635244188801,40.8710542887496],[-74.0635091829156,40.8707698553305]]}},{"type":"Feature","id":174000,"properties":{"OBJECTID":174000,"PRIMENAME":"Summit Avenue","ELEVTYP_F":0,"ELEVTYP_T":0},"geometry":{"type":"LineString","coordinates":[[-74.0475105918948,40.9103932432178],[-74.0473846733995,40.9105161335326],[-74.0466273733412,40.9112590093022]]}},{"type":"Feature","id":174547,"properties":{"OBJECTID":174547,"PRIMENAME":"Van Olst Street","ELEVTYP_F":0,"ELEVTYP_T":0},"geometry":{"type":"LineString","coordinates":[[-74.0473138055989,40.8735560783399],[-74.0472967715663,40.8736307281375],[-74.0472792871949,40.8737073889369],[-74.0472558702523,40.8738100646123],[-74.0471807320736,40.8741395140697]]}},{"type":"Feature","id":174564,"properties":{"OBJECTID":174564,"PRIMENAME":"Main Street","ELEVTYP_F":0,"ELEVTYP_T":0},"geometry":{"type":"LineString","coordinates":[[-74.0333523042414,40.9112661151411],[-74.033431063011,40.9112265505554],[-74.0334155707949,40.9110192943471]]}},{"type":"Feature","id":174979,"properties":{"OBJECTID":174979,"PRIMENAME":"Terrace Avenue","ELEVTYP_F":0,"ELEVTYP_T":0},"geometry":{"type":"LineString","coordinates":[[-74.0587875288748,40.9052788389558],[-74.0580376370033,40.9048232464666]]}},{"type":"Feature","id":174992,"properties":{"OBJECTID":174992,"PRIMENAME":"Main Street","ELEVTYP_F":0,"ELEVTYP_T":0},"geometry":{"type":"LineString","coordinates":[[-74.0398554082879,40.9110396282526],[-74.0398296076183,40.9111003286536],[-74.0398230752152,40.911112783312],[-74.0398155802771,40.9111249220047],[-74.0397005736951,40.911320669703]]}},{"type":"Feature","id":175011,"properties":{"OBJECTID":175011,"PRIMENAME":"Palmer Avenue","ELEVTYP_F":0,"ELEVTYP_T":0},"geometry":{"type":"LineString","coordinates":[[-74.0637382508104,40.9052025886519],[-74.0646394576233,40.9043887468417]]}},{"type":"Feature","id":175268,"properties":{"OBJECTID":175268,"PRIMENAME":"Catalpa Avenue","ELEVTYP_F":0,"ELEVTYP_T":0},"geometry":{"type":"LineString","coordinates":[[-74.0284142340192,40.8935361456205],[-74.0280711981905,40.8941838362325]]}},{"type":"Feature","id":175467,"properties":{"OBJECTID":175467,"PRIMENAME":"Palisade Avenue","ELEVTYP_F":0,"ELEVTYP_T":0},"geometry":{"type":"LineString","coordinates":[[-74.0286296934489,40.8692483993775],[-74.0283256978505,40.8698856300546]]}},{"type":"Feature","id":175541,"properties":{"OBJECTID":175541,"PRIMENAME":"Terrace Avenue","ELEVTYP_F":0,"ELEVTYP_T":0},"geometry":{"type":"LineString","coordinates":[[-74.0593363063903,40.9055497476285],[-74.0592877622483,40.9055375945253],[-74.0592524053949,40.905528227681],[-74.0592177392956,40.9055174768773],[-74.0591838579872,40.9055053712774],[-74.0591508533775,40.9054919437195],[-74.059118814996,40.9054772306281],[-74.0590878297508,40.9054612719144],[-74.0590579816932,40.9054441108689],[-74.0590293517895,40.9054257940434],[-74.0588190748405,40.9052980092862],[-74.0587875288748,40.9052788389558]]}},{"type":"Feature","id":175547,"properties":{"OBJECTID":175547,"PRIMENAME":"Clark Street","ELEVTYP_F":0,"ELEVTYP_T":0},"geometry":{"type":"LineString","coordinates":[[-74.0631531369415,40.8738413333667],[-74.0630828076033,40.8739120237776],[-74.0624524143394,40.8745458020051],[-74.0624075655776,40.8745909233151]]}},{"type":"Feature","id":175631,"properties":{"OBJECTID":175631,"PRIMENAME":"State Street","ELEVTYP_F":0,"ELEVTYP_T":0},"geometry":{"type":"LineString","coordinates":[[-74.0466657046766,40.8800085604309],[-74.0463351611085,40.8806641525381]]}},{"type":"Feature","id":175775,"properties":{"OBJECTID":175775,"PRIMENAME":"Cedar Avenue","ELEVTYP_F":0,"ELEVTYP_T":0},"geometry":{"type":"LineString","coordinates":[[-74.0503108423238,40.9092638447306],[-74.0513021858436,40.9098458699517]]}},{"type":"Feature","id":176106,"properties":{"OBJECTID":176106,"PRIMENAME":"Fairmount Avenue","ELEVTYP_F":0,"ELEVTYP_T":0},"geometry":{"type":"LineString","coordinates":[[-74.0466958908424,40.9033877660999],[-74.0476769223559,40.9039737070482],[-74.0476785428985,40.9039747013237]]}},{"type":"Feature","id":176746,"properties":{"OBJECTID":176746,"PRIMENAME":"Baldwin Avenue","ELEVTYP_F":0,"ELEVTYP_T":0},"geometry":{"type":"LineString","coordinates":[[-74.0641659330951,40.871563266305],[-74.0653819472605,40.8722770382555],[-74.0654577044264,40.8723214624208]]}},{"type":"Feature","id":176853,"properties":{"OBJECTID":176853,"PRIMENAME":"Palmer Avenue","ELEVTYP_F":0,"ELEVTYP_T":0},"geometry":{"type":"LineString","coordinates":[[-74.0624987416991,40.9063022863534],[-74.0625642626413,40.9062394647064],[-74.0626283028343,40.9061757702417],[-74.0627308904974,40.90609089817],[-74.0628319610829,40.9060049848478],[-74.0630681429308,40.905795975364]]}},{"type":"Feature","id":176870,"properties":{"OBJECTID":176870,"PRIMENAME":"Orchard Place","ELEVTYP_F":0,"ELEVTYP_T":0},"geometry":{"type":"LineString","coordinates":[[-74.0632548120709,40.8931157697129],[-74.0632671018852,40.8931228532801],[-74.063740614637,40.8933957744874],[-74.0645751357818,40.8938844245387]]}},{"type":"Feature","id":177190,"properties":{"OBJECTID":177190,"PRIMENAME":"West Franklin Street","ELEVTYP_F":0,"ELEVTYP_T":0},"geometry":{"type":"LineString","coordinates":[[-74.0463778528964,40.8700932856901],[-74.0463729008681,40.8700922719859],[-74.0446584222496,40.8697417672603]]}},{"type":"Feature","id":177741,"properties":{"OBJECTID":177741,"PRIMENAME":"Palisade Avenue","ELEVTYP_F":0,"ELEVTYP_T":0},"geometry":{"type":"LineString","coordinates":[[-74.0250164071213,40.8773853632192],[-74.0248923809042,40.8777139156329],[-74.0248665990447,40.8777822130096]]}},{"type":"Feature","id":177804,"properties":{"OBJECTID":177804,"PRIMENAME":"Byrne Street","ELEVTYP_F":0,"ELEVTYP_T":0},"geometry":{"type":"LineString","coordinates":[[-74.0543751281055,40.9028402988083],[-74.05439846631,40.9028693456246],[-74.0544245125767,40.9028970355077],[-74.0544531304507,40.9029232233884],[-74.054484170004,40.9029477720665],[-74.0549098371504,40.9033961796709],[-74.0549376000749,40.9034277945128],[-74.0549619861708,40.9034609739004],[-74.0549828431543,40.9034955106456],[-74.0550000407785,40.9035311890838],[-74.0550134716468,40.9035677864208],[-74.0550230518836,40.903605074124],[-74.0550287216583,40.9036428193494],[-74.0550304455591,40.9036807863955],[-74.0550282128143,40.9037187381753],[-74.0550220373596,40.9037564376968],[-74.0550119577514,40.9037936495427],[-74.0549980369262,40.9038301413408],[-74.0549803618075,40.9038656852148],[-74.0549590427634,40.9039000592074],[-74.0549342129175,40.9039330486666],[-74.0549060273176,40.9039644475858],[-74.0545746411362,40.904281277401]]}},{"type":"Feature","id":177880,"properties":{"OBJECTID":177880,"PRIMENAME":"Fifth Street","ELEVTYP_F":0,"ELEVTYP_T":0},"geometry":{"type":"LineString","coordinates":[[-74.0280319346833,40.8627862233666],[-74.0284743494902,40.8616072391926],[-74.0287406072898,40.8608969742682]]}},{"type":"Feature","id":178077,"properties":{"OBJECTID":178077,"PRIMENAME":"Pomander Walk","ELEVTYP_F":0,"ELEVTYP_T":0},"geometry":{"type":"LineString","coordinates":[[-74.0333541649727,40.889124659934],[-74.0333628340218,40.8891349173351],[-74.0333693550296,40.8891460531188],[-74.0333748365649,40.8891640630246],[-74.0333747390001,40.8891825469583],[-74.0332256503422,40.8902935042198],[-74.0330634943254,40.8914719605581],[-74.0330320458418,40.8917005140755]]}},{"type":"Feature","id":178200,"properties":{"OBJECTID":178200,"PRIMENAME":"Bridge Street","ELEVTYP_F":0,"ELEVTYP_T":0},"geometry":{"type":"LineString","coordinates":[[-74.0398604019732,40.8791700162619],[-74.040102108869,40.8791830280885],[-74.0403439772557,40.8791941785496],[-74.0403676019108,40.8791978183245],[-74.0403909706792,40.8792023100336],[-74.0404140302645,40.879207643433],[-74.0404367280758,40.879213806359],[-74.040459012347,40.8792207847561],[-74.0404808322553,40.879228562709],[-74.0405021380366,40.8792371224788],[-74.0405228810996,40.8792464445436],[-74.0405430141362,40.879256507643],[-74.0405624912295,40.8792672888265],[-74.0405812679585,40.8792787635058],[-74.0405993014994,40.879290905511],[-74.0406165507233,40.8793036871504],[-74.0406329762901,40.8793170792732],[-74.0406485407381,40.8793310513366],[-74.0406632085692,40.8793455714748],[-74.0406870084078,40.8793658957238]]}},{"type":"Feature","id":178614,"properties":{"OBJECTID":178614,"PRIMENAME":"Summit Avenue","ELEVTYP_F":0,"ELEVTYP_T":0},"geometry":{"type":"LineString","coordinates":[[-74.0517913507587,40.9029725826772],[-74.0517515661311,40.9031175952372],[-74.0517081663435,40.9032620096688],[-74.0516611669623,40.9034057740954],[-74.0516105848476,40.9035488368735],[-74.0515930235571,40.9035993299123]]}},{"type":"Feature","id":178787,"properties":{"OBJECTID":178787,"PRIMENAME":"Davis Avenue","ELEVTYP_F":0,"ELEVTYP_T":0},"geometry":{"type":"LineString","coordinates":[[-74.0446168597496,40.9100670923653],[-74.0450508037383,40.9103235061334],[-74.0455990482131,40.9106488007257]]}},{"type":"Feature","id":178891,"properties":{"OBJECTID":178891,"PRIMENAME":"Kansas Street","ELEVTYP_F":0,"ELEVTYP_T":0},"geometry":{"type":"LineString","coordinates":[[-74.0455315688997,40.8766913127627],[-74.0450557194135,40.876534073393],[-74.044167203684,40.8762460801581]]}},{"type":"Feature","id":178955,"properties":{"OBJECTID":178955,"PRIMENAME":"Moore Street","ELEVTYP_F":0,"ELEVTYP_T":0},"geometry":{"type":"LineString","coordinates":[[-74.0420231783381,40.8835613564421],[-74.0420026228064,40.8836522690986],[-74.0419753771451,40.8837094550331],[-74.0414196211538,40.8848758963804],[-74.0410816952897,40.8855575742936]]}},{"type":"Feature","id":179055,"properties":{"OBJECTID":179055,"PRIMENAME":"Briarcliff Avenue","ELEVTYP_F":0,"ELEVTYP_T":0},"geometry":{"type":"LineString","coordinates":[[-74.0678620910188,40.9096998934136],[-74.0682605958428,40.909065770388]]}},{"type":"Feature","id":179085,"properties":{"OBJECTID":179085,"PRIMENAME":"Catalpa Avenue","ELEVTYP_F":0,"ELEVTYP_T":0},"geometry":{"type":"LineString","coordinates":[[-74.0463902995829,40.9083323170204],[-74.0453988775602,40.9077501951647]]}},{"type":"Feature","id":179152,"properties":{"OBJECTID":179152,"PRIMENAME":"Stone Street","ELEVTYP_F":0,"ELEVTYP_T":0},"geometry":{"type":"LineString","coordinates":[[-74.0652297334328,40.9030653102016],[-74.0648039924511,40.9028112264552]]}},{"type":"Feature","id":179211,"properties":{"OBJECTID":179211,"PRIMENAME":"East Main Street","ELEVTYP_F":0,"ELEVTYP_T":0},"geometry":{"type":"LineString","coordinates":[[-74.0251529074666,40.8769678714213],[-74.024942063895,40.8768830900359],[-74.0244289835825,40.8766743915463]]}},{"type":"Feature","id":179228,"properties":{"OBJECTID":179228,"PRIMENAME":"Hampton Court","ELEVTYP_F":0,"ELEVTYP_T":0},"geometry":{"type":"LineString","coordinates":[[-74.0645388737881,40.8892172448527],[-74.064464714549,40.8891385839495],[-74.063929139129,40.8885704905662]]}},{"type":"Feature","id":179230,"properties":{"OBJECTID":179230,"PRIMENAME":"Krone Place","ELEVTYP_F":0,"ELEVTYP_T":0},"geometry":{"type":"LineString","coordinates":[[-74.0428152314152,40.9076230479638],[-74.0428755128275,40.9075646547927],[-74.0437094913731,40.9067565581217]]}},{"type":"Feature","id":179521,"properties":{"OBJECTID":179521,"PRIMENAME":"Hackensack Avenue","ELEVTYP_F":0,"ELEVTYP_T":0},"geometry":{"type":"LineString","coordinates":[[-74.0334702718207,40.9048860710299],[-74.033500236616,40.9046584187871],[-74.033460484931,40.9045542247785]]}},{"type":"Feature","id":179573,"properties":{"OBJECTID":179573,"PRIMENAME":"Dyer Avenue","ELEVTYP_F":0,"ELEVTYP_T":0},"geometry":{"type":"LineString","coordinates":[[-74.0458221877493,40.8667415755268],[-74.0458420642964,40.8665843961532],[-74.0458411419653,40.866551554489],[-74.0458383416699,40.8665187742211],[-74.0458336686973,40.866486117208],[-74.0458271318683,40.8664536450757],[-74.0458187435212,40.866421419101],[-74.0458085194879,40.8663895000962],[-74.0457964790644,40.8663579482943],[-74.0457826449742,40.8663268232351],[-74.0456909936302,40.8661190815891]]}},{"type":"Feature","id":179575,"properties":{"OBJECTID":179575,"PRIMENAME":"Hackensack Avenue","ELEVTYP_F":0,"ELEVTYP_T":0},"geometry":{"type":"LineString","coordinates":[[-74.0363045656491,40.8998903477155],[-74.0361685178507,40.9001143034415]]}},{"type":"Feature","id":179801,"properties":{"OBJECTID":179801,"PRIMENAME":"Orchard Place","ELEVTYP_F":0,"ELEVTYP_T":0},"geometry":{"type":"LineString","coordinates":[[-74.0631404702304,40.8930498645612],[-74.0632548120709,40.8931157697129]]}},{"type":"Feature","id":179840,"properties":{"OBJECTID":179840,"PRIMENAME":"Prospect Avenue","ELEVTYP_F":0,"ELEVTYP_T":0},"geometry":{"type":"LineString","coordinates":[[-74.0515870731252,40.896600671132],[-74.050847533154,40.8973049970386]]}},{"type":"Feature","id":180078,"properties":{"OBJECTID":180078,"PRIMENAME":"Lincoln Avenue","ELEVTYP_F":0,"ELEVTYP_T":0},"geometry":{"type":"LineString","coordinates":[[-74.0256276863729,40.8614252435399],[-74.0254290997281,40.8622235636427]]}},{"type":"Feature","id":180256,"properties":{"OBJECTID":180256,"PRIMENAME":"James Street","ELEVTYP_F":0,"ELEVTYP_T":0},"geometry":{"type":"LineString","coordinates":[[-74.0563720076811,40.8725756985574],[-74.0562403275634,40.8725186191309],[-74.0556691138173,40.8722709535971],[-74.0553953724138,40.872152264531]]}},{"type":"Feature","id":180258,"properties":{"OBJECTID":180258,"PRIMENAME":"Main Street","ELEVTYP_F":0,"ELEVTYP_T":0},"geometry":{"type":"LineString","coordinates":[[-74.0419287340965,40.9069733744997],[-74.0419110880446,40.9070874112991]]}},{"type":"Feature","id":180652,"properties":{"OBJECTID":180652,"PRIMENAME":"Coolidge Avenue","ELEVTYP_F":0,"ELEVTYP_T":0},"geometry":{"type":"LineString","coordinates":[[-74.0642287059541,40.8725122657523],[-74.0638844577247,40.8723071251597]]}},{"type":"Feature","id":181017,"properties":{"OBJECTID":181017,"PRIMENAME":"River Road","ELEVTYP_F":0,"ELEVTYP_T":0},"geometry":{"type":"LineString","coordinates":[[-74.0322807233387,40.8811950480561],[-74.0322358340563,40.8814220370075]]}},{"type":"Feature","id":181088,"properties":{"OBJECTID":181088,"PRIMENAME":"Spring Valley Road","ELEVTYP_F":0,"ELEVTYP_T":0},"geometry":{"type":"LineString","coordinates":[[-74.0643280817751,40.9138457880326],[-74.0643046634996,40.9139240395824]]}},{"type":"Feature","id":181144,"properties":{"OBJECTID":181144,"PRIMENAME":"Oak Avenue","ELEVTYP_F":0,"ELEVTYP_T":0},"geometry":{"type":"LineString","coordinates":[[-74.0589470171323,40.9118714967466],[-74.0585155998179,40.9128574698652]]}},{"type":"Feature","id":181341,"properties":{"OBJECTID":181341,"PRIMENAME":"Walnut Avenue","ELEVTYP_F":0,"ELEVTYP_T":0},"geometry":{"type":"LineString","coordinates":[[-74.0264004380338,40.8707683379533],[-74.0264986043947,40.8707950367051],[-74.027722384008,40.8711406466136]]}},{"type":"Feature","id":181468,"properties":{"OBJECTID":181468,"PRIMENAME":"Elm Avenue","ELEVTYP_F":0,"ELEVTYP_T":0},"geometry":{"type":"LineString","coordinates":[[-74.0488428947281,40.9059362855115],[-74.0498236583315,40.9065220970972]]}},{"type":"Feature","id":181771,"properties":{"OBJECTID":181771,"PRIMENAME":"Louis Street","ELEVTYP_F":0,"ELEVTYP_T":0},"geometry":{"type":"LineString","coordinates":[[-74.048658272143,40.9045578019069],[-74.0494020178954,40.9038303674784],[-74.0494727749191,40.903762102822]]}},{"type":"Feature","id":182264,"properties":{"OBJECTID":182264,"PRIMENAME":"Central Avenue","ELEVTYP_F":0,"ELEVTYP_T":0},"geometry":{"type":"LineString","coordinates":[[-74.0482899338427,40.8871999425247],[-74.0483744303532,40.887231061797],[-74.0484571036455,40.8872648841876],[-74.0485378036616,40.8873013483074],[-74.048616383924,40.8873403879727],[-74.0497095085199,40.8879629850272],[-74.0502675297454,40.8882791279627]]}},{"type":"Feature","id":182695,"properties":{"OBJECTID":182695,"PRIMENAME":"Washington Avenue","ELEVTYP_F":0,"ELEVTYP_T":0},"geometry":{"type":"LineString","coordinates":[[-74.0550034683298,40.9077513124861],[-74.0541743599753,40.9072549567338]]}},{"type":"Feature","id":182994,"properties":{"OBJECTID":182994,"PRIMENAME":"Academy Lane","ELEVTYP_F":0,"ELEVTYP_T":0},"geometry":{"type":"LineString","coordinates":[[-74.0252347527101,40.9050377619536],[-74.025241834341,40.9050531895783],[-74.0252443532978,40.9050694138464],[-74.0252421904796,40.9050856676664],[-74.0252354481422,40.905101182549],[-74.0252090358733,40.9051645365743],[-74.0250186395794,40.9056201512828],[-74.0249830911642,40.9057074632593],[-74.0249519880389,40.9057957465033],[-74.0249253761009,40.9058848707893],[-74.0249032946234,40.9059747046509],[-74.0248865539467,40.906034900741],[-74.0248750817156,40.9060958033517],[-74.0248689278858,40.9061571473621],[-74.0248681192607,40.9062186657291]]}},{"type":"Feature","id":183087,"properties":{"OBJECTID":183087,"PRIMENAME":"Prospect Avenue","ELEVTYP_F":0,"ELEVTYP_T":0},"geometry":{"type":"LineString","coordinates":[[-74.050847533154,40.8973049970386],[-74.0505639228157,40.8975750741776],[-74.0504309343006,40.8977017184525]]}},{"type":"Feature","id":183089,"properties":{"OBJECTID":183089,"PRIMENAME":"Ridgefield Avenue","ELEVTYP_F":0,"ELEVTYP_T":0},"geometry":{"type":"LineString","coordinates":[[-74.0275199852745,40.8756230466006],[-74.0280220632066,40.8745958320283]]}},{"type":"Feature","id":183397,"properties":{"OBJECTID":183397,"PRIMENAME":"Fair Street","ELEVTYP_F":0,"ELEVTYP_T":0},"geometry":{"type":"LineString","coordinates":[[-74.0463439831842,40.876956515286],[-74.0464112566627,40.8768916155893],[-74.0466032499523,40.876356256295],[-74.0466249195374,40.8762967760323]]}},{"type":"Feature","id":183478,"properties":{"OBJECTID":183478,"PRIMENAME":"Lodi Street","ELEVTYP_F":0,"ELEVTYP_T":0},"geometry":{"type":"LineString","coordinates":[[-74.0521543285952,40.8746891182076],[-74.0519559550216,40.8746334490984],[-74.0519019277093,40.8746175076695],[-74.0518472768132,40.8746028420127],[-74.0517920546042,40.8745894661549],[-74.0517363138996,40.8745773928894],[-74.0516801080125,40.8745666337635],[-74.0516234907008,40.8745571990678],[-74.0515665161159,40.8745490978259],[-74.0515092387507,40.8745423377862],[-74.0513106186359,40.8745235783282],[-74.0511122582712,40.8745032974179]]}},{"type":"Feature","id":183499,"properties":{"OBJECTID":183499,"PRIMENAME":"Coles Street","ELEVTYP_F":0,"ELEVTYP_T":0},"geometry":{"type":"LineString","coordinates":[[-74.0580376370033,40.9048232464666],[-74.0579730752601,40.9048856378193],[-74.0575515490078,40.9052931534092],[-74.0565221897891,40.9062882708407],[-74.0564455374137,40.9063621159347]]}},{"type":"Feature","id":183643,"properties":{"OBJECTID":183643,"PRIMENAME":"Overlook Avenue","ELEVTYP_F":0,"ELEVTYP_T":0},"geometry":{"type":"LineString","coordinates":[[-74.0540268546503,40.8891624703539],[-74.0540646643469,40.8890743663627],[-74.0544474352668,40.8881822874779],[-74.0547147735353,40.8876472067211],[-74.05523975707,40.8866127448324],[-74.0552701416223,40.8865529400264]]}},{"type":"Feature","id":183822,"properties":{"OBJECTID":183822,"PRIMENAME":"Lincoln Place","ELEVTYP_F":0,"ELEVTYP_T":0},"geometry":{"type":"LineString","coordinates":[[-74.0259821670288,40.89203946594],[-74.0260458002735,40.8919118956728],[-74.0260569571625,40.8918884855694],[-74.0260666978469,40.8918647142472],[-74.0260750021234,40.8918406310142],[-74.0260818527684,40.8918162858253],[-74.0260872355736,40.8917917291787],[-74.0260911393751,40.8917670120112],[-74.0260935560773,40.8917421855924],[-74.0260944806689,40.8917173014186],[-74.0260939112337,40.8916924111057],[-74.0260918489546,40.8916675662824],[-74.026088298111,40.891642818483],[-74.0260832660697,40.8916182190403],[-74.0260767632702,40.8915938189796],[-74.0260688032023,40.8915696689122],[-74.0260594023787,40.8915458189313],[-74.0260485803005,40.8915223185071],[-74.0260098617808,40.8914431878275],[-74.0259343526693,40.8912888599199]]}},{"type":"Feature","id":183907,"properties":{"OBJECTID":183907,"PRIMENAME":"Summit Avenue","ELEVTYP_F":0,"ELEVTYP_T":0},"geometry":{"type":"LineString","coordinates":[[-74.0457444717805,40.9121279811199],[-74.0458313760142,40.9120424483685],[-74.0466273733412,40.9112590093022]]}},{"type":"Feature","id":183942,"properties":{"OBJECTID":183942,"PRIMENAME":"Pink Street","ELEVTYP_F":0,"ELEVTYP_T":0},"geometry":{"type":"LineString","coordinates":[[-74.0461575863424,40.8726035907421],[-74.045822103814,40.8725274761356],[-74.0457147983948,40.8725508520181]]}},{"type":"Feature","id":184684,"properties":{"OBJECTID":184684,"PRIMENAME":"Hamilton Place","ELEVTYP_F":0,"ELEVTYP_T":0},"geometry":{"type":"LineString","coordinates":[[-74.0527429853458,40.8984385532436],[-74.0530175965227,40.8986369507397],[-74.0532160815905,40.8987700201954],[-74.0534161450834,40.8989017220674],[-74.0536177706412,40.8990320455795],[-74.0538209417754,40.8991609800681],[-74.0540256418706,40.8992885149834],[-74.0542318541861,40.8994146398899],[-74.0544395618573,40.8995393444673],[-74.0546487478969,40.8996626185118],[-74.0554825300797,40.9001605086548],[-74.0561558358161,40.9005625611748],[-74.0562238993079,40.9006036133099]]}},{"type":"Feature","id":184742,"properties":{"OBJECTID":184742,"PRIMENAME":"Hudson Street","ELEVTYP_F":0,"ELEVTYP_T":0},"geometry":{"type":"LineString","coordinates":[[-74.0381989641236,40.8634760326127],[-74.0382626943902,40.8636342046504],[-74.0384274857591,40.8640441628399],[-74.0384596364126,40.8641241424016]]}},{"type":"Feature","id":184830,"properties":{"OBJECTID":184830,"PRIMENAME":"Interstate 80","ELEVTYP_F":0,"ELEVTYP_T":0},"geometry":{"type":"LineString","coordinates":[[-74.0288919301333,40.8672053289674],[-74.0289450240125,40.8672098649378],[-74.0292330490698,40.8672371726536],[-74.0295235071937,40.8672581495601],[-74.0295955025818,40.8672626704662]]}},{"type":"Feature","id":184867,"properties":{"OBJECTID":184867,"PRIMENAME":"English Street","ELEVTYP_F":0,"ELEVTYP_T":0},"geometry":{"type":"LineString","coordinates":[[-74.0480653777692,40.8754731272651],[-74.0481819102579,40.8754867870458],[-74.0491294942749,40.8755979049836]]}},{"type":"Feature","id":184879,"properties":{"OBJECTID":184879,"PRIMENAME":"West Spring Valley Avenue","ELEVTYP_F":0,"ELEVTYP_T":0},"geometry":{"type":"LineString","coordinates":[[-74.0600279304069,40.9137617175106],[-74.0593274006617,40.9133437082517],[-74.0592756472645,40.9133127130057]]}},{"type":"Feature","id":184925,"properties":{"OBJECTID":184925,"PRIMENAME":"West Shore Avenue","ELEVTYP_F":0,"ELEVTYP_T":0},"geometry":{"type":"LineString","coordinates":[[-74.0315167096679,40.8686482860424],[-74.0314717346614,40.8687947485828],[-74.0314282213742,40.8689364476212],[-74.0314121056527,40.8690220236543],[-74.0314229265807,40.8691283249595],[-74.0314417913237,40.8692170627018],[-74.0314740609452,40.8692611406933]]}},{"type":"Feature","id":185170,"properties":{"OBJECTID":185170,"PRIMENAME":"Johnson Avenue","ELEVTYP_F":0,"ELEVTYP_T":0},"geometry":{"type":"LineString","coordinates":[[-74.0401165603134,40.9063914294284],[-74.0398406149023,40.9068823844104],[-74.0398274307188,40.9069072251994],[-74.0397938278441,40.9069681434349],[-74.0397586795484,40.9070285576329],[-74.0397164379615,40.9070972669161],[-74.0396721975034,40.9071652482818],[-74.0396259799466,40.9072324682643],[-74.0395778080371,40.9072988937729]]}},{"type":"Feature","id":185207,"properties":{"OBJECTID":185207,"PRIMENAME":"Grand Avenue","ELEVTYP_F":0,"ELEVTYP_T":0},"geometry":{"type":"LineString","coordinates":[[-74.0436106926787,40.8988662576408],[-74.04377057207,40.89818957844],[-74.0438792984844,40.897723233598]]}},{"type":"Feature","id":185449,"properties":{"OBJECTID":185449,"PRIMENAME":"Spring Valley Avenue","ELEVTYP_F":0,"ELEVTYP_T":0},"geometry":{"type":"LineString","coordinates":[[-74.0470679812924,40.9061190574905],[-74.0466125235174,40.905847716268],[-74.0460862796055,40.9055321750212]]}},{"type":"Feature","id":185585,"properties":{"OBJECTID":185585,"PRIMENAME":"Main Street","ELEVTYP_F":0,"ELEVTYP_T":0},"geometry":{"type":"LineString","coordinates":[[-74.0421073812337,40.9058104548716],[-74.0421038071588,40.9058304242054],[-74.0420853855722,40.9059518408025]]}},{"type":"Feature","id":185916,"properties":{"OBJECTID":185916,"PRIMENAME":"Main Street","ELEVTYP_F":0,"ELEVTYP_T":0},"geometry":{"type":"LineString","coordinates":[[-74.0445637607123,40.8786168308531],[-74.0445361699137,40.8786538040517],[-74.0445091455914,40.8786910175071],[-74.0444826913776,40.8787284662193],[-74.0444568108275,40.8787661451567]]}},{"type":"Feature","id":186529,"properties":{"OBJECTID":186529,"PRIMENAME":"Agar Place","ELEVTYP_F":0,"ELEVTYP_T":0},"geometry":{"type":"LineString","coordinates":[[-74.0445386672683,40.8588213793465],[-74.0445153894532,40.8588840095558],[-74.0438616224711,40.8606435179744]]}},{"type":"Feature","id":186587,"properties":{"OBJECTID":186587,"PRIMENAME":"Lynn Court","ELEVTYP_F":0,"ELEVTYP_T":0},"geometry":{"type":"LineString","coordinates":[[-74.0318517196561,40.8834074284908],[-74.0321788628521,40.8834420246418],[-74.0326130907923,40.8834928912383],[-74.0328808998494,40.8835407498567],[-74.0335604040223,40.8837040854667],[-74.0337024286741,40.8837382238984]]}},{"type":"Feature","id":186617,"properties":{"OBJECTID":186617,"PRIMENAME":"Leuning Street","ELEVTYP_F":0,"ELEVTYP_T":0},"geometry":{"type":"LineString","coordinates":[[-74.0548889840417,40.8728252651968],[-74.0556631960528,40.8731561125793],[-74.0558676858913,40.8732434962285]]}},{"type":"Feature","id":186723,"properties":{"OBJECTID":186723,"PRIMENAME":"Prospect Avenue","ELEVTYP_F":0,"ELEVTYP_T":0},"geometry":{"type":"LineString","coordinates":[[-74.0545640780189,40.8907181237386],[-74.0541367143606,40.8915553514059],[-74.0540649328653,40.8916959711728],[-74.0538612103567,40.8920965046905],[-74.0535351390377,40.8927375730153],[-74.0535279548869,40.892751626465]]}},{"type":"Feature","id":186794,"properties":{"OBJECTID":186794,"PRIMENAME":"Charlton Avenue","ELEVTYP_F":0,"ELEVTYP_T":0},"geometry":{"type":"LineString","coordinates":[[-74.0644845254826,40.869618304826],[-74.0645703659922,40.869668422343],[-74.0653812287909,40.8701417169144]]}},{"type":"Feature","id":186919,"properties":{"OBJECTID":186919,"PRIMENAME":"Grand Avenue","ELEVTYP_F":0,"ELEVTYP_T":0},"geometry":{"type":"LineString","coordinates":[[-74.038392113206,40.9109085596917],[-74.0383778685987,40.9108993264776],[-74.038362870639,40.9108908074822],[-74.0383471814433,40.9108830379882],[-74.0383308659907,40.910876050174],[-74.0383139918539,40.9108698729805],[-74.0382966289194,40.9108645319913],[-74.0382788490982,40.9108600493268],[-74.0382607260278,40.9108564435525],[-74.0382423347671,40.9108537296022],[-74.0382237514859,40.910851918716],[-74.0382050531491,40.9108510183941],[-74.0381863171982,40.910851032365],[-74.0381676212306,40.9108519605711],[-74.0381490426778,40.9108537991679],[-74.0381306584853,40.9108565405408],[-74.0381125447936,40.9108601733359],[-74.0374992118299,40.9109651236218]]}},{"type":"Feature","id":187359,"properties":{"OBJECTID":187359,"PRIMENAME":"Lincoln Avenue","ELEVTYP_F":0,"ELEVTYP_T":0},"geometry":{"type":"LineString","coordinates":[[-74.0623841617828,40.9127281886117],[-74.0625746341595,40.9122885157627]]}},{"type":"Feature","id":187388,"properties":{"OBJECTID":187388,"PRIMENAME":"Beverly Road","ELEVTYP_F":0,"ELEVTYP_T":0},"geometry":{"type":"LineString","coordinates":[[-74.0295861462826,40.8924094979798],[-74.0296584869972,40.8924138532519],[-74.029730965215,40.8924165921751],[-74.0298035182326,40.8924177123798],[-74.0298760832817,40.892417212897],[-74.0300011382516,40.8924204928969],[-74.030126049564,40.8924260999006],[-74.030250742041,40.8924340305335],[-74.0303751406367,40.8924442800228],[-74.0312749494695,40.8925023175251]]}},{"type":"Feature","id":187454,"properties":{"OBJECTID":187454,"PRIMENAME":"Lodi Street","ELEVTYP_F":0,"ELEVTYP_T":0},"geometry":{"type":"LineString","coordinates":[[-74.0529446401198,40.8749233350023],[-74.0524728866527,40.8747855493261],[-74.0521543285952,40.8746891182076]]}},{"type":"Feature","id":187482,"properties":{"OBJECTID":187482,"PRIMENAME":"Hackensack Avenue","ELEVTYP_F":0,"ELEVTYP_T":0},"geometry":{"type":"LineString","coordinates":[[-74.0301364562898,40.8632383984175],[-74.0295671351369,40.863121448801],[-74.029313276697,40.863066008826]]}},{"type":"Feature","id":187728,"properties":{"OBJECTID":187728,"PRIMENAME":"Poplar Avenue","ELEVTYP_F":0,"ELEVTYP_T":0},"geometry":{"type":"LineString","coordinates":[[-74.0511825993892,40.9047792870736],[-74.0510824610552,40.9047197167093],[-74.0494727749191,40.903762102822]]}},{"type":"Feature","id":187813,"properties":{"OBJECTID":187813,"PRIMENAME":"Spring Valley Road","ELEVTYP_F":0,"ELEVTYP_T":0},"geometry":{"type":"LineString","coordinates":[[-74.0652483246513,40.9109105456236],[-74.0652002240581,40.91103572953],[-74.0651543156152,40.9111613862868],[-74.0651106074065,40.9112874938007],[-74.0650691071295,40.9114140298995],[-74.0649747639295,40.9117143804544]]}},{"type":"Feature","id":187859,"properties":{"OBJECTID":187859,"PRIMENAME":"Berdan Place","ELEVTYP_F":0,"ELEVTYP_T":0},"geometry":{"type":"LineString","coordinates":[[-74.0467607135275,40.8893013660705],[-74.0468320056763,40.8893333227548],[-74.0490832105425,40.8903420708492]]}},{"type":"Feature","id":188128,"properties":{"OBJECTID":188128,"PRIMENAME":"Millo Place","ELEVTYP_F":0,"ELEVTYP_T":0},"geometry":{"type":"LineString","coordinates":[[-74.0424725465946,40.8587210276132],[-74.0421769183494,40.858710329328],[-74.0415413978159,40.8586873397723],[-74.0414003823052,40.8586822385512]]}},{"type":"Feature","id":188819,"properties":{"OBJECTID":188819,"PRIMENAME":"South Prospect Avenue","ELEVTYP_F":0,"ELEVTYP_T":0},"geometry":{"type":"LineString","coordinates":[[-74.0594614423582,40.882216872389],[-74.0588781696942,40.882779990201]]}},{"type":"Feature","id":188849,"properties":{"OBJECTID":188849,"PRIMENAME":"Louis Street","ELEVTYP_F":0,"ELEVTYP_T":0},"geometry":{"type":"LineString","coordinates":[[-74.0478527114328,40.9053444443662],[-74.0479433944023,40.9052558916206],[-74.048658272143,40.9045578019069]]}},{"type":"Feature","id":189145,"properties":{"OBJECTID":189145,"PRIMENAME":"Hackensack Avenue","ELEVTYP_F":0,"ELEVTYP_T":0},"geometry":{"type":"LineString","coordinates":[[-74.029313276697,40.863066008826],[-74.029077469802,40.8630145387601]]}},{"type":"Feature","id":189172,"properties":{"OBJECTID":189172,"PRIMENAME":"Atlantic Street","ELEVTYP_F":0,"ELEVTYP_T":0},"geometry":{"type":"LineString","coordinates":[[-74.0421637023608,40.8810820551486],[-74.04212658038,40.8810797818608],[-74.0420894043247,40.8810780926573],[-74.0420521901463,40.8810769882628],[-74.0420149538126,40.8810764691512],[-74.0418077966992,40.8810822234825],[-74.0416005990693,40.8810870654387]]}},{"type":"Feature","id":189432,"properties":{"OBJECTID":189432,"PRIMENAME":"Sievers Lane","ELEVTYP_F":0,"ELEVTYP_T":0},"geometry":{"type":"LineString","coordinates":[[-74.0404050144258,40.8593281160597],[-74.041161189528,40.8593579994409]]}},{"type":"Feature","id":189439,"properties":{"OBJECTID":189439,"PRIMENAME":"South River Street","ELEVTYP_F":0,"ELEVTYP_T":0},"geometry":{"type":"LineString","coordinates":[[-74.0384518755723,40.868981235471],[-74.0388272723117,40.8699259264623],[-74.0393435593885,40.871241526465],[-74.0393655176267,40.8713028538008]]}},{"type":"Feature","id":189684,"properties":{"OBJECTID":189684,"PRIMENAME":"Boulevard","ELEVTYP_F":0,"ELEVTYP_T":0},"geometry":{"type":"LineString","coordinates":[[-74.066712636484,40.8739922809328],[-74.0671573677954,40.8734636006006],[-74.0672379579166,40.873365826429]]}},{"type":"Feature","id":189687,"properties":{"OBJECTID":189687,"PRIMENAME":"East Spring Valley Avenue","ELEVTYP_F":0,"ELEVTYP_T":0},"geometry":{"type":"LineString","coordinates":[[-74.054773998946,40.9106498911586],[-74.0541229959063,40.9102857050441],[-74.0540433403037,40.9102400779643]]}},{"type":"Feature","id":189826,"properties":{"OBJECTID":189826,"PRIMENAME":"Washington Place","ELEVTYP_F":0,"ELEVTYP_T":0},"geometry":{"type":"LineString","coordinates":[[-74.0433791770392,40.8794285749226],[-74.0435055275676,40.8794407410243],[-74.0442429158619,40.8795118958688]]}},{"type":"Feature","id":189882,"properties":{"OBJECTID":189882,"PRIMENAME":"Main Street","ELEVTYP_F":0,"ELEVTYP_T":0},"geometry":{"type":"LineString","coordinates":[[-74.0402883342893,40.8982888968241],[-74.0403132727944,40.8984069730158],[-74.0403219382968,40.8984564906885],[-74.0403313888348,40.8985059256133],[-74.0403416230402,40.8985552706248],[-74.0403526394316,40.8986045185709]]}},{"type":"Feature","id":190074,"properties":{"OBJECTID":190074,"PRIMENAME":"Wilson Street","ELEVTYP_F":0,"ELEVTYP_T":0},"geometry":{"type":"LineString","coordinates":[[-74.0488428947281,40.9059362855115],[-74.049528482164,40.9052620939542],[-74.0496465588624,40.9051459779146]]}},{"type":"Feature","id":190131,"properties":{"OBJECTID":190131,"PRIMENAME":"River Road","ELEVTYP_F":0,"ELEVTYP_T":0},"geometry":{"type":"LineString","coordinates":[[-74.0309635339597,40.888093211015],[-74.030959735513,40.8881734310279],[-74.0309598471738,40.888253702771],[-74.0309638688037,40.8883339165164],[-74.0309717949194,40.8884139626155],[-74.0310123031497,40.8887235828395],[-74.0310243708253,40.8888158157351]]}},{"type":"Feature","id":190245,"properties":{"OBJECTID":190245,"PRIMENAME":"Jackson Avenue","ELEVTYP_F":0,"ELEVTYP_T":0},"geometry":{"type":"LineString","coordinates":[[-74.0431465894625,40.8720603717235],[-74.0430262235784,40.8723842368874],[-74.0429457801522,40.872573956518],[-74.0428623763281,40.8727629381789]]}},{"type":"Feature","id":190450,"properties":{"OBJECTID":190450,"PRIMENAME":"Milano Court","ELEVTYP_F":0,"ELEVTYP_T":0},"geometry":{"type":"LineString","coordinates":[[-74.0456148121976,40.8613448346615],[-74.0458164432093,40.8610620676128]]}},{"type":"Feature","id":190531,"properties":{"OBJECTID":190531,"PRIMENAME":"Pine Street","ELEVTYP_F":0,"ELEVTYP_T":0},"geometry":{"type":"LineString","coordinates":[[-74.0439307617057,40.9030027030997],[-74.0439907480577,40.9029441712393],[-74.0447366647996,40.9022161440283]]}},{"type":"Feature","id":190731,"properties":{"OBJECTID":190731,"PRIMENAME":"Parker Avenue","ELEVTYP_F":0,"ELEVTYP_T":0},"geometry":{"type":"LineString","coordinates":[[-74.056427045756,40.8804529560916],[-74.056986484387,40.8807796954459],[-74.0576610388536,40.8811617173344]]}},{"type":"Feature","id":190860,"properties":{"OBJECTID":190860,"PRIMENAME":"Frederick Street","ELEVTYP_F":0,"ELEVTYP_T":0},"geometry":{"type":"LineString","coordinates":[[-74.0434630323053,40.8704287951879],[-74.0428977640156,40.8705619922981]]}},{"type":"Feature","id":190911,"properties":{"OBJECTID":190911,"PRIMENAME":"East Passaic Street","ELEVTYP_F":0,"ELEVTYP_T":0},"geometry":{"type":"LineString","coordinates":[[-74.0587292822352,40.9008587054264],[-74.0593590915242,40.9012352542996],[-74.0594689502971,40.9013009343632]]}},{"type":"Feature","id":190986,"properties":{"OBJECTID":190986,"PRIMENAME":"Elm Avenue","ELEVTYP_F":0,"ELEVTYP_T":0},"geometry":{"type":"LineString","coordinates":[[-74.0293546160577,40.8780270433585],[-74.0290612953804,40.8787605973864]]}},{"type":"Feature","id":191198,"properties":{"OBJECTID":191198,"PRIMENAME":"Wyoming Avenue","ELEVTYP_F":0,"ELEVTYP_T":0},"geometry":{"type":"LineString","coordinates":[[-74.0645660588577,40.909886502233],[-74.064028632599,40.911128855927]]}},{"type":"Feature","id":191254,"properties":{"OBJECTID":191254,"PRIMENAME":"Court Street","ELEVTYP_F":0,"ELEVTYP_T":0},"geometry":{"type":"LineString","coordinates":[[-74.0398604019732,40.8791700162619],[-74.0396794254607,40.8791712294578]]}},{"type":"Feature","id":191284,"properties":{"OBJECTID":191284,"PRIMENAME":"Beech Street","ELEVTYP_F":0,"ELEVTYP_T":0},"geometry":{"type":"LineString","coordinates":[[-74.0623349185993,40.8905560584111],[-74.0624644644852,40.8906362768544],[-74.0625947716767,40.8907157821743],[-74.0627258333584,40.8907945702111],[-74.0628576426758,40.8908726368424],[-74.0629703010803,40.8909409188158]]}},{"type":"Feature","id":191667,"properties":{"OBJECTID":191667,"PRIMENAME":"Main Street","ELEVTYP_F":0,"ELEVTYP_T":0},"geometry":{"type":"LineString","coordinates":[[-74.0334512370168,40.9127317823397],[-74.0327337306186,40.9127152905552]]}},{"type":"Feature","id":191819,"properties":{"OBJECTID":191819,"PRIMENAME":"Frederick Street","ELEVTYP_F":0,"ELEVTYP_T":0},"geometry":{"type":"LineString","coordinates":[[-74.0428977640156,40.8705619922981],[-74.0420642891915,40.8707583804985]]}},{"type":"Feature","id":192273,"properties":{"OBJECTID":192273,"PRIMENAME":"Park Street","ELEVTYP_F":0,"ELEVTYP_T":0},"geometry":{"type":"LineString","coordinates":[[-74.0264107288642,40.8582894505482],[-74.0279892229503,40.8586828752318]]}},{"type":"Feature","id":192283,"properties":{"OBJECTID":192283,"PRIMENAME":"Davison Street","ELEVTYP_F":0,"ELEVTYP_T":0},"geometry":{"type":"LineString","coordinates":[[-74.0682315443183,40.904860132544],[-74.0681773057545,40.90491120494],[-74.0677310891748,40.9053317577782],[-74.0672103409491,40.9058225461092],[-74.0671429592351,40.9058860586186]]}},{"type":"Feature","id":192322,"properties":{"OBJECTID":192322,"PRIMENAME":"Coolidge Avenue","ELEVTYP_F":0,"ELEVTYP_T":0},"geometry":{"type":"LineString","coordinates":[[-74.0648693724544,40.8728940080712],[-74.0642287059541,40.8725122657523]]}},{"type":"Feature","id":192652,"properties":{"OBJECTID":192652,"PRIMENAME":"Kent Street","ELEVTYP_F":0,"ELEVTYP_T":0},"geometry":{"type":"LineString","coordinates":[[-74.0598971567475,40.8787748458019],[-74.0599669309857,40.8787073937322],[-74.0608461763118,40.8778564100117],[-74.061232285878,40.8774827005338],[-74.0619647002956,40.8767773721579]]}},{"type":"Feature","id":192691,"properties":{"OBJECTID":192691,"PRIMENAME":"Atlantic Street","ELEVTYP_F":0,"ELEVTYP_T":0},"geometry":{"type":"LineString","coordinates":[[-74.051148034465,40.8833887497598],[-74.0503972483753,40.8831574189842],[-74.0502046297834,40.8831038040447],[-74.0500105672236,40.883053277772]]}},{"type":"Feature","id":192771,"properties":{"OBJECTID":192771,"PRIMENAME":"State Street","ELEVTYP_F":0,"ELEVTYP_T":0},"geometry":{"type":"LineString","coordinates":[[-74.0425796725481,40.8879387173579],[-74.0423098689731,40.8884447185552],[-74.0421611367755,40.8887174098318],[-74.0420679434106,40.8888882727733]]}},{"type":"Feature","id":192818,"properties":{"OBJECTID":192818,"PRIMENAME":"Lethbridge Lane","ELEVTYP_F":0,"ELEVTYP_T":0},"geometry":{"type":"LineString","coordinates":[[-74.0619149634879,40.9007618486903],[-74.0610872610168,40.9002486167915]]}},{"type":"Feature","id":192868,"properties":{"OBJECTID":192868,"PRIMENAME":"Bogert Road","ELEVTYP_F":0,"ELEVTYP_T":0},"geometry":{"type":"LineString","coordinates":[[-74.0395706369381,40.911649981478],[-74.0395688278239,40.9117961131892],[-74.0395527734113,40.9130982681807]]}},{"type":"Feature","id":192885,"properties":{"OBJECTID":192885,"PRIMENAME":"US Highway 46","ELEVTYP_F":1,"ELEVTYP_T":1},"geometry":{"type":"LineString","coordinates":[[-74.0642072441393,40.8676560498427],[-74.0644635192285,40.8679789718197],[-74.0649005265739,40.86853243584],[-74.065103220926,40.8687891406069],[-74.0651403026173,40.8688361911328]]}},{"type":"Feature","id":192956,"properties":{"OBJECTID":192956,"PRIMENAME":"Campbell Avenue","ELEVTYP_F":0,"ELEVTYP_T":0},"geometry":{"type":"LineString","coordinates":[[-74.0468633386138,40.8756401623681],[-74.0459429190573,40.8755709110607]]}},{"type":"Feature","id":193198,"properties":{"OBJECTID":193198,"PRIMENAME":"Anderson Street","ELEVTYP_F":0,"ELEVTYP_T":0},"geometry":{"type":"LineString","coordinates":[[-74.0525273983852,40.8994717041642],[-74.0521807231425,40.8992625674602],[-74.0505037808113,40.8982590311499]]}},{"type":"Feature","id":193266,"properties":{"OBJECTID":193266,"PRIMENAME":"Hudson Street","ELEVTYP_F":0,"ELEVTYP_T":0},"geometry":{"type":"LineString","coordinates":[[-74.0420837348159,40.8732054640295],[-74.0423262956895,40.8738111915441]]}},{"type":"Feature","id":193949,"properties":{"OBJECTID":193949,"PRIMENAME":"Beverly Road","ELEVTYP_F":0,"ELEVTYP_T":0},"geometry":{"type":"LineString","coordinates":[[-74.0291190712019,40.8923561516171],[-74.029203039435,40.8923689193842],[-74.0292874012542,40.8923800937102],[-74.029372104156,40.8923896676403],[-74.0294570954245,40.8923976352162],[-74.0295215181477,40.8924042099828],[-74.0295861462826,40.8924094979798]]}},{"type":"Feature","id":194397,"properties":{"OBJECTID":194397,"PRIMENAME":"River Road","ELEVTYP_F":0,"ELEVTYP_T":0},"geometry":{"type":"LineString","coordinates":[[-74.0318120777999,40.8836134003236],[-74.0318010381145,40.883670763998],[-74.0317514240427,40.8839314138086]]}},{"type":"Feature","id":194503,"properties":{"OBJECTID":194503,"PRIMENAME":"State Street","ELEVTYP_F":0,"ELEVTYP_T":0},"geometry":{"type":"LineString","coordinates":[[-74.0461456531534,40.8810398472799],[-74.0460754443043,40.8811790960446],[-74.0458459084779,40.8816379424866]]}},{"type":"Feature","id":194809,"properties":{"OBJECTID":194809,"PRIMENAME":"Cleveland Street","ELEVTYP_F":0,"ELEVTYP_T":0},"geometry":{"type":"LineString","coordinates":[[-74.048975710701,40.8762292709793],[-74.049113014637,40.8756655579682],[-74.0491294942749,40.8755979049836]]}},{"type":"Feature","id":194817,"properties":{"OBJECTID":194817,"PRIMENAME":"Green Street","ELEVTYP_F":0,"ELEVTYP_T":0},"geometry":{"type":"LineString","coordinates":[[-74.0618319680787,40.8656222691232],[-74.0613060955111,40.8663011821339],[-74.0609416538248,40.8667344029134],[-74.0606835688488,40.8670279249265]]}},{"type":"Feature","id":194981,"properties":{"OBJECTID":194981,"PRIMENAME":"East Fort Lee Road","ELEVTYP_F":0,"ELEVTYP_T":0},"geometry":{"type":"LineString","coordinates":[[-74.0266336307974,40.8753638588962],[-74.0257859940401,40.875112536038]]}},{"type":"Feature","id":195143,"properties":{"OBJECTID":195143,"PRIMENAME":"Lakeview Street","ELEVTYP_F":0,"ELEVTYP_T":0},"geometry":{"type":"LineString","coordinates":[[-74.040504080696,40.9131077171899],[-74.0405069648058,40.9130308160763],[-74.040505201515,40.9129254977608],[-74.0405050772931,40.912820170991],[-74.0405065921497,40.9127148504466],[-74.0405097458658,40.9126095508062],[-74.0405145379941,40.9125042867458],[-74.040520967859,40.9123990729358],[-74.0405290345565,40.91229392404],[-74.0405387369545,40.9121888547129]]}},{"type":"Feature","id":195369,"properties":{"OBJECTID":195369,"PRIMENAME":"Newman Street","ELEVTYP_F":0,"ELEVTYP_T":0},"geometry":{"type":"LineString","coordinates":[[-74.0528244954147,40.8800843725382],[-74.0527435393749,40.8801997024596],[-74.0522153656576,40.8812426782512],[-74.052209681286,40.8812542401942]]}},{"type":"Feature","id":195542,"properties":{"OBJECTID":195542,"PRIMENAME":"Golf Place","ELEVTYP_F":0,"ELEVTYP_T":0},"geometry":{"type":"LineString","coordinates":[[-74.0549382766092,40.8935996898408],[-74.0555240764194,40.8939537750379],[-74.0558377316801,40.8941433593885],[-74.0559247815397,40.8941889014889],[-74.0560132987048,40.8942327848634],[-74.0561032282985,40.8942749823048],[-74.0561945145681,40.894315467651]]}},{"type":"Feature","id":195647,"properties":{"OBJECTID":195647,"PRIMENAME":"Grove Street","ELEVTYP_F":0,"ELEVTYP_T":0},"geometry":{"type":"LineString","coordinates":[[-74.0481996621091,40.8593940435492],[-74.0465621558969,40.8590243249727],[-74.046505379538,40.8590141188956],[-74.0464472167634,40.8590106109483],[-74.0463890301728,40.8590138833126],[-74.0463321829241,40.8590238593257],[-74.0462788843838,40.8590332945969],[-74.0462248879452,40.8590400666172],[-74.0461704242169,40.8590441464646],[-74.0461157258033,40.859045516715],[-74.0460319950918,40.8590451872251],[-74.0460038037114,40.8590406627146],[-74.0459772941885,40.8590320893157],[-74.0459534648706,40.8590197899025],[-74.0459332131671,40.8590042276706]]}},{"type":"Feature","id":195935,"properties":{"OBJECTID":195935,"PRIMENAME":"Paulison Avenue","ELEVTYP_F":0,"ELEVTYP_T":0},"geometry":{"type":"LineString","coordinates":[[-74.0274028219277,40.8610309446252],[-74.0272108552248,40.861796437671]]}},{"type":"Feature","id":196018,"properties":{"OBJECTID":196018,"PRIMENAME":"Wilson Street","ELEVTYP_F":0,"ELEVTYP_T":0},"geometry":{"type":"LineString","coordinates":[[-74.0480555554791,40.906706859647],[-74.0488428947281,40.9059362855115]]}},{"type":"Feature","id":196035,"properties":{"OBJECTID":196035,"PRIMENAME":"Atlantic Street","ELEVTYP_F":0,"ELEVTYP_T":0},"geometry":{"type":"LineString","coordinates":[[-74.0473136411242,40.8824719973932],[-74.0470634043269,40.8824188333672],[-74.045746705131,40.8821455848681],[-74.045607046655,40.8821167343979]]}},{"type":"Feature","id":196250,"properties":{"OBJECTID":196250,"PRIMENAME":"Maywood Avenue","ELEVTYP_F":0,"ELEVTYP_T":0},"geometry":{"type":"LineString","coordinates":[[-74.0613320269983,40.9036561364491],[-74.0611730160692,40.9040294461287],[-74.0609569420817,40.9045131853551]]}},{"type":"Feature","id":196409,"properties":{"OBJECTID":196409,"PRIMENAME":"New Street","ELEVTYP_F":0,"ELEVTYP_T":0},"geometry":{"type":"LineString","coordinates":[[-74.044167203684,40.8762460801581],[-74.0441845484309,40.8761215558729],[-74.044279560656,40.8754396214063]]}},{"type":"Feature","id":196507,"properties":{"OBJECTID":196507,"PRIMENAME":"Anderson Street","ELEVTYP_F":0,"ELEVTYP_T":0},"geometry":{"type":"LineString","coordinates":[[-74.0424107702621,40.8930774128285],[-74.0421113230675,40.8929004662277],[-74.0420273850806,40.8928506963581]]}},{"type":"Feature","id":196676,"properties":{"OBJECTID":196676,"PRIMENAME":"Westview Terrace","ELEVTYP_F":0,"ELEVTYP_T":0},"geometry":{"type":"LineString","coordinates":[[-74.0277961667458,40.8882576372398],[-74.0278275420994,40.8881842290012],[-74.028136173887,40.8874619829015]]}},{"type":"Feature","id":196701,"properties":{"OBJECTID":196701,"PRIMENAME":"Edel Avenue","ELEVTYP_F":0,"ELEVTYP_T":0},"geometry":{"type":"LineString","coordinates":[[-74.063767311603,40.906252962484],[-74.0636975223069,40.9063132515495],[-74.0630673412373,40.9068577102022],[-74.0630309266664,40.9068939147559],[-74.0630002964095,40.9069330809849],[-74.0629758644407,40.9069746795631],[-74.062957960967,40.9070181482903],[-74.0627232043008,40.9075485113465]]}},{"type":"Feature","id":196920,"properties":{"OBJECTID":196920,"PRIMENAME":"West Park Place","ELEVTYP_F":0,"ELEVTYP_T":0},"geometry":{"type":"LineString","coordinates":[[-74.0322807233387,40.8811950480561],[-74.0332839698988,40.8813084706794]]}},{"type":"Feature","id":196937,"properties":{"OBJECTID":196937,"PRIMENAME":"Ise Street","ELEVTYP_F":0,"ELEVTYP_T":0},"geometry":{"type":"LineString","coordinates":[[-74.0446584222496,40.8697417672603],[-74.0446279024463,40.8698316263346],[-74.0444227852478,40.8704357463676]]}},{"type":"Feature","id":196945,"properties":{"OBJECTID":196945,"PRIMENAME":"Central Avenue","ELEVTYP_F":0,"ELEVTYP_T":0},"geometry":{"type":"LineString","coordinates":[[-74.0502675297454,40.8882791279627],[-74.0508401840313,40.88860358788],[-74.0514688743488,40.888959883592],[-74.0515679257299,40.8890163479727]]}},{"type":"Feature","id":196959,"properties":{"OBJECTID":196959,"PRIMENAME":"Main Street","ELEVTYP_F":0,"ELEVTYP_T":0},"geometry":{"type":"LineString","coordinates":[[-74.0396178764238,40.8910176173408],[-74.0395528347514,40.8914306349314],[-74.0395422258608,40.8914980080926],[-74.0394380718924,40.8921595059332]]}},{"type":"Feature","id":196984,"properties":{"OBJECTID":196984,"PRIMENAME":"Lenox Avenue","ELEVTYP_F":0,"ELEVTYP_T":0},"geometry":{"type":"LineString","coordinates":[[-74.0660264937779,40.9003183587764],[-74.0654436821352,40.8999602840845],[-74.0651679270972,40.8997919412208]]}},{"type":"Feature","id":197178,"properties":{"OBJECTID":197178,"PRIMENAME":"Poplar Avenue","ELEVTYP_F":0,"ELEVTYP_T":0},"geometry":{"type":"LineString","coordinates":[[-74.0494727749191,40.903762102822],[-74.0484930821233,40.903174480286]]}},{"type":"Feature","id":197332,"properties":{"OBJECTID":197332,"PRIMENAME":"Larch Avenue","ELEVTYP_F":0,"ELEVTYP_T":0},"geometry":{"type":"LineString","coordinates":[[-74.0304128494977,40.8790720174396],[-74.03002432201,40.8800191134191]]}},{"type":"Feature","id":197417,"properties":{"OBJECTID":197417,"PRIMENAME":"Esplanade","ELEVTYP_F":0,"ELEVTYP_T":0},"geometry":{"type":"LineString","coordinates":[[-74.0591833159905,40.8948896687319],[-74.0591795478243,40.8951410627507],[-74.0591711593871,40.8954838177638]]}},{"type":"Feature","id":197493,"properties":{"OBJECTID":197493,"PRIMENAME":"East State Highway 4","ELEVTYP_F":0,"ELEVTYP_T":0},"geometry":{"type":"LineString","coordinates":[[-74.0333370173804,40.9061584083963],[-74.0338493078104,40.9067013410592]]}},{"type":"Feature","id":197542,"properties":{"OBJECTID":197542,"PRIMENAME":"Phillips Avenue","ELEVTYP_F":0,"ELEVTYP_T":1},"geometry":{"type":"LineString","coordinates":[[-74.0444876637504,40.8654640860482],[-74.0444286503859,40.8656387609361],[-74.0444223065696,40.8658258312449],[-74.0444215981903,40.8658948603474],[-74.0444297405766,40.8659636142343],[-74.0444466564848,40.866031440435],[-74.04447218541,40.8660976952811],[-74.0447670226613,40.8668572324525]]}},{"type":"Feature","id":197687,"properties":{"OBJECTID":197687,"PRIMENAME":"Chestnut Avenue","ELEVTYP_F":0,"ELEVTYP_T":0},"geometry":{"type":"LineString","coordinates":[[-74.0436527814483,40.8656544970431],[-74.0430256780683,40.8640624708685],[-74.0429284239277,40.863815562349],[-74.0429203087025,40.8637760787618],[-74.0429177769337,40.8637361636467],[-74.0429208573933,40.8636962707701],[-74.0429295150515,40.8636568536448],[-74.0430009284546,40.8634983145944]]}},{"type":"Feature","id":197993,"properties":{"OBJECTID":197993,"PRIMENAME":"Oak Avenue","ELEVTYP_F":0,"ELEVTYP_T":0},"geometry":{"type":"LineString","coordinates":[[-74.063428756793,40.9021079384181],[-74.0626317806278,40.903182138002]]}},{"type":"Feature","id":198231,"properties":{"OBJECTID":198231,"PRIMENAME":"Clinton Place","ELEVTYP_F":0,"ELEVTYP_T":0},"geometry":{"type":"LineString","coordinates":[[-74.0461970518041,40.8978163986626],[-74.0477724973564,40.8987485621174],[-74.0487165256393,40.8993197738585]]}},{"type":"Feature","id":198407,"properties":{"OBJECTID":198407,"PRIMENAME":"Euclid Avenue","ELEVTYP_F":0,"ELEVTYP_T":0},"geometry":{"type":"LineString","coordinates":[[-74.0508208576735,40.9018419045477],[-74.0489774065187,40.9007446441843],[-74.0480082955768,40.9001719080932],[-74.0478996611875,40.9001077177552]]}},{"type":"Feature","id":199176,"properties":{"OBJECTID":199176,"PRIMENAME":"Williams Avenue","ELEVTYP_F":0,"ELEVTYP_T":0},"geometry":{"type":"LineString","coordinates":[[-74.0644619092232,40.8654211156215],[-74.064278926294,40.8653154044659]]}},{"type":"Feature","id":199426,"properties":{"OBJECTID":199426,"PRIMENAME":"Euclid Avenue South","ELEVTYP_F":0,"ELEVTYP_T":0},"geometry":{"type":"LineString","coordinates":[[-74.0520109001162,40.9019347275164],[-74.0518933833071,40.901866828539],[-74.0515866037539,40.9016895486273],[-74.0515712403567,40.9016808742666],[-74.0515548583504,40.9016733490556],[-74.0515376065477,40.9016670413528],[-74.0515196416627,40.9016620084566],[-74.0515011268864,40.9016582960853],[-74.0514822304053,40.9016559379618],[-74.0514631238731,40.9016549555069],[-74.0514439808513,40.9016553576452],[-74.0514249752331,40.9016571407236],[-74.0514062796636,40.901660288545],[-74.0513880639712,40.9016647725147],[-74.0513704936256,40.901670551901],[-74.0513537282341,40.9016775742043],[-74.0513379200922,40.9016857756349],[-74.0513232127997,40.9016950816917],[-74.051309739957,40.9017054078394],[-74.0511661149802,40.9018233750603],[-74.0511337741772,40.9018379011504],[-74.0510995657722,40.9018497103196],[-74.0510638847835,40.9018586662024],[-74.0510271432347,40.9018646653812]]}},{"type":"Feature","id":199517,"properties":{"OBJECTID":199517,"PRIMENAME":"Green Street","ELEVTYP_F":0,"ELEVTYP_T":0},"geometry":{"type":"LineString","coordinates":[[-74.0563720076811,40.8725756985574],[-74.0559869875993,40.8730859568766],[-74.0558676858913,40.8732434962285]]}},{"type":"Feature","id":199802,"properties":{"OBJECTID":199802,"PRIMENAME":"Lafayette Avenue","ELEVTYP_F":0,"ELEVTYP_T":0},"geometry":{"type":"LineString","coordinates":[[-74.0556629906808,40.9071155777245],[-74.0578740675144,40.9084307981122],[-74.0580446728743,40.9085322729173]]}},{"type":"Feature","id":199934,"properties":{"OBJECTID":199934,"PRIMENAME":"Hudson Street","ELEVTYP_F":0,"ELEVTYP_T":0},"geometry":{"type":"LineString","coordinates":[[-74.0424864038597,40.8742129178107],[-74.0427206285106,40.87480664457]]}},{"type":"Feature","id":199999,"properties":{"OBJECTID":199999,"PRIMENAME":"Moonachie Road","ELEVTYP_F":0,"ELEVTYP_T":0},"geometry":{"type":"LineString","coordinates":[[-74.0396766302924,40.8608339580171],[-74.0395194075888,40.8611619147581],[-74.0392798621084,40.8616549387056],[-74.0391969217558,40.8618009403246],[-74.0391093140422,40.8619213407053],[-74.0390072799539,40.8620416554457],[-74.038910155522,40.8621473869569],[-74.0387986717607,40.8622384032768],[-74.0387096532389,40.8622909693869]]}},{"type":"Feature","id":200087,"properties":{"OBJECTID":200087,"PRIMENAME":"Elm Avenue","ELEVTYP_F":0,"ELEVTYP_T":0},"geometry":{"type":"LineString","coordinates":[[-74.0293546160577,40.8780270433585],[-74.0294819117439,40.8777327291818],[-74.0299165426804,40.8767278223261],[-74.0300396523309,40.8763942373094],[-74.0300482959829,40.8762918589449]]}},{"type":"Feature","id":200403,"properties":{"OBJECTID":200403,"PRIMENAME":"US Highway 46","ELEVTYP_F":0,"ELEVTYP_T":1},"geometry":{"type":"LineString","coordinates":[[-74.0634647364432,40.8667183137174],[-74.0635569962754,40.8668311225259],[-74.0637071116008,40.8670146693057],[-74.0637886208582,40.8671236773775],[-74.0637989436911,40.8671374681314],[-74.0638518499078,40.8672082135041],[-74.0642072441393,40.8676560498427]]}},{"type":"Feature","id":200620,"properties":{"OBJECTID":200620,"PRIMENAME":"Davis Drive","ELEVTYP_F":0,"ELEVTYP_T":0},"geometry":{"type":"LineString","coordinates":[[-74.0414151013552,40.9125482771147],[-74.0413995241053,40.9131165795882]]}},{"type":"Feature","id":200813,"properties":{"OBJECTID":200813,"PRIMENAME":"Robinson Road","ELEVTYP_F":0,"ELEVTYP_T":0},"geometry":{"type":"LineString","coordinates":[[-74.0662667087878,40.8815818990889],[-74.0689944182744,40.8831592918877]]}},{"type":"Feature","id":200844,"properties":{"OBJECTID":200844,"PRIMENAME":"Polifly Road","ELEVTYP_F":0,"ELEVTYP_T":0},"geometry":{"type":"LineString","coordinates":[[-74.0619709934242,40.8726212357547],[-74.0616482506407,40.8729970440692]]}},{"type":"Feature","id":201039,"properties":{"OBJECTID":201039,"PRIMENAME":"South State Street","ELEVTYP_F":0,"ELEVTYP_T":0},"geometry":{"type":"LineString","coordinates":[[-74.0484521297419,40.8738141172084],[-74.0483692722326,40.8741720906832],[-74.0483552894802,40.8742395885479]]}},{"type":"Feature","id":201074,"properties":{"OBJECTID":201074,"PRIMENAME":"Lincoln Street","ELEVTYP_F":0,"ELEVTYP_T":0},"geometry":{"type":"LineString","coordinates":[[-74.0456909936302,40.8661190815891],[-74.045460193109,40.866140982888],[-74.0449879843842,40.8662498796296],[-74.0448233819592,40.8663149988827]]}},{"type":"Feature","id":201140,"properties":{"OBJECTID":201140,"PRIMENAME":"Mary Street","ELEVTYP_F":0,"ELEVTYP_T":0},"geometry":{"type":"LineString","coordinates":[[-74.0605367498608,40.87592839243],[-74.0607777274274,40.8760728709817],[-74.0612539782031,40.876355271239]]}},{"type":"Feature","id":201268,"properties":{"OBJECTID":201268,"PRIMENAME":"Passaic Street","ELEVTYP_F":0,"ELEVTYP_T":0},"geometry":{"type":"LineString","coordinates":[[-74.0462304569462,40.8933988383097],[-74.0467534941516,40.8937093434724],[-74.0469318141909,40.893817151175]]}},{"type":"Feature","id":201388,"properties":{"OBJECTID":201388,"PRIMENAME":"Hackensack Avenue","ELEVTYP_F":0,"ELEVTYP_T":0},"geometry":{"type":"LineString","coordinates":[[-74.0332634510705,40.9112233741527],[-74.0332650379637,40.911248418561],[-74.0332657860072,40.9112734854642],[-74.0332656947176,40.9112985586947],[-74.0332647641529,40.9113236220803],[-74.033261119719,40.9113673969147],[-74.033254915938,40.9114110057448],[-74.03324616505,40.9114543624948],[-74.0332348843228,40.9114973815864],[-74.0332210960174,40.9115399781076],[-74.0332048273449,40.9115820679803],[-74.0331861104122,40.9116235681264],[-74.0331649821587,40.9116643966316]]}},{"type":"Feature","id":201533,"properties":{"OBJECTID":201533,"PRIMENAME":"Third Street","ELEVTYP_F":0,"ELEVTYP_T":0},"geometry":{"type":"LineString","coordinates":[[-74.0287316030687,40.866640570363],[-74.0293345371826,40.8653744842092]]}},{"type":"Feature","id":201564,"properties":{"OBJECTID":201564,"PRIMENAME":"River Street","ELEVTYP_F":0,"ELEVTYP_T":0},"geometry":{"type":"LineString","coordinates":[[-74.0383344206826,40.8920510879234],[-74.0382501053609,40.8922225829763],[-74.0381417783782,40.8928766502754],[-74.0381120545807,40.8930312908661],[-74.0381079810388,40.8931073093674],[-74.0380927128193,40.8932430401108],[-74.0380879614302,40.893411394557],[-74.0380945945601,40.8934874559328],[-74.0381080695775,40.8936042791208],[-74.0381321550841,40.8937455753572],[-74.0381452162626,40.8938053676227],[-74.0381980615761,40.8940472875967],[-74.0382689479319,40.8940908039898]]}},{"type":"Feature","id":201589,"properties":{"OBJECTID":201589,"PRIMENAME":"Union Street","ELEVTYP_F":0,"ELEVTYP_T":0},"geometry":{"type":"LineString","coordinates":[[-74.0490179715229,40.8783468828367],[-74.0490345146335,40.8788401034857],[-74.0490239538513,40.8789007287402],[-74.0490112718568,40.8789611192901]]}},{"type":"Feature","id":201871,"properties":{"OBJECTID":201871,"PRIMENAME":"State Highway 17","ELEVTYP_F":0,"ELEVTYP_T":0},"geometry":{"type":"LineString","coordinates":[[-74.0655509025899,40.8620458633151],[-74.0656940156275,40.8618340258217],[-74.0658983827895,40.8615381206588],[-74.066135930852,40.8612101976142],[-74.0662125841047,40.8611056098101]]}},{"type":"Feature","id":201982,"properties":{"OBJECTID":201982,"PRIMENAME":"Huyler Street","ELEVTYP_F":0,"ELEVTYP_T":0},"geometry":{"type":"LineString","coordinates":[[-74.0516216971822,40.8577640501734],[-74.0512976006078,40.8582060443059],[-74.0508613097567,40.8588414767231],[-74.0507083732145,40.8590883375831]]}},{"type":"Feature","id":202043,"properties":{"OBJECTID":202043,"PRIMENAME":"Terheun Place","ELEVTYP_F":0,"ELEVTYP_T":0},"geometry":{"type":"LineString","coordinates":[[-74.0374884945734,40.8964931686865],[-74.0374200398918,40.8964689706132],[-74.0370784160009,40.8963482109875],[-74.0369704145776,40.8963100347239]]}},{"type":"Feature","id":202157,"properties":{"OBJECTID":202157,"PRIMENAME":"Spring Valley Avenue","ELEVTYP_F":0,"ELEVTYP_T":0},"geometry":{"type":"LineString","coordinates":[[-74.0434271699775,40.9039539961911],[-74.0426855353164,40.9035197475432],[-74.0426449756444,40.9035046544376],[-74.0425948440893,40.9034925420479],[-74.0425346873126,40.9034861552859]]}},{"type":"Feature","id":202410,"properties":{"OBJECTID":202410,"PRIMENAME":"Lexington Avenue","ELEVTYP_F":0,"ELEVTYP_T":0},"geometry":{"type":"LineString","coordinates":[[-74.0531408374275,40.8765830006477],[-74.0530386967815,40.8765743700864],[-74.0516169034013,40.876454524522]]}},{"type":"Feature","id":202700,"properties":{"OBJECTID":202700,"PRIMENAME":"Arcadia Road","ELEVTYP_F":0,"ELEVTYP_T":0},"geometry":{"type":"LineString","coordinates":[[-74.062062024621,40.8855882808981],[-74.0618459604062,40.8858121889138],[-74.0617980311557,40.8858716503859],[-74.0617549777594,40.8859332229414],[-74.0617169610556,40.8859966765778],[-74.0616841230693,40.8860617742657],[-74.0615996057625,40.8862261955263],[-74.0615164769302,40.8863910240359]]}},{"type":"Feature","id":203019,"properties":{"OBJECTID":203019,"PRIMENAME":"River Walk Lane","ELEVTYP_F":0,"ELEVTYP_T":0},"geometry":{"type":"LineString","coordinates":[[-74.0310331525073,40.8948614418689],[-74.0306747384807,40.895060974917],[-74.0303630540221,40.8951663205363],[-74.0297196916431,40.8950721672286]]}},{"type":"Feature","id":203056,"properties":{"OBJECTID":203056,"PRIMENAME":"Essex Street","ELEVTYP_F":0,"ELEVTYP_T":0},"geometry":{"type":"LineString","coordinates":[[-74.0556612803558,40.8817985423898],[-74.0556056256451,40.881765235684],[-74.0545486729965,40.8811326932107],[-74.0543730468157,40.8810253739798]]}},{"type":"Feature","id":203128,"properties":{"OBJECTID":203128,"PRIMENAME":"East Lafayette Street","ELEVTYP_F":0,"ELEVTYP_T":0},"geometry":{"type":"LineString","coordinates":[[-74.0408283760882,40.8724470965992],[-74.0398468741104,40.8726682159249]]}},{"type":"Feature","id":203475,"properties":{"OBJECTID":203475,"PRIMENAME":"Hobart Street","ELEVTYP_F":0,"ELEVTYP_T":0},"geometry":{"type":"LineString","coordinates":[[-74.050361769059,40.8763487351217],[-74.0500658004775,40.8772951066228]]}},{"type":"Feature","id":203601,"properties":{"OBJECTID":203601,"PRIMENAME":"South Lake Drive","ELEVTYP_F":0,"ELEVTYP_T":0},"geometry":{"type":"LineString","coordinates":[[-74.0429811693003,40.9116568222864],[-74.0432051740844,40.911683347032]]}},{"type":"Feature","id":203720,"properties":{"OBJECTID":203720,"PRIMENAME":"Voorhis Place","ELEVTYP_F":0,"ELEVTYP_T":0},"geometry":{"type":"LineString","coordinates":[[-74.0413962138523,40.9034151792456],[-74.0415312812387,40.9034235935072],[-74.0423882642443,40.9034770379278],[-74.0425186668303,40.9034851587518],[-74.0425346873126,40.9034861552859]]}},{"type":"Feature","id":203786,"properties":{"OBJECTID":203786,"PRIMENAME":"Paulison Avenue","ELEVTYP_F":0,"ELEVTYP_T":0},"geometry":{"type":"LineString","coordinates":[[-74.0281011353089,40.8582221549336],[-74.0279892229503,40.8586828752318]]}},{"type":"Feature","id":203920,"properties":{"OBJECTID":203920,"PRIMENAME":"Catalpa Avenue","ELEVTYP_F":0,"ELEVTYP_T":0},"geometry":{"type":"LineString","coordinates":[[-74.0494283823782,40.9101268905444],[-74.0484096409753,40.9095160581143]]}},{"type":"Feature","id":204061,"properties":{"OBJECTID":204061,"PRIMENAME":"Coles Avenue","ELEVTYP_F":0,"ELEVTYP_T":0},"geometry":{"type":"LineString","coordinates":[[-74.0427398581158,40.9103555680327],[-74.0418657442148,40.9098409118399],[-74.0417478697329,40.9097720402893]]}},{"type":"Feature","id":204544,"properties":{"OBJECTID":204544,"PRIMENAME":"Beechwood Avenue","ELEVTYP_F":0,"ELEVTYP_T":0},"geometry":{"type":"LineString","coordinates":[[-74.0302778771812,40.8725699414916],[-74.0294051027963,40.8723276015964],[-74.028442741782,40.872057769132],[-74.0274115435189,40.8717718353213]]}},{"type":"Feature","id":204722,"properties":{"OBJECTID":204722,"PRIMENAME":"Passaic Street","ELEVTYP_F":0,"ELEVTYP_T":0},"geometry":{"type":"LineString","coordinates":[[-74.0505797952371,40.8959965159194],[-74.0515870731252,40.896600671132]]}},{"type":"Feature","id":204849,"properties":{"OBJECTID":204849,"PRIMENAME":"Esplanade","ELEVTYP_F":0,"ELEVTYP_T":0},"geometry":{"type":"LineString","coordinates":[[-74.0586346152692,40.8972438189072],[-74.0586213778362,40.8972748345245],[-74.0586076380716,40.8973057241027],[-74.0585933980582,40.897336482958],[-74.0585786599548,40.897367106426],[-74.0585634259954,40.8973975898628],[-74.0585476984895,40.8974279286461],[-74.0585314798215,40.8974581181751],[-74.0585147724499,40.8974881538719]]}},{"type":"Feature","id":204994,"properties":{"OBJECTID":204994,"PRIMENAME":"River Road","ELEVTYP_F":0,"ELEVTYP_T":0},"geometry":{"type":"LineString","coordinates":[[-74.0310243708253,40.8888158157351],[-74.0310517909457,40.8890253378363]]}},{"type":"Feature","id":205023,"properties":{"OBJECTID":205023,"PRIMENAME":"River Street","ELEVTYP_F":0,"ELEVTYP_T":0},"geometry":{"type":"LineString","coordinates":[[-74.0396827721438,40.8865493438423],[-74.0395831025686,40.8867562989432],[-74.0392157285399,40.8875963732118],[-74.0391176957854,40.8878171959381]]}},{"type":"Feature","id":205055,"properties":{"OBJECTID":205055,"PRIMENAME":"Kent Avenue","ELEVTYP_F":0,"ELEVTYP_T":0},"geometry":{"type":"LineString","coordinates":[[-74.026405611966,40.8888058635402],[-74.0265199340796,40.8888329311564],[-74.0283332087893,40.889262449274]]}},{"type":"Feature","id":205227,"properties":{"OBJECTID":205227,"PRIMENAME":"Golf Avenue","ELEVTYP_F":0,"ELEVTYP_T":0},"geometry":{"type":"LineString","coordinates":[[-74.0607835600609,40.8987785063969],[-74.0602674388028,40.8993033463543]]}},{"type":"Feature","id":205805,"properties":{"OBJECTID":205805,"PRIMENAME":"Green Street","ELEVTYP_F":0,"ELEVTYP_T":0},"geometry":{"type":"LineString","coordinates":[[-74.0574734064847,40.8711154206745],[-74.0568759600159,40.8719075135286]]}},{"type":"Feature","id":205890,"properties":{"OBJECTID":205890,"PRIMENAME":"Johnson Avenue","ELEVTYP_F":0,"ELEVTYP_T":0},"geometry":{"type":"LineString","coordinates":[[-74.0406301959507,40.9054777151096],[-74.0401165603134,40.9063914294284]]}},{"type":"Feature","id":206004,"properties":{"OBJECTID":206004,"PRIMENAME":"South River Street","ELEVTYP_F":0,"ELEVTYP_T":0},"geometry":{"type":"LineString","coordinates":[[-74.0366682426218,40.8645451172816],[-74.036823338962,40.8649161430971],[-74.0369722258262,40.8652859631089]]}},{"type":"Feature","id":206010,"properties":{"OBJECTID":206010,"PRIMENAME":"Allen Street","ELEVTYP_F":0,"ELEVTYP_T":0},"geometry":{"type":"LineString","coordinates":[[-74.0526886796304,40.9069665040361],[-74.052612001411,40.9070381508905],[-74.0518649119381,40.9077355083731]]}},{"type":"Feature","id":206358,"properties":{"OBJECTID":206358,"PRIMENAME":"South River Street","ELEVTYP_F":0,"ELEVTYP_T":0},"geometry":{"type":"LineString","coordinates":[[-74.0381692474328,40.868269081584],[-74.0384341068823,40.8689364492642],[-74.0384518755723,40.868981235471]]}},{"type":"Feature","id":206519,"properties":{"OBJECTID":206519,"PRIMENAME":"North Street","ELEVTYP_F":0,"ELEVTYP_T":0},"geometry":{"type":"LineString","coordinates":[[-74.0563979902406,40.8670789120354],[-74.0559997180031,40.8668713164999],[-74.0557062764013,40.8667113979754],[-74.0546787602973,40.8661514133577],[-74.0544085598885,40.8660045305519]]}},{"type":"Feature","id":206811,"properties":{"OBJECTID":206811,"PRIMENAME":"Herman Street","ELEVTYP_F":0,"ELEVTYP_T":0},"geometry":{"type":"LineString","coordinates":[[-74.0414523468331,40.9100640936826],[-74.0406564022639,40.9108506799286]]}},{"type":"Feature","id":206820,"properties":{"OBJECTID":206820,"PRIMENAME":"Central Avenue","ELEVTYP_F":0,"ELEVTYP_T":0},"geometry":{"type":"LineString","coordinates":[[-74.0437192711382,40.8858485440115],[-74.0451151070188,40.88626870678],[-74.045221919195,40.8862996797461]]}},{"type":"Feature","id":207114,"properties":{"OBJECTID":207114,"PRIMENAME":"Sutton Avenue","ELEVTYP_F":0,"ELEVTYP_T":0},"geometry":{"type":"LineString","coordinates":[[-74.0619945299816,40.8819079147577],[-74.0606290831686,40.8810955994222]]}},{"type":"Feature","id":207316,"properties":{"OBJECTID":207316,"PRIMENAME":"State Highway 17","ELEVTYP_F":0,"ELEVTYP_T":0},"geometry":{"type":"LineString","coordinates":[[-74.0642327052162,40.8675504649553],[-74.0642542246742,40.8674614455789],[-74.0642631838569,40.8674185212962]]}},{"type":"Feature","id":207436,"properties":{"OBJECTID":207436,"PRIMENAME":"South Summit Avenue","ELEVTYP_F":0,"ELEVTYP_T":0},"geometry":{"type":"LineString","coordinates":[[-74.0627895491701,40.8804944051253],[-74.0629696422698,40.880155182377]]}},{"type":"Feature","id":207664,"properties":{"OBJECTID":207664,"PRIMENAME":"West Passaic Street","ELEVTYP_F":0,"ELEVTYP_T":0},"geometry":{"type":"LineString","coordinates":[[-74.0679271266695,40.9063511348342],[-74.069532893991,40.9073034000128]]}},{"type":"Feature","id":207832,"properties":{"OBJECTID":207832,"PRIMENAME":"East Salem Street","ELEVTYP_F":0,"ELEVTYP_T":0},"geometry":{"type":"LineString","coordinates":[[-74.0410816952897,40.8855575742936],[-74.0402661756183,40.8853214190436]]}},{"type":"Feature","id":207987,"properties":{"OBJECTID":207987,"PRIMENAME":"West Shore Avenue","ELEVTYP_F":0,"ELEVTYP_T":0},"geometry":{"type":"LineString","coordinates":[[-74.0293278882362,40.874974068391],[-74.0295234618799,40.8744930744669],[-74.0297645666198,40.8738783943925]]}},{"type":"Feature","id":208074,"properties":{"OBJECTID":208074,"PRIMENAME":"South Summit Avenue","ELEVTYP_F":0,"ELEVTYP_T":0},"geometry":{"type":"LineString","coordinates":[[-74.0602938376547,40.8836129397002],[-74.0606470084671,40.8832635106229],[-74.0608660615947,40.883051886372]]}},{"type":"Feature","id":208085,"properties":{"OBJECTID":208085,"PRIMENAME":"Terhune Street","ELEVTYP_F":0,"ELEVTYP_T":0},"geometry":{"type":"LineString","coordinates":[[-74.0299758190576,40.8852648456905],[-74.0280521962675,40.8848084124708]]}},{"type":"Feature","id":208235,"properties":{"OBJECTID":208235,"PRIMENAME":"Boulevard","ELEVTYP_F":0,"ELEVTYP_T":0},"geometry":{"type":"LineString","coordinates":[[-74.0680688317484,40.8723622980445],[-74.0682880355456,40.8721062094458]]}},{"type":"Feature","id":208244,"properties":{"OBJECTID":208244,"PRIMENAME":"Fairmount Avenue","ELEVTYP_F":0,"ELEVTYP_T":0},"geometry":{"type":"LineString","coordinates":[[-74.0408983096361,40.8999546709626],[-74.0418689057407,40.9005124845302],[-74.0430594649184,40.9012187291237]]}},{"type":"Feature","id":208456,"properties":{"OBJECTID":208456,"PRIMENAME":"Fourth Street","ELEVTYP_F":0,"ELEVTYP_T":0},"geometry":{"type":"LineString","coordinates":[[-74.029313276697,40.863066008826],[-74.0289845929809,40.8637226574942],[-74.0288462335052,40.8640054254903],[-74.0283163476925,40.8650883367027]]}},{"type":"Feature","id":208973,"properties":{"OBJECTID":208973,"PRIMENAME":"Parker Avenue","ELEVTYP_F":0,"ELEVTYP_T":0},"geometry":{"type":"LineString","coordinates":[[-74.0551572371385,40.8796960629673],[-74.0552838111273,40.8797723933582],[-74.055617608112,40.8799736763799],[-74.0559638712527,40.8801824721379],[-74.056427045756,40.8804529560916]]}},{"type":"Feature","id":209122,"properties":{"OBJECTID":209122,"PRIMENAME":"Main Street","ELEVTYP_F":0,"ELEVTYP_T":0},"geometry":{"type":"LineString","coordinates":[[-74.0393543422661,40.8930343654122],[-74.0393365201627,40.8932205925867],[-74.0393275935136,40.8933168591587],[-74.039323047047,40.8934133020727],[-74.0393228861904,40.8935098065971],[-74.0393271111545,40.8936062579267],[-74.039335716932,40.8937025413189],[-74.0393486933043,40.8937985422305],[-74.0393660248527,40.8938941464538],[-74.0393876909776,40.8939892402527],[-74.0393986803681,40.8940424814875]]}},{"type":"Feature","id":209198,"properties":{"OBJECTID":209198,"PRIMENAME":"Main Street","ELEVTYP_F":0,"ELEVTYP_T":0},"geometry":{"type":"LineString","coordinates":[[-74.0437768197175,40.8813712038748],[-74.0436340570083,40.8819577258104],[-74.0436043627439,40.8820692194669],[-74.0435698351794,40.882179908369],[-74.0435305119286,40.8822896718578],[-74.0434864358331,40.8823983902824],[-74.04348595305,40.8823995771214]]}},{"type":"Feature","id":209605,"properties":{"OBJECTID":209605,"PRIMENAME":"Beverly Road","ELEVTYP_F":0,"ELEVTYP_T":0},"geometry":{"type":"LineString","coordinates":[[-74.0259343526693,40.8912888599199],[-74.0264777887688,40.8914418714891],[-74.0264881457193,40.8914451524474],[-74.0265713436436,40.8914734552508],[-74.0266523028113,40.8915052780365],[-74.0267307648693,40.8915405192543],[-74.0268064794316,40.8915790664454],[-74.0272005625087,40.8917986854168],[-74.0273008881757,40.8918469308173],[-74.0274050663374,40.8918902197472],[-74.0275126723588,40.8919283757557],[-74.0276232676299,40.8919612433143],[-74.0281968116242,40.8921137108742],[-74.02903825208,40.8923423167306],[-74.0291190712019,40.8923561516171]]}},{"type":"Feature","id":209749,"properties":{"OBJECTID":209749,"PRIMENAME":"Prospect Avenue","ELEVTYP_F":0,"ELEVTYP_T":0},"geometry":{"type":"LineString","coordinates":[[-74.0535279548869,40.892751626465],[-74.0530101277861,40.8937648888539],[-74.0527294202007,40.894317322946],[-74.0525805582884,40.8946102815572],[-74.0522817315068,40.8952057056526]]}},{"type":"Feature","id":210387,"properties":{"OBJECTID":210387,"PRIMENAME":"Commerce Way","ELEVTYP_F":0,"ELEVTYP_T":0},"geometry":{"type":"LineString","coordinates":[[-74.0331288825512,40.9105298458599],[-74.0331113334102,40.9105478546135],[-74.0330928711935,40.9105653300534],[-74.0330735240319,40.9105822455517],[-74.0330533214049,40.9105985753336],[-74.033037161118,40.9106085938497],[-74.0330205225719,40.9106181511844],[-74.0330034286214,40.9106272342094],[-74.0329859027469,40.9106358304483],[-74.0329679690222,40.9106439280931],[-74.0329496520814,40.9106515160205],[-74.0329309770848,40.9106585838076],[-74.0329119696849,40.910665121746],[-74.0328926559905,40.9106711208551],[-74.0328730625314,40.9106765728942],[-74.0328532162215,40.9106814703743],[-74.0328331443222,40.9106858065681],[-74.0328128744048,40.9106895755194],[-74.0327924343124,40.910692772051],[-74.0327718521222,40.910695391772],[-74.0327511561064,40.910697431084]]}},{"type":"Feature","id":210596,"properties":{"OBJECTID":210596,"PRIMENAME":"Allen Street","ELEVTYP_F":0,"ELEVTYP_T":0},"geometry":{"type":"LineString","coordinates":[[-74.0503108423238,40.9092638447306],[-74.0494963482531,40.9100603720516],[-74.0494283823782,40.9101268905444]]}},{"type":"Feature","id":210803,"properties":{"OBJECTID":210803,"PRIMENAME":"South Lake Drive","ELEVTYP_F":0,"ELEVTYP_T":0},"geometry":{"type":"LineString","coordinates":[[-74.0419492945591,40.9111139275307],[-74.0419912462064,40.9111405639977],[-74.0420299386788,40.9111699028767],[-74.0420650705812,40.9112017156359],[-74.0420963682515,40.9112357544729],[-74.0421855532845,40.9113513645553],[-74.0422785930054,40.9114652129129],[-74.0422994618138,40.9114897243409],[-74.0423234663749,40.9115125240719],[-74.0423503645477,40.9115333821154],[-74.0423798850014,40.9115520880675],[-74.0424117299524,40.9115684532328],[-74.0424455781681,40.9115823125289],[-74.0424810882075,40.9115935261507],[-74.0425179018653,40.9116019809812],[-74.0429811693003,40.9116568222864]]}},{"type":"Feature","id":210832,"properties":{"OBJECTID":210832,"PRIMENAME":"East Wesley Street","ELEVTYP_F":0,"ELEVTYP_T":0},"geometry":{"type":"LineString","coordinates":[[-74.0460923827262,40.8685390951867],[-74.0451724183867,40.8683437642311]]}},{"type":"Feature","id":210923,"properties":{"OBJECTID":210923,"PRIMENAME":"East Salem Street","ELEVTYP_F":0,"ELEVTYP_T":0},"geometry":{"type":"LineString","coordinates":[[-74.0395695825769,40.8851167222751],[-74.03964250656,40.8851416596693],[-74.0397160720801,40.8851654870892],[-74.039790249808,40.8851881950348],[-74.0398650101701,40.8852097744528],[-74.0402661756183,40.8853214190436]]}},{"type":"Feature","id":211137,"properties":{"OBJECTID":211137,"PRIMENAME":"East Kansas Street","ELEVTYP_F":0,"ELEVTYP_T":0},"geometry":{"type":"LineString","coordinates":[[-74.0431808715931,40.8759583780446],[-74.0431090368885,40.8759657837015],[-74.0430374476322,40.8759744512572],[-74.0429661422929,40.8759843760541],[-74.0428951591872,40.8759955527591],[-74.0428245364582,40.8760079753662],[-74.0427543120558,40.8760216372002],[-74.0426845237155,40.8760365309197],[-74.042615208939,40.8760526485215],[-74.0424252384028,40.8760953475065]]}},{"type":"Feature","id":211167,"properties":{"OBJECTID":211167,"PRIMENAME":"Byrne Street","ELEVTYP_F":0,"ELEVTYP_T":0},"geometry":{"type":"LineString","coordinates":[[-74.0555284042667,40.9012681441174],[-74.0554747710397,40.9013194398375],[-74.0548450146273,40.9019217385712]]}},{"type":"Feature","id":211498,"properties":{"OBJECTID":211498,"PRIMENAME":"Spring Valley Road","ELEVTYP_F":0,"ELEVTYP_T":0},"geometry":{"type":"LineString","coordinates":[[-74.0657644726291,40.9095929773777],[-74.0655546519517,40.9101298077581]]}},{"type":"Feature","id":211624,"properties":{"OBJECTID":211624,"PRIMENAME":"Linden Avenue","ELEVTYP_F":0,"ELEVTYP_T":0},"geometry":{"type":"LineString","coordinates":[[-74.0241811460132,40.8874018424465],[-74.024341321861,40.8870154673673],[-74.0248159110271,40.8858558226482],[-74.0248336232986,40.8858016553583]]}},{"type":"Feature","id":211685,"properties":{"OBJECTID":211685,"PRIMENAME":"Union Street","ELEVTYP_F":0,"ELEVTYP_T":0},"geometry":{"type":"LineString","coordinates":[[-74.0433859992426,40.8895550000899],[-74.0428608833621,40.8904996472],[-74.0425415441057,40.8910487948297],[-74.0424453737109,40.8911313933611]]}},{"type":"Feature","id":211922,"properties":{"OBJECTID":211922,"PRIMENAME":"Polifly Road","ELEVTYP_F":0,"ELEVTYP_T":0},"geometry":{"type":"LineString","coordinates":[[-74.0591139830287,40.8759606516743],[-74.0588843726819,40.8762291619959],[-74.0588298554201,40.8762882287102],[-74.0587738122926,40.876346466885],[-74.0587162651458,40.8764038538145],[-74.0586572364122,40.8764603671246],[-74.058580259604,40.8765307654457]]}},{"type":"Feature","id":212071,"properties":{"OBJECTID":212071,"PRIMENAME":"Maple Avenue","ELEVTYP_F":0,"ELEVTYP_T":0},"geometry":{"type":"LineString","coordinates":[[-74.0259821670288,40.89203946594],[-74.0241837807306,40.8914824702255],[-74.0240256884832,40.8914350163685],[-74.0235331506973,40.8912871719588]]}},{"type":"Feature","id":212098,"properties":{"OBJECTID":212098,"PRIMENAME":"Campbell Avenue","ELEVTYP_F":0,"ELEVTYP_T":0},"geometry":{"type":"LineString","coordinates":[[-74.0459429190573,40.8755709110607],[-74.04489046692,40.8754917169749],[-74.04436341007,40.8754467600665],[-74.044279560656,40.8754396214063]]}},{"type":"Feature","id":212339,"properties":{"OBJECTID":212339,"PRIMENAME":"Maywood Avenue","ELEVTYP_F":0,"ELEVTYP_T":0},"geometry":{"type":"LineString","coordinates":[[-74.0592017180715,40.9085519081499],[-74.0589486368396,40.9091283904362],[-74.0586519546268,40.9098242191116],[-74.0586159006716,40.9099083775267]]}},{"type":"Feature","id":212471,"properties":{"OBJECTID":212471,"PRIMENAME":"Ruta Court","ELEVTYP_F":0,"ELEVTYP_T":0},"geometry":{"type":"LineString","coordinates":[[-74.0506157245426,40.8590675274003],[-74.0505728200604,40.8590578898341],[-74.0504449440542,40.8590291613184],[-74.0495528399205,40.8588287431907],[-74.0495111273586,40.8588164850732],[-74.0494723911729,40.8587995060186],[-74.0494375514954,40.8587782093452],[-74.0494074358986,40.858753100931],[-74.0488552197883,40.8582684629416]]}},{"type":"Feature","id":212515,"properties":{"OBJECTID":212515,"PRIMENAME":"East Kansas Street","ELEVTYP_F":0,"ELEVTYP_T":0},"geometry":{"type":"LineString","coordinates":[[-74.0417097149793,40.8762521254031],[-74.0416248228211,40.8762703163777],[-74.0415868520472,40.8762785761473],[-74.0415485327137,40.8762858496269],[-74.0415099092736,40.8762921283789],[-74.0414710265329,40.8762974051193],[-74.0414319295985,40.8763016737268],[-74.0413926638256,40.8763049292495],[-74.0413532747654,40.8763071679108],[-74.0413138081122,40.8763083871136],[-74.0412447842739,40.8763085180917],[-74.0411757706956,40.8763076053681],[-74.041106794768,40.8763056493051],[-74.0410378838667,40.8763026506789]]}},{"type":"Feature","id":212624,"properties":{"OBJECTID":212624,"PRIMENAME":"Grove Street","ELEVTYP_F":0,"ELEVTYP_T":0},"geometry":{"type":"LineString","coordinates":[[-74.0461529163295,40.8749886576774],[-74.0459429190573,40.8755709110607]]}},{"type":"Feature","id":212846,"properties":{"OBJECTID":212846,"PRIMENAME":"Clinton Place","ELEVTYP_F":0,"ELEVTYP_T":0},"geometry":{"type":"LineString","coordinates":[[-74.042892935753,40.8958332589728],[-74.0430989605183,40.8959575699624]]}},{"type":"Feature","id":212950,"properties":{"OBJECTID":212950,"PRIMENAME":"Lincoln Street","ELEVTYP_F":0,"ELEVTYP_T":0},"geometry":{"type":"LineString","coordinates":[[-74.0447087702733,40.9115110930764],[-74.0443820412066,40.9118273900343]]}},{"type":"Feature","id":213330,"properties":{"OBJECTID":213330,"PRIMENAME":"Main Street","ELEVTYP_F":0,"ELEVTYP_T":0},"geometry":{"type":"LineString","coordinates":[[-74.0339546046534,40.912733653771],[-74.034408676695,40.9127290371621],[-74.0351622345518,40.912721371154]]}},{"type":"Feature","id":213461,"properties":{"OBJECTID":213461,"PRIMENAME":"Charlton Avenue","ELEVTYP_F":0,"ELEVTYP_T":0},"geometry":{"type":"LineString","coordinates":[[-74.0653812287909,40.8701417169144],[-74.0664746692328,40.8707799962794]]}},{"type":"Feature","id":213669,"properties":{"OBJECTID":213669,"PRIMENAME":"Lawrence Street","ELEVTYP_F":0,"ELEVTYP_T":0},"geometry":{"type":"LineString","coordinates":[[-74.0679271266695,40.9063511348342],[-74.0679988078223,40.906283000068],[-74.0689936560038,40.9053364832374],[-74.069006415336,40.9053243435759]]}},{"type":"Feature","id":213733,"properties":{"OBJECTID":213733,"PRIMENAME":"River Road","ELEVTYP_F":0,"ELEVTYP_T":0},"geometry":{"type":"LineString","coordinates":[[-74.0295096284356,40.8953144236304],[-74.0294056995051,40.8954342791803],[-74.0293436074497,40.8955131089911],[-74.0292277643304,40.8956637193461],[-74.0291146398959,40.8958155150667],[-74.0290042552243,40.8959684678945],[-74.028896630884,40.8961225493551]]}},{"type":"Feature","id":213756,"properties":{"OBJECTID":213756,"PRIMENAME":"East Magnolia Avenue","ELEVTYP_F":0,"ELEVTYP_T":0},"geometry":{"type":"LineString","coordinates":[[-74.0647764713382,40.8979583065388],[-74.0637889826934,40.8973966976611],[-74.0637434050968,40.8973707762798]]}},{"type":"Feature","id":213836,"properties":{"OBJECTID":213836,"PRIMENAME":"Interstate 80","ELEVTYP_F":0,"ELEVTYP_T":0},"geometry":{"type":"LineString","coordinates":[[-74.0579423184506,40.8710127534769],[-74.0582837003827,40.8713265924466],[-74.0586205748129,40.8716531309949],[-74.0588404387629,40.8718648387812],[-74.0591166524011,40.8721459883546]]}},{"type":"Feature","id":213954,"properties":{"OBJECTID":213954,"PRIMENAME":"South Summit Avenue","ELEVTYP_F":0,"ELEVTYP_T":1},"geometry":{"type":"LineString","coordinates":[[-74.063812492351,40.8785887893225],[-74.063858348927,40.8784950576923]]}},{"type":"Feature","id":214058,"properties":{"OBJECTID":214058,"PRIMENAME":"Terrace Avenue","ELEVTYP_F":0,"ELEVTYP_T":0},"geometry":{"type":"LineString","coordinates":[[-74.0644845254826,40.869618304826],[-74.0643388928252,40.8697920035407],[-74.0642205479214,40.8699233414661]]}},{"type":"Feature","id":214590,"properties":{"OBJECTID":214590,"PRIMENAME":"Catalpa Avenue","ELEVTYP_F":0,"ELEVTYP_T":0},"geometry":{"type":"LineString","coordinates":[[-74.0279721068054,40.8900479168486],[-74.0279341575769,40.8900807564819],[-74.0278915633675,40.890110133112],[-74.0278448693284,40.8901356707516],[-74.0277946730866,40.890157042548],[-74.027754489147,40.8901809491583],[-74.0277166323561,40.8902069513943],[-74.0276812920816,40.890234919189],[-74.0276486451041,40.8902647126434],[-74.0276188547322,40.8902961827261],[-74.0275920699864,40.8903291720188],[-74.0275684248529,40.8903635155034],[-74.0275480376137,40.890399041388],[-74.0272588505917,40.8908919711361]]}},{"type":"Feature","id":214619,"properties":{"OBJECTID":214619,"PRIMENAME":"River Road","ELEVTYP_F":0,"ELEVTYP_T":0},"geometry":{"type":"LineString","coordinates":[[-74.0304937475178,40.8941740966791],[-74.0302376216982,40.8944725144391]]}},{"type":"Feature","id":214700,"properties":{"OBJECTID":214700,"PRIMENAME":"Demarest Place","ELEVTYP_F":0,"ELEVTYP_T":0},"geometry":{"type":"LineString","coordinates":[[-74.0652366043654,40.8893519047747],[-74.0652536287939,40.8893628243497],[-74.0652713586067,40.8893730770911],[-74.0652897484984,40.8893826367996],[-74.0653087514767,40.889391479047],[-74.0653283189825,40.8893995812381],[-74.0653484010144,40.889406922669],[-74.0653689462558,40.8894134845799],[-74.0653899022066,40.8894192502027],[-74.0654112153171,40.8894242048042],[-74.065432831125,40.8894283357237],[-74.0654546943941,40.8894316324053],[-74.0654767492562,40.8894340864247],[-74.0654989393535,40.8894356915111],[-74.0655212079822,40.8894364435629],[-74.0655434982383,40.8894363406583],[-74.0655657531622,40.8894353830603],[-74.0656636259354,40.8894357516758]]}},{"type":"Feature","id":214943,"properties":{"OBJECTID":214943,"PRIMENAME":"Halley Drive","ELEVTYP_F":0,"ELEVTYP_T":0},"geometry":{"type":"LineString","coordinates":[[-74.0541080574126,40.8868183623967],[-74.0540124465031,40.8867614749049],[-74.0532807065316,40.8863261778976],[-74.0532566203074,40.8863112043736],[-74.0532359157995,40.8862935565105],[-74.0532191024628,40.8862736685533],[-74.053206594004,40.8862520298673]]}},{"type":"Feature","id":215001,"properties":{"OBJECTID":215001,"PRIMENAME":"Demarest Street","ELEVTYP_F":0,"ELEVTYP_T":0},"geometry":{"type":"LineString","coordinates":[[-74.04348595305,40.8823995771214],[-74.0426120659224,40.8822100566918]]}},{"type":"Feature","id":215026,"properties":{"OBJECTID":215026,"PRIMENAME":"Mendez Avenue","ELEVTYP_F":0,"ELEVTYP_T":0},"geometry":{"type":"LineString","coordinates":[[-74.0602647741522,40.9088163223404],[-74.0592017180715,40.9085519081499]]}},{"type":"Feature","id":215129,"properties":{"OBJECTID":215129,"PRIMENAME":"East Hunter Avenue","ELEVTYP_F":0,"ELEVTYP_T":0},"geometry":{"type":"LineString","coordinates":[[-74.0657138339963,40.8954819039355],[-74.0656019646915,40.8954185690627],[-74.0639582937554,40.8944880925643]]}},{"type":"Feature","id":215324,"properties":{"OBJECTID":215324,"PRIMENAME":"Willow Avenue","ELEVTYP_F":0,"ELEVTYP_T":0},"geometry":{"type":"LineString","coordinates":[[-74.0464814203315,40.9097806778259],[-74.0475105918948,40.9103932432178]]}},{"type":"Feature","id":215399,"properties":{"OBJECTID":215399,"PRIMENAME":"Williams Avenue","ELEVTYP_F":0,"ELEVTYP_T":0},"geometry":{"type":"LineString","coordinates":[[-74.0662090840871,40.8664672934136],[-74.0656059625576,40.8661082624851],[-74.0655235208504,40.8660587078634]]}},{"type":"Feature","id":215669,"properties":{"OBJECTID":215669,"PRIMENAME":"Terrace Avenue","ELEVTYP_F":0,"ELEVTYP_T":1},"geometry":{"type":"LineString","coordinates":[[-74.0638757221034,40.870331885971],[-74.0635091829156,40.8707698553305]]}},{"type":"Feature","id":215737,"properties":{"OBJECTID":215737,"PRIMENAME":"Shafer Place","ELEVTYP_F":0,"ELEVTYP_T":0},"geometry":{"type":"LineString","coordinates":[[-74.0387600386471,40.86487284746],[-74.0386401661998,40.8649005307191],[-74.0376381583493,40.8651320818348],[-74.0369722258262,40.8652859631089]]}},{"type":"Feature","id":216225,"properties":{"OBJECTID":216225,"PRIMENAME":"Collins Avenue","ELEVTYP_F":0,"ELEVTYP_T":0},"geometry":{"type":"LineString","coordinates":[[-74.0654577044264,40.8723214624208],[-74.0648693724544,40.8728940080712]]}},{"type":"Feature","id":216355,"properties":{"OBJECTID":216355,"PRIMENAME":"West Lookout Avenue","ELEVTYP_F":0,"ELEVTYP_T":0},"geometry":{"type":"LineString","coordinates":[[-74.0531834265741,40.9009376521602],[-74.0532784274423,40.9009939191743],[-74.0548450146273,40.9019217385712]]}},{"type":"Feature","id":216784,"properties":{"OBJECTID":216784,"PRIMENAME":"Ricardo Place","ELEVTYP_F":0,"ELEVTYP_T":0},"geometry":{"type":"LineString","coordinates":[[-74.0489736738811,40.8846862252259],[-74.048894797457,40.8846694471706],[-74.0477810176491,40.8844336604091]]}},{"type":"Feature","id":216825,"properties":{"OBJECTID":216825,"PRIMENAME":"East Salem Street","ELEVTYP_F":0,"ELEVTYP_T":0},"geometry":{"type":"LineString","coordinates":[[-74.0419004337995,40.8857946425309],[-74.0410816952897,40.8855575742936]]}},{"type":"Feature","id":217537,"properties":{"OBJECTID":217537,"PRIMENAME":"Anderson Street","ELEVTYP_F":0,"ELEVTYP_T":0},"geometry":{"type":"LineString","coordinates":[[-74.0445661075746,40.8945022467336],[-74.0446178313696,40.8944131030954],[-74.0446179547101,40.8943951156723],[-74.0446180762412,40.8943773921079],[-74.0445746800863,40.8943386549044],[-74.0440453079152,40.8940406651483],[-74.043950176772,40.8939871141821],[-74.0424107702621,40.8930774128285]]}},{"type":"Feature","id":217675,"properties":{"OBJECTID":217675,"PRIMENAME":"Essex Street","ELEVTYP_F":0,"ELEVTYP_T":0},"geometry":{"type":"LineString","coordinates":[[-74.0535687220596,40.8805345427039],[-74.0529400436154,40.8801543218426],[-74.0528244954147,40.8800843725382]]}},{"type":"Feature","id":217801,"properties":{"OBJECTID":217801,"PRIMENAME":"Huyler Street","ELEVTYP_F":1,"ELEVTYP_T":1},"geometry":{"type":"LineString","coordinates":[[-74.0491648391785,40.8673648071573],[-74.0491585132961,40.867519158231]]}},{"type":"Feature","id":217874,"properties":{"OBJECTID":217874,"PRIMENAME":"Palmer Avenue","ELEVTYP_F":0,"ELEVTYP_T":0},"geometry":{"type":"LineString","coordinates":[[-74.0602605710658,40.9110398603157],[-74.0605176860368,40.9104602612476],[-74.0608191386678,40.9097573090235],[-74.0610967945566,40.9090900042464],[-74.0611224742728,40.9090312510025]]}},{"type":"Feature","id":217900,"properties":{"OBJECTID":217900,"PRIMENAME":"Palisade Avenue","ELEVTYP_F":0,"ELEVTYP_T":0},"geometry":{"type":"LineString","coordinates":[[-74.0248665990447,40.8777822130096],[-74.0247518562543,40.8780290588941],[-74.0246808803821,40.8781483087778]]}},{"type":"Feature","id":217921,"properties":{"OBJECTID":217921,"PRIMENAME":"East Fairmount Avenue","ELEVTYP_F":0,"ELEVTYP_T":0},"geometry":{"type":"LineString","coordinates":[[-74.0570040614653,40.9098184771667],[-74.0581476938201,40.9104976769882],[-74.0582418068091,40.9105295397585],[-74.0583374247424,40.9105587100361]]}},{"type":"Feature","id":217984,"properties":{"OBJECTID":217984,"PRIMENAME":"New Street","ELEVTYP_F":0,"ELEVTYP_T":0},"geometry":{"type":"LineString","coordinates":[[-74.044279560656,40.8754396214063],[-74.0443876165874,40.8746641079131],[-74.0443942351749,40.8746165921021]]}},{"type":"Feature","id":218444,"properties":{"OBJECTID":218444,"PRIMENAME":"Jefferson Street","ELEVTYP_F":0,"ELEVTYP_T":0},"geometry":{"type":"LineString","coordinates":[[-74.039091652239,40.9082161449572],[-74.0410154040352,40.9088361270646]]}},{"type":"Feature","id":218581,"properties":{"OBJECTID":218581,"PRIMENAME":"Lakeview Street","ELEVTYP_F":0,"ELEVTYP_T":0},"geometry":{"type":"LineString","coordinates":[[-74.0404300128719,40.9143930885153],[-74.0404422241568,40.9143576795144],[-74.0404521918358,40.914321868438],[-74.0404598931555,40.9142857370457],[-74.0404653105369,40.9142493678285],[-74.0404898921162,40.9134845931936],[-74.040504080696,40.9131077171899]]}},{"type":"Feature","id":218599,"properties":{"OBJECTID":218599,"PRIMENAME":"Linden Avenue","ELEVTYP_F":0,"ELEVTYP_T":0},"geometry":{"type":"LineString","coordinates":[[-74.0261522905635,40.882607447045],[-74.0263189034482,40.882195516485],[-74.0263927335446,40.8820129755855],[-74.0263933152857,40.8820115983044],[-74.0264439474258,40.8818915272586]]}},{"type":"Feature","id":218667,"properties":{"OBJECTID":218667,"PRIMENAME":"Oxford Terrace","ELEVTYP_F":0,"ELEVTYP_T":0},"geometry":{"type":"LineString","coordinates":[[-74.0367260108972,40.9146892432951],[-74.0367410838035,40.9145686751524],[-74.0367616456965,40.91444857471],[-74.0367876719339,40.9143290857291],[-74.0368191313328,40.9142103512383],[-74.0368282833227,40.9141831861712],[-74.0368354175178,40.914155675225],[-74.0368405115722,40.9141279045803],[-74.0368435495308,40.9140999612313],[-74.0368445218795,40.9140719327129],[-74.036843425575,40.9140439068269],[-74.0368402640542,40.9140159713666],[-74.0368350472234,40.9139882138421],[-74.0368167521516,40.9137852489831],[-74.0368022403003,40.9135821082386]]}},{"type":"Feature","id":218764,"properties":{"OBJECTID":218764,"PRIMENAME":"South Summit Avenue","ELEVTYP_F":1,"ELEVTYP_T":1},"geometry":{"type":"LineString","coordinates":[[-74.0639653543765,40.8782976621707],[-74.0640432546198,40.8781539574372]]}},{"type":"Feature","id":218898,"properties":{"OBJECTID":218898,"PRIMENAME":"Central Avenue","ELEVTYP_F":0,"ELEVTYP_T":0},"geometry":{"type":"LineString","coordinates":[[-74.0526410353237,40.8896274201213],[-74.053720935972,40.8902374377496],[-74.054434105583,40.8906440849986],[-74.0545640780189,40.8907181237386]]}},{"type":"Feature","id":219035,"properties":{"OBJECTID":219035,"PRIMENAME":"Gregg Street","ELEVTYP_F":0,"ELEVTYP_T":0},"geometry":{"type":"LineString","coordinates":[[-74.068836210856,40.8856030741987],[-74.0686045928205,40.8857417763469],[-74.0685790699895,40.8857570616827],[-74.0684823868973,40.8858149640471]]}},{"type":"Feature","id":219227,"properties":{"OBJECTID":219227,"PRIMENAME":"South Summit Avenue","ELEVTYP_F":0,"ELEVTYP_T":0},"geometry":{"type":"LineString","coordinates":[[-74.0597254821363,40.8841945378418],[-74.0597747752695,40.8841339094238],[-74.059827832195,40.8840751394236],[-74.0602938376547,40.8836129397002]]}},{"type":"Feature","id":219587,"properties":{"OBJECTID":219587,"PRIMENAME":"Spring Valley Road","ELEVTYP_F":0,"ELEVTYP_T":0},"geometry":{"type":"LineString","coordinates":[[-74.0645046904291,40.91325637881],[-74.0643709239184,40.913702418055],[-74.0643280817751,40.9138457880326]]}},{"type":"Feature","id":219593,"properties":{"OBJECTID":219593,"PRIMENAME":"Palmer Avenue","ELEVTYP_F":0,"ELEVTYP_T":0},"geometry":{"type":"LineString","coordinates":[[-74.0618637374049,40.9073346856288],[-74.0621539520825,40.906663637937],[-74.0621761008975,40.9066216205534],[-74.0622043123366,40.9065817492769],[-74.0622382314798,40.9065445257012],[-74.0622774316051,40.9065104181103],[-74.0624433716126,40.9063538182327],[-74.0624987416991,40.9063022863534]]}},{"type":"Feature","id":219762,"properties":{"OBJECTID":219762,"PRIMENAME":"Linwood Avenue","ELEVTYP_F":0,"ELEVTYP_T":0},"geometry":{"type":"LineString","coordinates":[[-74.0293854249102,40.8737737482225],[-74.0297645666198,40.8738783943925]]}},{"type":"Feature","id":219806,"properties":{"OBJECTID":219806,"PRIMENAME":"Passaic Street","ELEVTYP_F":0,"ELEVTYP_T":0},"geometry":{"type":"LineString","coordinates":[[-74.0491630057851,40.8951535354641],[-74.0503000694716,40.8958296322359]]}},{"type":"Feature","id":219859,"properties":{"OBJECTID":219859,"PRIMENAME":"Calicooneck Road","ELEVTYP_F":0,"ELEVTYP_T":0},"geometry":{"type":"LineString","coordinates":[[-74.0450497331992,40.8607402754543],[-74.044921708668,40.8607298335454],[-74.0438616224711,40.8606435179744]]}},{"type":"Feature","id":220077,"properties":{"OBJECTID":220077,"PRIMENAME":"Sunset Road","ELEVTYP_F":0,"ELEVTYP_T":0},"geometry":{"type":"LineString","coordinates":[[-74.0311645540524,40.8931423713373],[-74.0306586847431,40.8929779786799],[-74.0305054676334,40.8929315300385],[-74.0303490444041,40.8928917080605],[-74.0301899123053,40.8928586393337],[-74.0300285771956,40.892832428978],[-74.0298497717782,40.8928246582818],[-74.0296706766918,40.892823833027],[-74.0296401159479,40.8928209027233],[-74.029611192681,40.892812860562],[-74.0295853718389,40.8928001138745],[-74.0295639612311,40.8927833082737],[-74.0295480452891,40.8927632949537],[-74.0295384301404,40.8927410875769],[-74.0295356027794,40.8927178109324],[-74.0295397064029,40.8926946439656],[-74.0295461133391,40.8926229186841],[-74.0295559987072,40.8925514212605],[-74.0295693490696,40.8924802488035],[-74.0295861462826,40.8924094979798]]}},{"type":"Feature","id":220232,"properties":{"OBJECTID":220232,"PRIMENAME":"West Passaic Street","ELEVTYP_F":0,"ELEVTYP_T":0},"geometry":{"type":"LineString","coordinates":[[-74.0639147812626,40.9039560431253],[-74.0641543933038,40.9040990535848]]}},{"type":"Feature","id":220410,"properties":{"OBJECTID":220410,"PRIMENAME":"Stone Street","ELEVTYP_F":0,"ELEVTYP_T":0},"geometry":{"type":"LineString","coordinates":[[-74.0666673828683,40.9039232689572],[-74.0659775890729,40.9035104721242]]}},{"type":"Feature","id":220438,"properties":{"OBJECTID":220438,"PRIMENAME":"Ottawa Avenue","ELEVTYP_F":0,"ELEVTYP_T":0},"geometry":{"type":"LineString","coordinates":[[-74.0679921467584,40.8634571787007],[-74.0686057389302,40.8638112671084],[-74.0687133761994,40.8638726626078]]}},{"type":"Feature","id":220515,"properties":{"OBJECTID":220515,"PRIMENAME":"River Road","ELEVTYP_F":0,"ELEVTYP_T":0},"geometry":{"type":"LineString","coordinates":[[-74.0254139139927,40.9007645766555],[-74.0253586283122,40.9008270783177],[-74.0253048976851,40.9008903559477],[-74.0252527410276,40.9009543872733],[-74.0252021767023,40.9010191497571],[-74.0251532225112,40.9010846206041],[-74.0251058956898,40.9011507767701],[-74.0250602129012,40.9012175949695],[-74.0250161902295,40.9012850516835],[-74.024940502551,40.9014054758986],[-74.0248690243625,40.9015273719323]]}},{"type":"Feature","id":220943,"properties":{"OBJECTID":220943,"PRIMENAME":"Catalpa Avenue","ELEVTYP_F":0,"ELEVTYP_T":0},"geometry":{"type":"LineString","coordinates":[[-74.0283332087893,40.889262449274],[-74.0280505326487,40.8899400320123],[-74.0280352721723,40.8899687091785],[-74.0280170331309,40.8899963663034],[-74.0279959327883,40.8900228255665],[-74.0279721068054,40.8900479168486]]}},{"type":"Feature","id":220999,"properties":{"OBJECTID":220999,"PRIMENAME":"Interstate 80","ELEVTYP_F":0,"ELEVTYP_T":0},"geometry":{"type":"LineString","coordinates":[[-74.0341979490628,40.8672814570282],[-74.034240224658,40.8672806947485],[-74.0351278099618,40.8672647311114],[-74.0356198626915,40.8672544896797]]}},{"type":"Feature","id":221021,"properties":{"OBJECTID":221021,"PRIMENAME":"Stelling Avenue","ELEVTYP_F":0,"ELEVTYP_T":0},"geometry":{"type":"LineString","coordinates":[[-74.056930638469,40.910784929826],[-74.0577514927269,40.9112753324943],[-74.0577779947379,40.91129126728],[-74.0578058401178,40.9113058240436],[-74.0578349045816,40.911318937812],[-74.0578650584026,40.9113305500528],[-74.0578961669919,40.9113406089356],[-74.0579280914988,40.9113490695632],[-74.0579606894305,40.9113558941721],[-74.0579938152883,40.9113610523011]]}},{"type":"Feature","id":221086,"properties":{"OBJECTID":221086,"PRIMENAME":"South Street","ELEVTYP_F":0,"ELEVTYP_T":0},"geometry":{"type":"LineString","coordinates":[[-74.03002432201,40.8800191134191],[-74.0298499706783,40.8799777773292],[-74.0286841666336,40.8797042628277]]}},{"type":"Feature","id":221312,"properties":{"OBJECTID":221312,"PRIMENAME":"Huyler Street","ELEVTYP_F":0,"ELEVTYP_T":0},"geometry":{"type":"LineString","coordinates":[[-74.050237113419,40.859846165811],[-74.0497095550583,40.8606883989574],[-74.049621827149,40.8608332484164],[-74.0495081669204,40.8610209150692],[-74.0495000803487,40.8610342677818],[-74.0493471756288,40.8612803586668]]}},{"type":"Feature","id":221504,"properties":{"OBJECTID":221504,"PRIMENAME":"Lincoln Place","ELEVTYP_F":0,"ELEVTYP_T":0},"geometry":{"type":"LineString","coordinates":[[-74.0259343526693,40.8912888599199],[-74.0257979139623,40.8910101825085],[-74.0257674590353,40.8909437449853],[-74.0257418772036,40.8908761343278],[-74.0257212462702,40.8908075562021],[-74.0257056289769,40.8907382192165],[-74.0257033245304,40.8906933112034],[-74.0257035237915,40.8906483694074],[-74.025706226399,40.8906034741783],[-74.0257114275157,40.8905587057825],[-74.0257191178378,40.8905141442594],[-74.0257292836113,40.8904698692785],[-74.0257419066562,40.8904259599969],[-74.0257569643997,40.8903824949175]]}},{"type":"Feature","id":221732,"properties":{"OBJECTID":221732,"PRIMENAME":"Terrace Avenue","ELEVTYP_F":1,"ELEVTYP_T":0},"geometry":{"type":"LineString","coordinates":[[-74.0633857027429,40.8709173949115],[-74.0630007148073,40.8713773900576],[-74.0628728447412,40.871526614517]]}},{"type":"Feature","id":221846,"properties":{"OBJECTID":221846,"PRIMENAME":"Green Street","ELEVTYP_F":0,"ELEVTYP_T":0},"geometry":{"type":"LineString","coordinates":[[-74.0622118827028,40.8651381588502],[-74.0621462741983,40.865223331697]]}},{"type":"Feature","id":221870,"properties":{"OBJECTID":221870,"PRIMENAME":"Stelling Avenue","ELEVTYP_F":0,"ELEVTYP_T":0},"geometry":{"type":"LineString","coordinates":[[-74.0555108482453,40.909936692431],[-74.055712982581,40.9100574516756]]}},{"type":"Feature","id":222009,"properties":{"OBJECTID":222009,"PRIMENAME":"Tunbridge Road","ELEVTYP_F":0,"ELEVTYP_T":0},"geometry":{"type":"LineString","coordinates":[[-74.0254395379596,40.8999027198518],[-74.0254730350633,40.8998218824762],[-74.0256695701299,40.899347297062]]}},{"type":"Feature","id":222186,"properties":{"OBJECTID":222186,"PRIMENAME":"Sussex Street","ELEVTYP_F":0,"ELEVTYP_T":0},"geometry":{"type":"LineString","coordinates":[[-74.0530738721443,40.8815228625775],[-74.0539719242479,40.8818020136975]]}},{"type":"Feature","id":222202,"properties":{"OBJECTID":222202,"PRIMENAME":"Frederick Street","ELEVTYP_F":0,"ELEVTYP_T":0},"geometry":{"type":"LineString","coordinates":[[-74.0454418056114,40.8706489042036],[-74.0444227852478,40.8704357463676]]}},{"type":"Feature","id":222313,"properties":{"OBJECTID":222313,"PRIMENAME":"Davis Avenue","ELEVTYP_F":0,"ELEVTYP_T":0},"geometry":{"type":"LineString","coordinates":[[-74.0426462402995,40.9089032141267],[-74.0436009718866,40.9094635575644],[-74.0436304482549,40.9094810767108]]}},{"type":"Feature","id":222453,"properties":{"OBJECTID":222453,"PRIMENAME":"Garden Street","ELEVTYP_F":0,"ELEVTYP_T":0},"geometry":{"type":"LineString","coordinates":[[-74.057193423127,40.906804974277],[-74.0572635170428,40.9067378829631],[-74.0587677095841,40.9052978127773],[-74.0587875288748,40.9052788389558]]}},{"type":"Feature","id":222743,"properties":{"OBJECTID":222743,"PRIMENAME":"Pasadena Avenue","ELEVTYP_F":0,"ELEVTYP_T":0},"geometry":{"type":"LineString","coordinates":[[-74.0647092131657,40.8708013731038],[-74.0660691944836,40.8715898214446],[-74.0661520456188,40.871638828731]]}},{"type":"Feature","id":222774,"properties":{"OBJECTID":222774,"PRIMENAME":"Huyler Street","ELEVTYP_F":0,"ELEVTYP_T":0},"geometry":{"type":"LineString","coordinates":[[-74.0488278752733,40.8639447428099],[-74.048833251123,40.8640208098573],[-74.048845219105,40.8641728928701],[-74.048849588173,40.8642235679786],[-74.0488564722611,40.8642995652723],[-74.0488663223372,40.8644008585957],[-74.0488926651696,40.8646412528918],[-74.0489231918965,40.8648813617912],[-74.0489605348433,40.8651423243771],[-74.0490007133694,40.8654030441186],[-74.0490361165755,40.8656186269921],[-74.0490508147138,40.86570480694],[-74.0490582676572,40.865747887863],[-74.0490748217031,40.8658418613963],[-74.0490926174545,40.8659406119041],[-74.0490926917751,40.8659410228549]]}},{"type":"Feature","id":222924,"properties":{"OBJECTID":222924,"PRIMENAME":"Interstate 80","ELEVTYP_F":1,"ELEVTYP_T":0},"geometry":{"type":"LineString","coordinates":[[-74.0317331903135,40.8673246200626],[-74.0321612736502,40.8673241885452],[-74.0328017129086,40.8673089422243],[-74.0333950383276,40.8672934738539],[-74.0339930134501,40.867285159136],[-74.0341979490628,40.8672814570282]]}},{"type":"Feature","id":223244,"properties":{"OBJECTID":223244,"PRIMENAME":"Passaic Street","ELEVTYP_F":0,"ELEVTYP_T":0},"geometry":{"type":"LineString","coordinates":[[-74.04492156263,40.8926152188779],[-74.0457777491983,40.8931300572398],[-74.0458989772934,40.8932020395906]]}},{"type":"Feature","id":223273,"properties":{"OBJECTID":223273,"PRIMENAME":"Orchard Street","ELEVTYP_F":0,"ELEVTYP_T":0},"geometry":{"type":"LineString","coordinates":[[-74.0420853855722,40.9059518408025],[-74.0419992552537,40.905923775806],[-74.0406301959507,40.9054777151096]]}},{"type":"Feature","id":223439,"properties":{"OBJECTID":223439,"PRIMENAME":"Gamewell Street","ELEVTYP_F":0,"ELEVTYP_T":0},"geometry":{"type":"LineString","coordinates":[[-74.0474309295561,40.8850471255969],[-74.0461279476631,40.8846640822685]]}},{"type":"Feature","id":223458,"properties":{"OBJECTID":223458,"PRIMENAME":"Stone Street","ELEVTYP_F":0,"ELEVTYP_T":0},"geometry":{"type":"LineString","coordinates":[[-74.0659775890729,40.9035104721242],[-74.0652297334328,40.9030653102016]]}},{"type":"Feature","id":223470,"properties":{"OBJECTID":223470,"PRIMENAME":"Spring Valley Road","ELEVTYP_F":0,"ELEVTYP_T":0},"geometry":{"type":"LineString","coordinates":[[-74.0676243850513,40.9061716073244],[-74.0675809052341,40.9062481652206],[-74.0669613424354,40.907338483934],[-74.0669564371749,40.907347113637]]}},{"type":"Feature","id":223648,"properties":{"OBJECTID":223648,"PRIMENAME":"Mary Street","ELEVTYP_F":0,"ELEVTYP_T":0},"geometry":{"type":"LineString","coordinates":[[-74.059614601317,40.875375146122],[-74.0605367498608,40.87592839243]]}},{"type":"Feature","id":224296,"properties":{"OBJECTID":224296,"PRIMENAME":"River Road","ELEVTYP_F":0,"ELEVTYP_T":0},"geometry":{"type":"LineString","coordinates":[[-74.0330063463785,40.8787733297833],[-74.0329596246471,40.8789272143596],[-74.0328250330761,40.8792956159566],[-74.0325831738808,40.8800031870213]]}},{"type":"Feature","id":224307,"properties":{"OBJECTID":224307,"PRIMENAME":"US Highway 46","ELEVTYP_F":0,"ELEVTYP_T":0},"geometry":{"type":"LineString","coordinates":[[-74.062219722486,40.8651481011907],[-74.0622500710934,40.8651865870004]]}},{"type":"Feature","id":224435,"properties":{"OBJECTID":224435,"PRIMENAME":"Maple Avenue","ELEVTYP_F":0,"ELEVTYP_T":0},"geometry":{"type":"LineString","coordinates":[[-74.0475847044417,40.8602404536372],[-74.046624761629,40.8615872267447],[-74.0466145688868,40.8616037610483],[-74.0466004606177,40.8616185440936],[-74.0465829407484,40.8616310478496],[-74.0465626350645,40.8616408256979],[-74.0465402688585,40.8616475283863],[-74.0465166410229,40.8616509165031],[-74.0464925955145,40.861650869029],[-74.0464689912093,40.8616473876597]]}},{"type":"Feature","id":224498,"properties":{"OBJECTID":224498,"PRIMENAME":"Stewart Street","ELEVTYP_F":0,"ELEVTYP_T":0},"geometry":{"type":"LineString","coordinates":[[-74.0594846763832,40.9000974048196],[-74.0593667175275,40.9000301700555],[-74.0576499751751,40.8990517005353]]}},{"type":"Feature","id":224740,"properties":{"OBJECTID":224740,"PRIMENAME":"Grove Street","ELEVTYP_F":0,"ELEVTYP_T":0},"geometry":{"type":"LineString","coordinates":[[-74.0459429190573,40.8755709110607],[-74.0455315688997,40.8766913127627]]}},{"type":"Feature","id":224775,"properties":{"OBJECTID":224775,"PRIMENAME":"North Street","ELEVTYP_F":0,"ELEVTYP_T":0},"geometry":{"type":"LineString","coordinates":[[-74.0286663997477,40.8884637730501],[-74.0310517909457,40.8890253378363]]}},{"type":"Feature","id":225119,"properties":{"OBJECTID":225119,"PRIMENAME":"West Pleasantview Avenue","ELEVTYP_F":0,"ELEVTYP_T":0},"geometry":{"type":"LineString","coordinates":[[-74.0656671183475,40.8752590651867],[-74.0649183229502,40.874839000219]]}},{"type":"Feature","id":225548,"properties":{"OBJECTID":225548,"PRIMENAME":"Van Wetering Place","ELEVTYP_F":0,"ELEVTYP_T":0},"geometry":{"type":"LineString","coordinates":[[-74.0407369444077,40.875270096803],[-74.0417160761994,40.8750413571275]]}},{"type":"Feature","id":225746,"properties":{"OBJECTID":225746,"PRIMENAME":"Palmer Avenue","ELEVTYP_F":0,"ELEVTYP_T":0},"geometry":{"type":"LineString","coordinates":[[-74.0659775890729,40.9035104721242],[-74.06593825941,40.9035222926162],[-74.0659051566655,40.9035388023615],[-74.0658730700101,40.9035658282195],[-74.0648660241631,40.9045243777701]]}},{"type":"Feature","id":225830,"properties":{"OBJECTID":225830,"PRIMENAME":"River Street","ELEVTYP_F":0,"ELEVTYP_T":0},"geometry":{"type":"LineString","coordinates":[[-74.0413864086216,40.8790877617184],[-74.0414588933536,40.8797203741836],[-74.0414764918429,40.8798900815237]]}},{"type":"Feature","id":225856,"properties":{"OBJECTID":225856,"PRIMENAME":"Fourth Street","ELEVTYP_F":0,"ELEVTYP_T":0},"geometry":{"type":"LineString","coordinates":[[-74.0283163476925,40.8650883367027],[-74.0276157514193,40.866519867583]]}},{"type":"Feature","id":225874,"properties":{"OBJECTID":225874,"PRIMENAME":"Beechwood Avenue","ELEVTYP_F":0,"ELEVTYP_T":0},"geometry":{"type":"LineString","coordinates":[[-74.0274115435189,40.8717718353213],[-74.0262134042073,40.8714395856437],[-74.0235631286064,40.8706954136861]]}},{"type":"Feature","id":226000,"properties":{"OBJECTID":226000,"PRIMENAME":"State Highway 17","ELEVTYP_F":0,"ELEVTYP_T":0},"geometry":{"type":"LineString","coordinates":[[-74.0642072441393,40.8676560498427],[-74.0642327052162,40.8675504649553]]}},{"type":"Feature","id":226014,"properties":{"OBJECTID":226014,"PRIMENAME":"Feller Place","ELEVTYP_F":0,"ELEVTYP_T":0},"geometry":{"type":"LineString","coordinates":[[-74.0332839698988,40.8813084706794],[-74.0333313632445,40.8813266963197],[-74.0333430661108,40.8813598206337],[-74.0333266194142,40.8814408943717],[-74.0331987280828,40.8821677575043]]}},{"type":"Feature","id":226031,"properties":{"OBJECTID":226031,"PRIMENAME":"Kaplan Avenue","ELEVTYP_F":0,"ELEVTYP_T":0},"geometry":{"type":"LineString","coordinates":[[-74.0588781696942,40.882779990201],[-74.0574403317527,40.8819251435308],[-74.056056554476,40.8811040025067]]}},{"type":"Feature","id":226041,"properties":{"OBJECTID":226041,"PRIMENAME":"Elmwood Avenue","ELEVTYP_F":0,"ELEVTYP_T":0},"geometry":{"type":"LineString","coordinates":[[-74.023265650088,40.8713187682263],[-74.0237648779273,40.8714609870266],[-74.0255693134934,40.8719659164798],[-74.0270129250094,40.872363575791],[-74.0271334875423,40.8723380202417]]}},{"type":"Feature","id":226054,"properties":{"OBJECTID":226054,"PRIMENAME":"Fairmount Avenue","ELEVTYP_F":0,"ELEVTYP_T":0},"geometry":{"type":"LineString","coordinates":[[-74.0496465588624,40.9051459779146],[-74.0498437260008,40.9052633248831],[-74.049919585991,40.9053084726855],[-74.0506843615495,40.9057653835057],[-74.0508061201007,40.9058648947052]]}},{"type":"Feature","id":226463,"properties":{"OBJECTID":226463,"PRIMENAME":"River Street","ELEVTYP_F":0,"ELEVTYP_T":0},"geometry":{"type":"LineString","coordinates":[[-74.0391176957854,40.8878171959381],[-74.038985490618,40.8881150146583],[-74.0387750708949,40.8885605817877],[-74.0386821079772,40.8887541119808],[-74.038642815457,40.8888600740258],[-74.0386397047404,40.8888756810164]]}},{"type":"Feature","id":226515,"properties":{"OBJECTID":226515,"PRIMENAME":"Summit Avenue","ELEVTYP_F":0,"ELEVTYP_T":0},"geometry":{"type":"LineString","coordinates":[[-74.0504458950909,40.9068937170233],[-74.0501788626937,40.9076713838608],[-74.0501526641927,40.9077286675507],[-74.050122486814,40.90778481299],[-74.0500884159786,40.9078396612335],[-74.0500505481304,40.9078930570078]]}},{"type":"Feature","id":226652,"properties":{"OBJECTID":226652,"PRIMENAME":"North Avenue","ELEVTYP_F":0,"ELEVTYP_T":0},"geometry":{"type":"LineString","coordinates":[[-74.0276157514193,40.866519867583],[-74.027333829988,40.8664788840685],[-74.0265545572886,40.8663611689697]]}},{"type":"Feature","id":226932,"properties":{"OBJECTID":226932,"PRIMENAME":"Prospect Street","ELEVTYP_F":0,"ELEVTYP_T":0},"geometry":{"type":"LineString","coordinates":[[-74.0649974697889,40.8677149743171],[-74.0650688115685,40.867622308075],[-74.0651473108716,40.8675330390566],[-74.0652326878514,40.8674474854708],[-74.0653246381481,40.8673659522813],[-74.0662090840871,40.8664672934136]]}},{"type":"Feature","id":227129,"properties":{"OBJECTID":227129,"PRIMENAME":"Collins Avenue","ELEVTYP_F":0,"ELEVTYP_T":0},"geometry":{"type":"LineString","coordinates":[[-74.0681464070823,40.8696996255634],[-74.0688076916637,40.8690539363377]]}},{"type":"Feature","id":227209,"properties":{"OBJECTID":227209,"PRIMENAME":"Grand Avenue","ELEVTYP_F":0,"ELEVTYP_T":0},"geometry":{"type":"LineString","coordinates":[[-74.042794307438,40.9023244330794],[-74.0429795607262,40.9015639989721],[-74.0430594649184,40.9012187291237]]}},{"type":"Feature","id":227401,"properties":{"OBJECTID":227401,"PRIMENAME":"Rowland Avenue","ELEVTYP_F":0,"ELEVTYP_T":0},"geometry":{"type":"LineString","coordinates":[[-74.0636565350326,40.8828975611769],[-74.0630786102091,40.8834603088754]]}},{"type":"Feature","id":227524,"properties":{"OBJECTID":227524,"PRIMENAME":"Cypress Avenue","ELEVTYP_F":0,"ELEVTYP_T":0},"geometry":{"type":"LineString","coordinates":[[-74.027065163736,40.8681067692141],[-74.0289268925322,40.8686254131978]]}},{"type":"Feature","id":227530,"properties":{"OBJECTID":227530,"PRIMENAME":"Pine Street","ELEVTYP_F":0,"ELEVTYP_T":0},"geometry":{"type":"LineString","coordinates":[[-74.0447366647996,40.9022161440283],[-74.045475184569,40.901488165579],[-74.0455497674616,40.901416240474]]}},{"type":"Feature","id":227927,"properties":{"OBJECTID":227927,"PRIMENAME":"Interstate 80","ELEVTYP_F":0,"ELEVTYP_T":1},"geometry":{"type":"LineString","coordinates":[[-74.0591166524011,40.8721459883546],[-74.0593268486532,40.8723599366887],[-74.0595840170898,40.8726289897526],[-74.0598364623788,40.8729015931681],[-74.0601028941019,40.8731920905512],[-74.0602945378633,40.8734072838688],[-74.060476734755,40.8736295778798],[-74.060789794698,40.8739953255087],[-74.0607904395792,40.8739961240679]]}},{"type":"Feature","id":228317,"properties":{"OBJECTID":228317,"PRIMENAME":"Camden Street","ELEVTYP_F":0,"ELEVTYP_T":0},"geometry":{"type":"LineString","coordinates":[[-74.0425796725481,40.8879387173579],[-74.0412695665626,40.8873681118478],[-74.0412050998144,40.8873401430372],[-74.0411424347933,40.8873099076889]]}},{"type":"Feature","id":228347,"properties":{"OBJECTID":228347,"PRIMENAME":"Worth Street","ELEVTYP_F":0,"ELEVTYP_T":0},"geometry":{"type":"LineString","coordinates":[[-74.0388513161462,40.8626551314901],[-74.0389289939525,40.8626321100089],[-74.0392026068269,40.862550992016],[-74.0392353840981,40.8625413895705],[-74.0392693789946,40.8625346556901],[-74.0393041574922,40.8625308763485],[-74.0393392755623,40.8625300997978],[-74.039703596533,40.8625178024422]]}},{"type":"Feature","id":228493,"properties":{"OBJECTID":228493,"PRIMENAME":"Hasbrouck Avenue","ELEVTYP_F":0,"ELEVTYP_T":0},"geometry":{"type":"LineString","coordinates":[[-74.0672031061283,40.8643289260855],[-74.0670060601011,40.8645491815209],[-74.066803818127,40.8647667059397],[-74.0665964458222,40.8649814287136],[-74.0663840104704,40.8651932801234],[-74.0657963994484,40.865777198316],[-74.0657568650208,40.8658300521188],[-74.0657203841736,40.8658841566551],[-74.06561595314,40.8660124469306],[-74.0655235208504,40.8660587078634]]}},{"type":"Feature","id":228646,"properties":{"OBJECTID":228646,"PRIMENAME":"Moonachie Road","ELEVTYP_F":0,"ELEVTYP_T":0},"geometry":{"type":"LineString","coordinates":[[-74.0405760299602,40.8589866629289],[-74.0404050144258,40.8593281160597]]}},{"type":"Feature","id":229176,"properties":{"OBJECTID":229176,"PRIMENAME":"Essex Street","ELEVTYP_F":0,"ELEVTYP_T":0},"geometry":{"type":"LineString","coordinates":[[-74.0583262300941,40.8833667775454],[-74.0570487752767,40.8826113027471],[-74.0557869267001,40.8818737438233],[-74.0556612803558,40.8817985423898]]}},{"type":"Feature","id":229188,"properties":{"OBJECTID":229188,"PRIMENAME":"Larch Avenue","ELEVTYP_F":0,"ELEVTYP_T":0},"geometry":{"type":"LineString","coordinates":[[-74.0314075436782,40.876628895624],[-74.0312308276333,40.8770983302678],[-74.0309640296689,40.8777387657149],[-74.0307236758402,40.878315707212]]}},{"type":"Feature","id":229262,"properties":{"OBJECTID":229262,"PRIMENAME":"North Taylor Avenue","ELEVTYP_F":0,"ELEVTYP_T":0},"geometry":{"type":"LineString","coordinates":[[-74.0420515698284,40.86329282157],[-74.0430009284546,40.8634983145944]]}},{"type":"Feature","id":229282,"properties":{"OBJECTID":229282,"PRIMENAME":"Main Street","ELEVTYP_F":0,"ELEVTYP_T":0},"geometry":{"type":"LineString","coordinates":[[-74.0403526394316,40.8986045185709],[-74.040371874799,40.898683195491],[-74.0403930963679,40.8987615778472],[-74.04041629633,40.8988396367738],[-74.0404414661485,40.8989173435239],[-74.0404685965609,40.8989946694805],[-74.0404976775827,40.8990715861663],[-74.0405286985109,40.899148065255],[-74.0405616479278,40.8992240785813],[-74.0406132642945,40.8993343080705]]}},{"type":"Feature","id":229385,"properties":{"OBJECTID":229385,"PRIMENAME":"Residence Drive","ELEVTYP_F":0,"ELEVTYP_T":0},"geometry":{"type":"LineString","coordinates":[[-74.0310646494038,40.8946413509475],[-74.0302376216982,40.8944725144391]]}},{"type":"Feature","id":229387,"properties":{"OBJECTID":229387,"PRIMENAME":"Lafayette Avenue","ELEVTYP_F":0,"ELEVTYP_T":0},"geometry":{"type":"LineString","coordinates":[[-74.0545940950965,40.9064881368229],[-74.0554368481065,40.9069828347436],[-74.0556629906808,40.9071155777245]]}},{"type":"Feature","id":229510,"properties":{"OBJECTID":229510,"PRIMENAME":"Wyndham Road","ELEVTYP_F":0,"ELEVTYP_T":0},"geometry":{"type":"LineString","coordinates":[[-74.0258865719091,40.8957727816992],[-74.0257641762932,40.8957350572012],[-74.0242837326234,40.895278627835],[-74.0242088761923,40.8952582934455],[-74.0241328806952,40.8952405580401],[-74.024055902752,40.8952254581696],[-74.0239781010074,40.8952130249534],[-74.0238893633753,40.8952094904051],[-74.0238008834244,40.8952032624943]]}},{"type":"Feature","id":229583,"properties":{"OBJECTID":229583,"PRIMENAME":"Polifly Road","ELEVTYP_F":0,"ELEVTYP_T":0},"geometry":{"type":"LineString","coordinates":[[-74.0575764218899,40.87738504293],[-74.0572029382999,40.8777024346116],[-74.0570275896924,40.8778418079102],[-74.0568937228433,40.8779482092709]]}},{"type":"Feature","id":229635,"properties":{"OBJECTID":229635,"PRIMENAME":"Kenwood Place","ELEVTYP_F":0,"ELEVTYP_T":0},"geometry":{"type":"LineString","coordinates":[[-74.0289950167846,40.8876662027723],[-74.028136173887,40.8874619829015]]}},{"type":"Feature","id":229682,"properties":{"OBJECTID":229682,"PRIMENAME":"Hillside Avenue","ELEVTYP_F":0,"ELEVTYP_T":0},"geometry":{"type":"LineString","coordinates":[[-74.0673553283079,40.8630896867546],[-74.067301274988,40.8631451789493],[-74.0666140489708,40.8638502464333],[-74.0666000009022,40.8638709645208],[-74.0665915222652,40.8638933598191],[-74.0665889361512,40.8639165789361],[-74.0665923411126,40.8639397370863],[-74.0666016074062,40.8639619518067],[-74.0666163819366,40.8639823765836],[-74.0666361017098,40.86400023311],[-74.0666600152871,40.8640148409445],[-74.0669016536085,40.8641545877475],[-74.0672031061283,40.8643289260855]]}},{"type":"Feature","id":229786,"properties":{"OBJECTID":229786,"PRIMENAME":"Burton Avenue","ELEVTYP_F":0,"ELEVTYP_T":0},"geometry":{"type":"LineString","coordinates":[[-74.0655096465501,40.8693045260997],[-74.0656685047467,40.8695742382591],[-74.0656821145264,40.8695997824218],[-74.0656928563039,40.8696261025698],[-74.0657006544953,40.8696530135115],[-74.065705454228,40.8696803258978],[-74.0657072156609,40.8697128877438],[-74.0657047181053,40.8697454218362],[-74.0656979861374,40.8697776079555],[-74.0656870860112,40.8698091293064],[-74.0656721250066,40.8698396756366],[-74.0656532503738,40.8698689462897],[-74.0656306478839,40.8698966531654],[-74.0656045400011,40.8699225235544]]}},{"type":"Feature","id":229873,"properties":{"OBJECTID":229873,"PRIMENAME":"River Road","ELEVTYP_F":0,"ELEVTYP_T":0},"geometry":{"type":"LineString","coordinates":[[-74.0267630519897,40.8995414085708],[-74.02667491081,40.899619853514]]}},{"type":"Feature","id":230278,"properties":{"OBJECTID":230278,"PRIMENAME":"Palisade Avenue","ELEVTYP_F":0,"ELEVTYP_T":0},"geometry":{"type":"LineString","coordinates":[[-74.0267819251952,40.8730545726199],[-74.0262756113042,40.8740864854425]]}},{"type":"Feature","id":230318,"properties":{"OBJECTID":230318,"PRIMENAME":"Preston Street","ELEVTYP_F":0,"ELEVTYP_T":0},"geometry":{"type":"LineString","coordinates":[[-74.027912959,40.8772025835702],[-74.0269221775928,40.8769128313335]]}},{"type":"Feature","id":230587,"properties":{"OBJECTID":230587,"PRIMENAME":"Terrace Place","ELEVTYP_F":0,"ELEVTYP_T":0},"geometry":{"type":"LineString","coordinates":[[-74.0410178794524,40.8987133410331],[-74.0409627117976,40.8987891833292],[-74.0409088383859,40.8988655594366],[-74.0408562681911,40.8989424566395],[-74.0408050099703,40.8990198621349],[-74.040755072262,40.8990977630357],[-74.0407064633852,40.8991761463718],[-74.0406591914376,40.8992549990928],[-74.0406132642945,40.8993343080705]]}},{"type":"Feature","id":230678,"properties":{"OBJECTID":230678,"PRIMENAME":"Huyler Street","ELEVTYP_F":0,"ELEVTYP_T":0},"geometry":{"type":"LineString","coordinates":[[-74.0488031524819,40.8625688336341],[-74.0488016634158,40.8626183538258],[-74.0488009241743,40.8626461794868],[-74.04880091781,40.8626464181133],[-74.0488009100334,40.8626466900554],[-74.04879807509,40.8627797996311],[-74.0487965196703,40.8629129213655]]}},{"type":"Feature","id":230811,"properties":{"OBJECTID":230811,"PRIMENAME":"Briarcliff Avenue","ELEVTYP_F":0,"ELEVTYP_T":0},"geometry":{"type":"LineString","coordinates":[[-74.0672907726384,40.9109280533055],[-74.0673235702452,40.9108588950672],[-74.0673435354247,40.9108177257238],[-74.0673619402522,40.9107761400031],[-74.0673787696709,40.9107341719334],[-74.0673940099128,40.9106918558555],[-74.0674076485104,40.910649226395],[-74.067419674307,40.9106063184338],[-74.0674300774655,40.9105631670817],[-74.0674388494765,40.9105198076476],[-74.0674572784014,40.9104483407656],[-74.0674797178841,40.9103775369449],[-74.0675061268793,40.9103075256567],[-74.0675364570834,40.9102384349227]]}},{"type":"Feature","id":231006,"properties":{"OBJECTID":231006,"PRIMENAME":"Oak Avenue","ELEVTYP_F":0,"ELEVTYP_T":0},"geometry":{"type":"LineString","coordinates":[[-74.0646252747935,40.900505003465],[-74.0637610593674,40.901659988426],[-74.063428756793,40.9021079384181]]}},{"type":"Feature","id":231064,"properties":{"OBJECTID":231064,"PRIMENAME":"Hopper Street","ELEVTYP_F":0,"ELEVTYP_T":0},"geometry":{"type":"LineString","coordinates":[[-74.0612539782031,40.876355271239],[-74.0597033201093,40.8778520530382],[-74.0595335602353,40.8780159091377],[-74.0591857081849,40.8783519333982]]}},{"type":"Feature","id":231427,"properties":{"OBJECTID":231427,"PRIMENAME":"East Wesley Street","ELEVTYP_F":0,"ELEVTYP_T":0},"geometry":{"type":"LineString","coordinates":[[-74.0451007607653,40.8683289086262],[-74.0449996410836,40.8683081397932]]}},{"type":"Feature","id":231694,"properties":{"OBJECTID":231694,"PRIMENAME":"Park Avenue","ELEVTYP_F":0,"ELEVTYP_T":0},"geometry":{"type":"LineString","coordinates":[[-74.0609569420817,40.9045131853551],[-74.0608409044335,40.9044439007606],[-74.0586120968477,40.9031129411179],[-74.0585142289585,40.9030540171701]]}},{"type":"Feature","id":232097,"properties":{"OBJECTID":232097,"PRIMENAME":"Maywood Avenue","ELEVTYP_F":0,"ELEVTYP_T":0},"geometry":{"type":"LineString","coordinates":[[-74.0579938152883,40.9113610523011],[-74.0578923002337,40.9115980716079]]}},{"type":"Feature","id":232366,"properties":{"OBJECTID":232366,"PRIMENAME":"Kinderkamack Road","ELEVTYP_F":0,"ELEVTYP_T":0},"geometry":{"type":"LineString","coordinates":[[-74.0360083760278,40.909267863001],[-74.0359800415419,40.9093252025157],[-74.0359535304543,40.9093830417719],[-74.0359288580643,40.9094413474015],[-74.0359060386108,40.9095000857668],[-74.0358850852636,40.9095592229808],[-74.0358660101161,40.9096187249259],[-74.0358488241782,40.9096785572744],[-74.03583353737,40.9097386855076],[-74.0358201585158,40.9097990749361],[-74.0358086953397,40.9098596907196],[-74.0357991544601,40.9099204978873],[-74.0357915413869,40.9099814613579],[-74.0357858605174,40.9100425459596],[-74.0357821151346,40.9101037164509],[-74.0357803074047,40.9101649375404],[-74.0357804383758,40.9102261739075]]}},{"type":"Feature","id":232369,"properties":{"OBJECTID":232369,"PRIMENAME":"Taylor Avenue","ELEVTYP_F":0,"ELEVTYP_T":0},"geometry":{"type":"LineString","coordinates":[[-74.042203416985,40.8613100648557],[-74.0416999296444,40.8623469177329],[-74.0416517884825,40.8624491132899]]}},{"type":"Feature","id":232386,"properties":{"OBJECTID":232386,"PRIMENAME":"East Spring Valley Avenue","ELEVTYP_F":0,"ELEVTYP_T":0},"geometry":{"type":"LineString","coordinates":[[-74.053667555472,40.9100247942874],[-74.0530254531448,40.90965693058]]}},{"type":"Feature","id":232465,"properties":{"OBJECTID":232465,"PRIMENAME":"Dorchester Road","ELEVTYP_F":0,"ELEVTYP_T":0},"geometry":{"type":"LineString","coordinates":[[-74.0597482370689,40.8902733670191],[-74.0597302620108,40.8902839205937],[-74.059651258033,40.89033105771],[-74.0595733909846,40.8903792720628],[-74.0594966863688,40.890428547862],[-74.0594211693083,40.8904788689702],[-74.059346864537,40.8905302189078],[-74.0592737963921,40.8905825808577],[-74.0592019888059,40.8906359376718],[-74.059131465298,40.890690271876],[-74.0591222470611,40.8907010902722],[-74.0591114235507,40.8907110154947],[-74.0590991435644,40.8907199110946],[-74.0590855759231,40.890727654778],[-74.0590709071503,40.890734140087],[-74.0590553389076,40.8907392778635],[-74.0590390852227,40.8907429974748],[-74.0590223695462,40.8907452477848]]}},{"type":"Feature","id":232530,"properties":{"OBJECTID":232530,"PRIMENAME":"Huyler Street","ELEVTYP_F":1,"ELEVTYP_T":0},"geometry":{"type":"LineString","coordinates":[[-74.0491585132961,40.867519158231],[-74.0491315209882,40.8681775372365],[-74.0491390857748,40.8683276828705],[-74.049155080358,40.8684774468898],[-74.0491794756795,40.8686265566759],[-74.0492122273881,40.8687747407999],[-74.0492715291507,40.8690573445554],[-74.0492736319897,40.8691578456068]]}},{"type":"Feature","id":232691,"properties":{"OBJECTID":232691,"PRIMENAME":"West Pleasant Avenue","ELEVTYP_F":0,"ELEVTYP_T":0},"geometry":{"type":"LineString","coordinates":[[-74.0669564371749,40.907347113637],[-74.0669524045513,40.9073329713374],[-74.0669163978146,40.9072066706241],[-74.066535224345,40.9069706297695]]}},{"type":"Feature","id":232812,"properties":{"OBJECTID":232812,"PRIMENAME":"West Passaic Street","ELEVTYP_F":0,"ELEVTYP_T":0},"geometry":{"type":"LineString","coordinates":[[-74.0671429592351,40.9058860586186],[-74.0676243850513,40.9061716073244]]}},{"type":"Feature","id":232813,"properties":{"OBJECTID":232813,"PRIMENAME":"Johnson Avenue","ELEVTYP_F":0,"ELEVTYP_T":0},"geometry":{"type":"LineString","coordinates":[[-74.039091652239,40.9082161449572],[-74.0387718854077,40.9088045855136],[-74.0385813566648,40.9091427118408]]}},{"type":"Feature","id":232853,"properties":{"OBJECTID":232853,"PRIMENAME":"South River Street","ELEVTYP_F":0,"ELEVTYP_T":0},"geometry":{"type":"LineString","coordinates":[[-74.0360553378048,40.8630799267804],[-74.0361691453099,40.86335114652],[-74.0363944737189,40.8638901713796]]}},{"type":"Feature","id":232921,"properties":{"OBJECTID":232921,"PRIMENAME":"Broad Street","ELEVTYP_F":0,"ELEVTYP_T":0},"geometry":{"type":"LineString","coordinates":[[-74.0286039816661,40.8786550945582],[-74.0283550689585,40.878597723024]]}},{"type":"Feature","id":233139,"properties":{"OBJECTID":233139,"PRIMENAME":"Lenox Avenue","ELEVTYP_F":0,"ELEVTYP_T":0},"geometry":{"type":"LineString","coordinates":[[-74.0651679270972,40.8997919412208],[-74.0649135040737,40.8996366346123],[-74.0647614190165,40.8995417260125],[-74.0646079186047,40.899448138654],[-74.064453022777,40.8993558846895],[-74.0642967516531,40.8992649760988]]}},{"type":"Feature","id":233417,"properties":{"OBJECTID":233417,"PRIMENAME":"Arcadia Road","ELEVTYP_F":0,"ELEVTYP_T":0},"geometry":{"type":"LineString","coordinates":[[-74.0615164769302,40.8863910240359],[-74.0614551137143,40.8865148070201],[-74.0614438891625,40.8865489554102],[-74.0614357896892,40.8865836093307],[-74.0614308537505,40.8866186042668],[-74.0614291047842,40.8866537740846],[-74.0614305510981,40.8866889518198],[-74.0614351858313,40.8867239704702],[-74.0614429869859,40.8867586637887],[-74.0614539175316,40.8867928670722],[-74.0614679255814,40.8868264179439],[-74.061484944638,40.8868591571239],[-74.0615048939092,40.8868909291857],[-74.0615276786913,40.8869215832937],[-74.0615531908192,40.8869509739195],[-74.0615813091789,40.886978961533],[-74.0616119002833,40.8870054132645],[-74.0616448189054,40.8870302035357],[-74.0624939160145,40.8875373698858],[-74.0625308022347,40.8875544527427],[-74.062568933972,40.8875698803386]]}},{"type":"Feature","id":233689,"properties":{"OBJECTID":233689,"PRIMENAME":"Pangborn Place","ELEVTYP_F":0,"ELEVTYP_T":0},"geometry":{"type":"LineString","coordinates":[[-74.0407844772456,40.8940571753481],[-74.040801454824,40.8940399823236],[-74.0408201212849,40.8940238288093],[-74.0412367401118,40.8936291466468]]}},{"type":"Feature","id":233716,"properties":{"OBJECTID":233716,"PRIMENAME":"Ottawa Avenue","ELEVTYP_F":0,"ELEVTYP_T":0},"geometry":{"type":"LineString","coordinates":[[-74.0673553283079,40.8630896867546],[-74.0679921467584,40.8634571787007]]}},{"type":"Feature","id":233726,"properties":{"OBJECTID":233726,"PRIMENAME":"East Wesley Street","ELEVTYP_F":0,"ELEVTYP_T":0},"geometry":{"type":"LineString","coordinates":[[-74.0492736319897,40.8691578456068],[-74.0491831752671,40.8691552741287],[-74.0490930513841,40.8691488516867],[-74.0490035446169,40.8691385985392],[-74.0489149372948,40.8691245470275],[-74.0478476576233,40.8689059335194],[-74.0469543444068,40.8687196702094]]}},{"type":"Feature","id":234141,"properties":{"OBJECTID":234141,"PRIMENAME":"Main Street","ELEVTYP_F":0,"ELEVTYP_T":0},"geometry":{"type":"LineString","coordinates":[[-74.0449212943477,40.8783671896088],[-74.0448900767305,40.8783724997519],[-74.0448594227496,40.8783794487205],[-74.0448294815472,40.8783880027056],[-74.0448003987976,40.8783981200891],[-74.0447723159987,40.8784097516465],[-74.0447453697834,40.8784228407862],[-74.0447196912551,40.8784373238252],[-74.0446954053496,40.8784531302982],[-74.0446726302273,40.8784701833014],[-74.0446514766984,40.8784883998657],[-74.044632047684,40.8785076913611],[-74.0446144377146,40.8785279639274],[-74.0445987324709,40.8785491189311],[-74.0445850083667,40.8785710534454],[-74.0445733321767,40.8785936607504],[-74.0445637607123,40.8786168308531]]}},{"type":"Feature","id":234245,"properties":{"OBJECTID":234245,"PRIMENAME":"Ridgefield Avenue","ELEVTYP_F":0,"ELEVTYP_T":0},"geometry":{"type":"LineString","coordinates":[[-74.0280220632066,40.8745958320283],[-74.0285382528673,40.8735397410623]]}},{"type":"Feature","id":234254,"properties":{"OBJECTID":234254,"PRIMENAME":"Grand Avenue","ELEVTYP_F":0,"ELEVTYP_T":0},"geometry":{"type":"LineString","coordinates":[[-74.0395003312891,40.9106044355663],[-74.0390284331207,40.910676798123],[-74.0389913744766,40.9106795004345],[-74.0389542194001,40.9106812847152],[-74.0389170073953,40.9106821490682],[-74.038879778027,40.9106820925744],[-74.0388425708781,40.9106811152938],[-74.0388054255083,40.9106792182657],[-74.0387683814113,40.9106764035068],[-74.0387314779733,40.9106726740101]]}},{"type":"Feature","id":234334,"properties":{"OBJECTID":234334,"PRIMENAME":"Summit Street","ELEVTYP_F":0,"ELEVTYP_T":0},"geometry":{"type":"LineString","coordinates":[[-74.0286109436178,40.8605008433537],[-74.027599219767,40.8602520201687]]}},{"type":"Feature","id":234579,"properties":{"OBJECTID":234579,"PRIMENAME":"Cedar Lane","ELEVTYP_F":0,"ELEVTYP_T":0},"geometry":{"type":"LineString","coordinates":[[-74.0313621703442,40.8915765232124],[-74.0297746636646,40.8914585986488],[-74.0296268876587,40.8914476206348],[-74.0293492603958,40.8914234578533]]}},{"type":"Feature","id":234600,"properties":{"OBJECTID":234600,"PRIMENAME":"Central Avenue","ELEVTYP_F":0,"ELEVTYP_T":0},"geometry":{"type":"LineString","coordinates":[[-74.0542493132425,40.8593294396517],[-74.0540919649292,40.8594864459968],[-74.0529661483384,40.8605686220385],[-74.051775745286,40.8617277229727],[-74.0514877519994,40.8619925612035],[-74.0514775159253,40.8619978807032],[-74.0514386250259,40.8620180904951],[-74.0513820739688,40.8620293168359],[-74.0513143244867,40.8620176070654]]}},{"type":"Feature","id":234933,"properties":{"OBJECTID":234933,"PRIMENAME":"State Street","ELEVTYP_F":0,"ELEVTYP_T":0},"geometry":{"type":"LineString","coordinates":[[-74.045607046655,40.8821167343979],[-74.045206482823,40.8829225239446]]}},{"type":"Feature","id":235266,"properties":{"OBJECTID":235266,"PRIMENAME":"Main Street","ELEVTYP_F":0,"ELEVTYP_T":0},"geometry":{"type":"LineString","coordinates":[[-74.0419004337995,40.8857946425309],[-74.0417834912778,40.8860320538989],[-74.0411424347933,40.8873099076889]]}},{"type":"Feature","id":235390,"properties":{"OBJECTID":235390,"PRIMENAME":"Elm Avenue","ELEVTYP_F":0,"ELEVTYP_T":0},"geometry":{"type":"LineString","coordinates":[[-74.0273742963444,40.8828972204588],[-74.0268468329186,40.8841825426237],[-74.0267183884912,40.8844941144961]]}},{"type":"Feature","id":235430,"properties":{"OBJECTID":235430,"PRIMENAME":"Hackensack Avenue","ELEVTYP_F":0,"ELEVTYP_T":0},"geometry":{"type":"LineString","coordinates":[[-74.0371077275108,40.8986564576073],[-74.0367385372355,40.8992034663756],[-74.0365289606176,40.8995209543771],[-74.0363045656491,40.8998903477155]]}},{"type":"Feature","id":235557,"properties":{"OBJECTID":235557,"PRIMENAME":"Maybrook Drive","ELEVTYP_F":0,"ELEVTYP_T":0},"geometry":{"type":"LineString","coordinates":[[-74.0641586132477,40.8894753646409],[-74.0642043396538,40.8894378351749],[-74.0642396132359,40.8894103081449],[-74.0642756663554,40.8893833690425],[-74.0643124820004,40.8893570305785],[-74.064350042799,40.8893313051804],[-74.0643883310279,40.8893062049863],[-74.0644273286206,40.8892817418394],[-74.0644670171759,40.8892579272822],[-74.0645073779668,40.8892347725511],[-74.0645388737881,40.8892172448527]]}},{"type":"Feature","id":235636,"properties":{"OBJECTID":235636,"PRIMENAME":"Main Street","ELEVTYP_F":0,"ELEVTYP_T":0},"geometry":{"type":"LineString","coordinates":[[-74.0442429158619,40.8795118958688],[-74.0442147485254,40.8796043797428],[-74.044187875153,40.8796970851725],[-74.0441622987733,40.8797900017284],[-74.0441380222692,40.8798831189572],[-74.0441100752664,40.8799716426631],[-74.0440836715845,40.8800604388834],[-74.0440588158383,40.8801494921185],[-74.0440355123728,40.8802387868238]]}},{"type":"Feature","id":235690,"properties":{"OBJECTID":235690,"PRIMENAME":"Wilson Street","ELEVTYP_F":0,"ELEVTYP_T":0},"geometry":{"type":"LineString","coordinates":[[-74.0463902995829,40.9083323170204],[-74.0472711780485,40.9074754091349]]}},{"type":"Feature","id":235749,"properties":{"OBJECTID":235749,"PRIMENAME":"Tracy Place","ELEVTYP_F":0,"ELEVTYP_T":0},"geometry":{"type":"LineString","coordinates":[[-74.0610271295005,40.890296246697],[-74.0594194762014,40.8912902900447],[-74.0590544746577,40.8914942892617],[-74.0589394752687,40.8915532896596]]}},{"type":"Feature","id":236028,"properties":{"OBJECTID":236028,"PRIMENAME":"Ramapo Road","ELEVTYP_F":0,"ELEVTYP_T":0},"geometry":{"type":"LineString","coordinates":[[-74.0279368409669,40.8977373661715],[-74.0278179669935,40.8977021015078],[-74.0269013461195,40.8974302746596],[-74.0267613758074,40.8973920485318],[-74.0266197765056,40.8973574489053],[-74.0264767113459,40.8973265156404],[-74.0263323451477,40.8972992843736],[-74.0260719474453,40.8972343757115],[-74.0258104546862,40.8971720539287],[-74.0254370785556,40.8970848673038],[-74.0250653359678,40.8969937513895]]}},{"type":"Feature","id":236081,"properties":{"OBJECTID":236081,"PRIMENAME":"Fifth Street","ELEVTYP_F":0,"ELEVTYP_T":0},"geometry":{"type":"LineString","coordinates":[[-74.0265545572886,40.8663611689697],[-74.0268230439025,40.8657953850561],[-74.0271783371048,40.8650877679439],[-74.0273023349871,40.8648060958923]]}},{"type":"Feature","id":236411,"properties":{"OBJECTID":236411,"PRIMENAME":"Linden Street","ELEVTYP_F":0,"ELEVTYP_T":0},"geometry":{"type":"LineString","coordinates":[[-74.0405286922291,40.8984287209581],[-74.0414061393701,40.8975524084533]]}},{"type":"Feature","id":236687,"properties":{"OBJECTID":236687,"PRIMENAME":"River Street","ELEVTYP_F":0,"ELEVTYP_T":0},"geometry":{"type":"LineString","coordinates":[[-74.0413657911246,40.8830314671649],[-74.041324560676,40.8831226018862],[-74.0412650725072,40.8832477081455],[-74.0412176164352,40.8833475085438]]}},{"type":"Feature","id":236717,"properties":{"OBJECTID":236717,"PRIMENAME":"Linwood Avenue","ELEVTYP_F":0,"ELEVTYP_T":0},"geometry":{"type":"LineString","coordinates":[[-74.0276836886219,40.8733036936422],[-74.0285382528673,40.8735397410623]]}},{"type":"Feature","id":236965,"properties":{"OBJECTID":236965,"PRIMENAME":"Elm Avenue","ELEVTYP_F":0,"ELEVTYP_T":0},"geometry":{"type":"LineString","coordinates":[[-74.0305241296349,40.8748181722064],[-74.0305242077816,40.8748180266323],[-74.0309293279306,40.8737326320935],[-74.0311065140321,40.8732724222701],[-74.0311274540936,40.8732258434949],[-74.0311593099001,40.87317510883]]}},{"type":"Feature","id":236993,"properties":{"OBJECTID":236993,"PRIMENAME":"Green Street","ELEVTYP_F":0,"ELEVTYP_T":0},"geometry":{"type":"LineString","coordinates":[[-74.0606835688488,40.8670279249265],[-74.0600770764648,40.8677755276858]]}},{"type":"Feature","id":237058,"properties":{"OBJECTID":237058,"PRIMENAME":"Suffern Road","ELEVTYP_F":0,"ELEVTYP_T":0},"geometry":{"type":"LineString","coordinates":[[-74.0244439632832,40.8975746528162],[-74.0245116150082,40.8976098763701],[-74.0245806049614,40.8976435723428],[-74.024650873254,40.8976757114825],[-74.0247223588872,40.8977062658889],[-74.024794999805,40.8977352090371],[-74.0248687329482,40.8977625158014],[-74.0249434943095,40.8977881624762],[-74.0250192189883,40.8978121267972],[-74.0257009959763,40.8979864903352],[-74.0264767714608,40.898189838675],[-74.0275187602045,40.8984955601978]]}},{"type":"Feature","id":237116,"properties":{"OBJECTID":237116,"PRIMENAME":"Kinderkamack Road","ELEVTYP_F":0,"ELEVTYP_T":0},"geometry":{"type":"LineString","coordinates":[[-74.0360091701548,40.9112317090632],[-74.0360661879899,40.9114188954271],[-74.0363288096193,40.9122670341496],[-74.0363361696528,40.9123168804691],[-74.0363400220648,40.9123669533126],[-74.0363403559264,40.9124171107307],[-74.0363371702829,40.9124672105341],[-74.0363304741574,40.9125171106962],[-74.0363202865248,40.9125666697563],[-74.0363066362578,40.9126157472202],[-74.036289562046,40.9126642039589]]}},{"type":"Feature","id":237185,"properties":{"OBJECTID":237185,"PRIMENAME":"South River Street","ELEVTYP_F":0,"ELEVTYP_T":0},"geometry":{"type":"LineString","coordinates":[[-74.0409502813813,40.8759278922966],[-74.0409689242268,40.8759826733589],[-74.0409757350187,40.8760124831823]]}},{"type":"Feature","id":237251,"properties":{"OBJECTID":237251,"PRIMENAME":"Cedar Avenue","ELEVTYP_F":0,"ELEVTYP_T":0},"geometry":{"type":"LineString","coordinates":[[-74.0444302088831,40.9058111995747],[-74.0445312533183,40.9058699012267],[-74.0452904623567,40.9063109875227]]}},{"type":"Feature","id":237821,"properties":{"OBJECTID":237821,"PRIMENAME":"Webster Street","ELEVTYP_F":0,"ELEVTYP_T":0},"geometry":{"type":"LineString","coordinates":[[-74.0262122786902,40.8590764627423],[-74.0267184716724,40.8592033536117],[-74.0277959131541,40.8594764168829]]}},{"type":"Feature","id":237914,"properties":{"OBJECTID":237914,"PRIMENAME":"Maybrook Drive","ELEVTYP_F":0,"ELEVTYP_T":0},"geometry":{"type":"LineString","coordinates":[[-74.0630366121383,40.890418627685],[-74.0630785450338,40.8904028836722],[-74.0631194243883,40.8903856175872],[-74.0631591543387,40.8903668699197],[-74.0631976417179,40.8903466846336],[-74.0632347962726,40.8903251090642],[-74.0632705308754,40.890302193807],[-74.063304761729,40.8902779925989],[-74.0633374085627,40.8902525621925],[-74.0634829681488,40.8901138900028]]}},{"type":"Feature","id":238177,"properties":{"OBJECTID":238177,"PRIMENAME":"Ottawa Avenue","ELEVTYP_F":0,"ELEVTYP_T":0},"geometry":{"type":"LineString","coordinates":[[-74.0655509025899,40.8620458633151],[-74.066184548654,40.862412549123]]}},{"type":"Feature","id":238276,"properties":{"OBJECTID":238276,"PRIMENAME":"Berkshire Place","ELEVTYP_F":0,"ELEVTYP_T":0},"geometry":{"type":"LineString","coordinates":[[-74.0619231292864,40.8881994745547],[-74.0618866360499,40.8882382704205],[-74.061848343449,40.8882760542677],[-74.0618083001676,40.8883127780562],[-74.0617665571157,40.888348395094],[-74.0617231673647,40.8883828600957],[-74.0616781860799,40.8884161292411],[-74.0616316704504,40.8884481602299],[-74.0615836796165,40.8884789123365],[-74.0613769997733,40.8886137887316],[-74.0611677791237,40.8887463902021],[-74.060956061134,40.8888766891902],[-74.0607418897906,40.8890046586164],[-74.0606223175731,40.8890911682501]]}},{"type":"Feature","id":238448,"properties":{"OBJECTID":238448,"PRIMENAME":"Briscolina Street","ELEVTYP_F":0,"ELEVTYP_T":0},"geometry":{"type":"LineString","coordinates":[[-74.0461541916572,40.8739334250364],[-74.0461792075404,40.8738658051433],[-74.0463727007295,40.8733427491222]]}},{"type":"Feature","id":238458,"properties":{"OBJECTID":238458,"PRIMENAME":"Kipp Street","ELEVTYP_F":0,"ELEVTYP_T":0},"geometry":{"type":"LineString","coordinates":[[-74.0624186136748,40.8734292239704],[-74.0627464231697,40.8731039934275],[-74.0627659023079,40.8730865682947]]}},{"type":"Feature","id":238684,"properties":{"OBJECTID":238684,"PRIMENAME":"Main Street","ELEVTYP_F":0,"ELEVTYP_T":0},"geometry":{"type":"LineString","coordinates":[[-74.0410154040352,40.9088361270646],[-74.0409702453193,40.9088731068452],[-74.0409256034441,40.9089104460872],[-74.0408814833814,40.908948140633],[-74.0408378900446,40.9089861862854],[-74.0407948282885,40.9090245788081],[-74.0407523029092,40.9090633139262],[-74.0407103186424,40.9091023873266],[-74.0406688801641,40.9091417946586]]}},{"type":"Feature","id":238690,"properties":{"OBJECTID":238690,"PRIMENAME":"Central Avenue","ELEVTYP_F":0,"ELEVTYP_T":0},"geometry":{"type":"LineString","coordinates":[[-74.0515679257299,40.8890163479727],[-74.0525104138435,40.8895536513604],[-74.0526410353237,40.8896274201213]]}},{"type":"Feature","id":238752,"properties":{"OBJECTID":238752,"PRIMENAME":"State Street","ELEVTYP_F":0,"ELEVTYP_T":0},"geometry":{"type":"LineString","coordinates":[[-74.045206482823,40.8829225239446],[-74.0448053213193,40.8837295992293],[-74.0446861802511,40.8839679937908]]}},{"type":"Feature","id":238786,"properties":{"OBJECTID":238786,"PRIMENAME":"Ricardo Place","ELEVTYP_F":0,"ELEVTYP_T":0},"geometry":{"type":"LineString","coordinates":[[-74.0477810176491,40.8844336604091],[-74.0476822411552,40.8844127131193],[-74.0476731121744,40.8844114934606],[-74.0476643433852,40.8844092129352],[-74.0476561474366,40.8844059268474],[-74.0476487230857,40.8844017148869],[-74.0476422503777,40.8843966791965],[-74.0476368862797,40.8843909418951],[-74.0476327608744,40.8843846421159],[-74.0476299742049,40.8843779326325],[-74.0476288099201,40.8843727662755],[-74.047628441936,40.8843675323434],[-74.0476288752059,40.8843623012905],[-74.0476301038974,40.8843571435322],[-74.0476829904219,40.8841965248348]]}},{"type":"Feature","id":238846,"properties":{"OBJECTID":238846,"PRIMENAME":"Davis Avenue","ELEVTYP_F":0,"ELEVTYP_T":0},"geometry":{"type":"LineString","coordinates":[[-74.0436304482549,40.9094810767108],[-74.0445393466028,40.9100212753677],[-74.0446168597496,40.9100670923653]]}},{"type":"Feature","id":239025,"properties":{"OBJECTID":239025,"PRIMENAME":"Clarendon Place","ELEVTYP_F":0,"ELEVTYP_T":0},"geometry":{"type":"LineString","coordinates":[[-74.0461970518041,40.8978163986626],[-74.0467921820298,40.8972419471682],[-74.0469257553214,40.8971177967475]]}},{"type":"Feature","id":239217,"properties":{"OBJECTID":239217,"PRIMENAME":"Pine Street","ELEVTYP_F":0,"ELEVTYP_T":0},"geometry":{"type":"LineString","coordinates":[[-74.0455497674616,40.901416240474],[-74.0463903471965,40.9006054035982],[-74.0464510893586,40.9005467914493]]}},{"type":"Feature","id":239340,"properties":{"OBJECTID":239340,"PRIMENAME":"East Spring Valley Avenue","ELEVTYP_F":0,"ELEVTYP_T":0},"geometry":{"type":"LineString","coordinates":[[-74.0530254531448,40.90965693058],[-74.0528793014329,40.9095732203579],[-74.0522242261549,40.9091828481101],[-74.0520364576206,40.9090714918055]]}},{"type":"Feature","id":239380,"properties":{"OBJECTID":239380,"PRIMENAME":"Summit Street","ELEVTYP_F":0,"ELEVTYP_T":0},"geometry":{"type":"LineString","coordinates":[[-74.0288656079885,40.8605634531208],[-74.0286109436178,40.8605008433537]]}},{"type":"Feature","id":239387,"properties":{"OBJECTID":239387,"PRIMENAME":"Maywood Avenue","ELEVTYP_F":0,"ELEVTYP_T":0},"geometry":{"type":"LineString","coordinates":[[-74.0678413659065,40.8902784753135],[-74.0675036145135,40.8911150177641],[-74.0674447380799,40.8912577809129]]}},{"type":"Feature","id":239472,"properties":{"OBJECTID":239472,"PRIMENAME":"West Passaic Street","ELEVTYP_F":0,"ELEVTYP_T":0},"geometry":{"type":"LineString","coordinates":[[-74.0641543933038,40.9040990535848],[-74.0645501934542,40.9043353224259],[-74.0646394576233,40.9043887468417]]}},{"type":"Feature","id":239512,"properties":{"OBJECTID":239512,"PRIMENAME":"Vanderbeck Place","ELEVTYP_F":0,"ELEVTYP_T":0},"geometry":{"type":"LineString","coordinates":[[-74.044563897655,40.8960638835677],[-74.0454477871937,40.8952222893097]]}},{"type":"Feature","id":239578,"properties":{"OBJECTID":239578,"PRIMENAME":"Hackensack Avenue","ELEVTYP_F":0,"ELEVTYP_T":0},"geometry":{"type":"LineString","coordinates":[[-74.0382911838172,40.8967770543364],[-74.0382643373804,40.8968349748122],[-74.038151876744,40.8970577144194],[-74.0379714321521,40.8973497115491],[-74.037939249863,40.897404974611]]}},{"type":"Feature","id":240495,"properties":{"OBJECTID":240495,"PRIMENAME":"Cane Street","ELEVTYP_F":0,"ELEVTYP_T":0},"geometry":{"type":"LineString","coordinates":[[-74.0239507214648,40.8794051421072],[-74.0245071200109,40.8795924184119],[-74.0261089756753,40.8801210703107]]}},{"type":"Feature","id":240530,"properties":{"OBJECTID":240530,"PRIMENAME":"Brook Street","ELEVTYP_F":0,"ELEVTYP_T":0},"geometry":{"type":"LineString","coordinates":[[-74.0545746411362,40.904281277401],[-74.0544286961388,40.9041949348231],[-74.0538937882344,40.9038783257375],[-74.0538595718025,40.9038575547612],[-74.0538296695809,40.9038332510274],[-74.0538047090111,40.9038059245082],[-74.0537852138407,40.9037761486029],[-74.0537715931335,40.9037445481057],[-74.053764132687,40.9037117860962],[-74.0537629890358,40.9036785500251],[-74.0537681861678,40.9036455372893],[-74.0538703016909,40.9031741335549],[-74.0538826132695,40.90313085569],[-74.0539022510859,40.9030891636335],[-74.0539288803911,40.903049768046],[-74.053962047265,40.9030133404425],[-74.0540011863545,40.9029805017465],[-74.0540456305109,40.902951811706],[-74.0540946221613,40.9029277593531],[-74.0541473262221,40.9029087546685],[-74.0543751281055,40.9028402988083]]}},{"type":"Feature","id":240705,"properties":{"OBJECTID":240705,"PRIMENAME":"Essex Street","ELEVTYP_F":0,"ELEVTYP_T":0},"geometry":{"type":"LineString","coordinates":[[-74.0645680824312,40.8870906143886],[-74.0643659333834,40.88696884085]]}},{"type":"Feature","id":240919,"properties":{"OBJECTID":240919,"PRIMENAME":"North Street","ELEVTYP_F":0,"ELEVTYP_T":0},"geometry":{"type":"LineString","coordinates":[[-74.0277961667458,40.8882576372398],[-74.0285698420871,40.8884410344503],[-74.0286663997477,40.8884637730501]]}},{"type":"Feature","id":241028,"properties":{"OBJECTID":241028,"PRIMENAME":"Green Street","ELEVTYP_F":0,"ELEVTYP_T":0},"geometry":{"type":"LineString","coordinates":[[-74.0531408374275,40.8765830006477],[-74.0527852598833,40.8768812049558],[-74.0521459282833,40.8774220034144],[-74.0520863165186,40.8774722506313]]}},{"type":"Feature","id":241539,"properties":{"OBJECTID":241539,"PRIMENAME":"Mendez Avenue","ELEVTYP_F":0,"ELEVTYP_T":0},"geometry":{"type":"LineString","coordinates":[[-74.0655546519517,40.9101298077581],[-74.065453433681,40.9101048869339],[-74.0645660588577,40.909886502233]]}},{"type":"Feature","id":241545,"properties":{"OBJECTID":241545,"PRIMENAME":"Linden Avenue","ELEVTYP_F":0,"ELEVTYP_T":0},"geometry":{"type":"LineString","coordinates":[[-74.0281207283383,40.8795379313808],[-74.0281204446631,40.879538112135],[-74.0280917898234,40.8795704126546],[-74.0280665074244,40.8796268829075],[-74.0279292271621,40.8799471764648],[-74.0279039813247,40.8799982938504],[-74.0278753430514,40.8800332294435],[-74.0278288929693,40.8800707821112],[-74.0277753547155,40.8801083057399],[-74.027225034039,40.8805644008571],[-74.0271142227568,40.8806610080174],[-74.0269963409337,40.8807548951763],[-74.026946249798,40.8808059104518],[-74.0269282621181,40.8808381994886],[-74.0269031314726,40.8808731492206],[-74.0268142493142,40.8810133524721]]}},{"type":"Feature","id":241558,"properties":{"OBJECTID":241558,"PRIMENAME":"Wysocki Place","ELEVTYP_F":0,"ELEVTYP_T":0},"geometry":{"type":"LineString","coordinates":[[-74.0405180208985,40.8692800911841],[-74.0384518755723,40.868981235471]]}},{"type":"Feature","id":241808,"properties":{"OBJECTID":241808,"PRIMENAME":"Summit Avenue","ELEVTYP_F":0,"ELEVTYP_T":0},"geometry":{"type":"LineString","coordinates":[[-74.0593499073385,40.8848556757953],[-74.0596135449835,40.8843633632625],[-74.0596388560963,40.8843202139739],[-74.0596659492453,40.8842776925634],[-74.0596947974246,40.88423584141],[-74.0597253718794,40.8841947022248],[-74.0597254821363,40.8841945378418]]}},{"type":"Feature","id":241917,"properties":{"OBJECTID":241917,"PRIMENAME":"Seventh Street","ELEVTYP_F":0,"ELEVTYP_T":0},"geometry":{"type":"LineString","coordinates":[[-74.0244377304659,40.8659205169426],[-74.0244693503741,40.8658421139689],[-74.0251928696958,40.8643987837295],[-74.0252753482127,40.8642311875054]]}},{"type":"Feature","id":242283,"properties":{"OBJECTID":242283,"PRIMENAME":"Beech Street","ELEVTYP_F":0,"ELEVTYP_T":0},"geometry":{"type":"LineString","coordinates":[[-74.0521054767811,40.8850700119296],[-74.0519589588532,40.8850314522661],[-74.0518111342714,40.8849958811067],[-74.0493397571993,40.8844211232389]]}},{"type":"Feature","id":242559,"properties":{"OBJECTID":242559,"PRIMENAME":"Poplar Avenue","ELEVTYP_F":0,"ELEVTYP_T":0},"geometry":{"type":"LineString","coordinates":[[-74.0642905927083,40.9026237030798],[-74.0646767439389,40.902106616681],[-74.0648083160986,40.9019308888026]]}},{"type":"Feature","id":243324,"properties":{"OBJECTID":243324,"PRIMENAME":"West Pleasant Avenue","ELEVTYP_F":0,"ELEVTYP_T":0},"geometry":{"type":"LineString","coordinates":[[-74.0637382508104,40.9052025886519],[-74.0630536572821,40.9047481537764]]}},{"type":"Feature","id":243488,"properties":{"OBJECTID":243488,"PRIMENAME":"Lincoln Street","ELEVTYP_F":0,"ELEVTYP_T":0},"geometry":{"type":"LineString","coordinates":[[-74.0498236583315,40.9065220970972],[-74.049760213396,40.9065838298682],[-74.0490359890807,40.9072884223003]]}},{"type":"Feature","id":243499,"properties":{"OBJECTID":243499,"PRIMENAME":"Krone Place","ELEVTYP_F":0,"ELEVTYP_T":0},"geometry":{"type":"LineString","coordinates":[[-74.0474924793126,40.9025944257534],[-74.0483418765578,40.9017889623622],[-74.0484196896004,40.9017151541627]]}},{"type":"Feature","id":243573,"properties":{"OBJECTID":243573,"PRIMENAME":"Munn Avenue","ELEVTYP_F":0,"ELEVTYP_T":0},"geometry":{"type":"LineString","coordinates":[[-74.0340634577582,40.873814562753],[-74.033258147796,40.8736366459619]]}},{"type":"Feature","id":243774,"properties":{"OBJECTID":243774,"PRIMENAME":"South Lake Drive","ELEVTYP_F":0,"ELEVTYP_T":0},"geometry":{"type":"LineString","coordinates":[[-74.0402272598624,40.9108805417724],[-74.0406564022639,40.9108506799286]]}},{"type":"Feature","id":243864,"properties":{"OBJECTID":243864,"PRIMENAME":"Sutton Avenue","ELEVTYP_F":0,"ELEVTYP_T":0},"geometry":{"type":"LineString","coordinates":[[-74.058603817407,40.8798876428359],[-74.056233255705,40.8784733296517]]}},{"type":"Feature","id":243875,"properties":{"OBJECTID":243875,"PRIMENAME":"Cedar Lane","ELEVTYP_F":0,"ELEVTYP_T":0},"geometry":{"type":"LineString","coordinates":[[-74.0293492603958,40.8914234578533],[-74.0290667899821,40.8913988360522],[-74.0289583773114,40.891384464869],[-74.0288505384641,40.8913677918999],[-74.02874335829,40.8913488302634],[-74.0286369211204,40.8913275948793],[-74.0285313107018,40.8913041024559],[-74.0284266101297,40.8912783714777],[-74.0283229017838,40.8912504221904],[-74.0282202672627,40.8912202765851],[-74.0272588505917,40.8908919711361]]}},{"type":"Feature","id":243969,"properties":{"OBJECTID":243969,"PRIMENAME":"Main Street","ELEVTYP_F":0,"ELEVTYP_T":0},"geometry":{"type":"LineString","coordinates":[[-74.0442880663942,40.8793724663274],[-74.0442651273362,40.8794421132313],[-74.0442429158619,40.8795118958688]]}},{"type":"Feature","id":244113,"properties":{"OBJECTID":244113,"PRIMENAME":"Belle Avenue","ELEVTYP_F":0,"ELEVTYP_T":0},"geometry":{"type":"LineString","coordinates":[[-74.063767311603,40.906252962484],[-74.0630681429308,40.905795975364]]}},{"type":"Feature","id":244372,"properties":{"OBJECTID":244372,"PRIMENAME":"Millo Court","ELEVTYP_F":0,"ELEVTYP_T":0},"geometry":{"type":"LineString","coordinates":[[-74.0424725465946,40.8587210276132],[-74.04247895855,40.8587296994343],[-74.0426347329262,40.8589471676433],[-74.0426440945662,40.8589604436874],[-74.0426521318319,40.8589742108995],[-74.0426588003384,40.858988393253],[-74.0426640632592,40.8590029124285],[-74.0426678915299,40.8590176882467],[-74.0426702640086,40.859032639111],[-74.0426711675929,40.8590476824579],[-74.0426705972917,40.8590627352134],[-74.0426694264515,40.8590749954575]]}},{"type":"Feature","id":244425,"properties":{"OBJECTID":244425,"PRIMENAME":"Anderson Street","ELEVTYP_F":0,"ELEVTYP_T":0},"geometry":{"type":"LineString","coordinates":[[-74.0505037808113,40.8982590311499],[-74.0502150051977,40.8980862367501],[-74.0500996755181,40.8980171917166]]}},{"type":"Feature","id":244819,"properties":{"OBJECTID":244819,"PRIMENAME":"Phillips Avenue","ELEVTYP_F":0,"ELEVTYP_T":0},"geometry":{"type":"LineString","coordinates":[[-74.0448233819592,40.8663149988827],[-74.0449796919367,40.8667060840862]]}},{"type":"Feature","id":245036,"properties":{"OBJECTID":245036,"PRIMENAME":"Hudson Street","ELEVTYP_F":0,"ELEVTYP_T":0},"geometry":{"type":"LineString","coordinates":[[-74.0394520065563,40.866606903469],[-74.0395290499371,40.8668014713046]]}},{"type":"Feature","id":245271,"properties":{"OBJECTID":245271,"PRIMENAME":"Herman Street","ELEVTYP_F":0,"ELEVTYP_T":0},"geometry":{"type":"LineString","coordinates":[[-74.0435156948467,40.9080373417768],[-74.0426462402995,40.9089032141267]]}},{"type":"Feature","id":245328,"properties":{"OBJECTID":245328,"PRIMENAME":"Maywood Avenue","ELEVTYP_F":0,"ELEVTYP_T":0},"geometry":{"type":"LineString","coordinates":[[-74.0662759529335,40.8941118277697],[-74.0660238090736,40.8947288462863]]}},{"type":"Feature","id":245342,"properties":{"OBJECTID":245342,"PRIMENAME":"River Street","ELEVTYP_F":0,"ELEVTYP_T":0},"geometry":{"type":"LineString","coordinates":[[-74.0382689479319,40.8940908039898],[-74.0383162465803,40.8940306049733],[-74.0382596584763,40.8937517126312],[-74.0382451356087,40.8936604406365],[-74.0382382769282,40.8936012594827],[-74.0382365701424,40.893534551309],[-74.0382349207078,40.8934544744579],[-74.0382333756664,40.8933593837826],[-74.0382544364426,40.8931759975318],[-74.038314567891,40.892747589388],[-74.0383731172072,40.8922291136989],[-74.0383344206826,40.8920510879234]]}},{"type":"Feature","id":245471,"properties":{"OBJECTID":245471,"PRIMENAME":"Romanelli Avenue","ELEVTYP_F":0,"ELEVTYP_T":0},"geometry":{"type":"LineString","coordinates":[[-74.0543621652005,40.8735128972221],[-74.0544118885666,40.8734480069502],[-74.0548889840417,40.8728252651968]]}},{"type":"Feature","id":245619,"properties":{"OBJECTID":245619,"PRIMENAME":"Broadway","ELEVTYP_F":0,"ELEVTYP_T":0},"geometry":{"type":"LineString","coordinates":[[-74.0443942351749,40.8746165921021],[-74.0448812171045,40.8747196107533]]}},{"type":"Feature","id":245875,"properties":{"OBJECTID":245875,"PRIMENAME":"Golf Avenue","ELEVTYP_F":0,"ELEVTYP_T":0},"geometry":{"type":"LineString","coordinates":[[-74.0594846763832,40.9000974048196],[-74.0587292822352,40.9008587054264]]}},{"type":"Feature","id":245924,"properties":{"OBJECTID":245924,"PRIMENAME":"Larch Avenue","ELEVTYP_F":0,"ELEVTYP_T":0},"geometry":{"type":"LineString","coordinates":[[-74.026405611966,40.8888058635402],[-74.0260751557343,40.8896025676388]]}},{"type":"Feature","id":246413,"properties":{"OBJECTID":246413,"PRIMENAME":"Passaic Street","ELEVTYP_F":0,"ELEVTYP_T":0},"geometry":{"type":"LineString","coordinates":[[-74.0490535882671,40.8950884371359],[-74.0491630057851,40.8951535354641]]}},{"type":"Feature","id":246462,"properties":{"OBJECTID":246462,"PRIMENAME":"West Main Street","ELEVTYP_F":0,"ELEVTYP_T":0},"geometry":{"type":"LineString","coordinates":[[-74.0319717272459,40.8785704302518],[-74.0316380269369,40.8785049813332],[-74.0310973470905,40.8783949910072],[-74.0307236758402,40.878315707212]]}},{"type":"Feature","id":246624,"properties":{"OBJECTID":246624,"PRIMENAME":"Dicarolis Court","ELEVTYP_F":0,"ELEVTYP_T":0},"geometry":{"type":"LineString","coordinates":[[-74.0511432167754,40.8802064107504],[-74.0493586730508,40.87983435186]]}},{"type":"Feature","id":246803,"properties":{"OBJECTID":246803,"PRIMENAME":"Hackensack Avenue","ELEVTYP_F":0,"ELEVTYP_T":0},"geometry":{"type":"LineString","coordinates":[[-74.0261751654274,40.8623869899178],[-74.0254290997281,40.8622235636427]]}},{"type":"Feature","id":246953,"properties":{"OBJECTID":246953,"PRIMENAME":"Garrison Avenue","ELEVTYP_F":0,"ELEVTYP_T":0},"geometry":{"type":"LineString","coordinates":[[-74.0686213609662,40.8620220870516],[-74.0697214735554,40.8609096327358],[-74.0697834190531,40.8608475719858],[-74.0698428316427,40.8607840998297],[-74.069899655577,40.8607192758315],[-74.0699538375383,40.860653160824],[-74.0700550196235,40.8605446122468],[-74.070162314445,40.8604395017712],[-74.0702333854266,40.8603683161007],[-74.0702441860993,40.8603556657324],[-74.070251445356,40.8603416336916],[-74.0702548713185,40.8603267841793],[-74.0702543262381,40.8603117142656],[-74.0702498320341,40.8602970298817],[-74.0702415694118,40.8602833214572],[-74.0702298705967,40.8602711401799],[-74.0702152059758,40.8602609758338]]}},{"type":"Feature","id":247198,"properties":{"OBJECTID":247198,"PRIMENAME":"Washington Avenue","ELEVTYP_F":0,"ELEVTYP_T":0},"geometry":{"type":"LineString","coordinates":[[-74.0403316874521,40.8664097022433],[-74.04030162662,40.8663332455853],[-74.0398528200005,40.8651913156779],[-74.0395798933831,40.864493257791],[-74.039401058002,40.8640480544836],[-74.0393253635541,40.863859613943],[-74.0388811907158,40.8627319723695],[-74.0388513161462,40.8626551314901]]}},{"type":"Feature","id":247574,"properties":{"OBJECTID":247574,"PRIMENAME":"Green Street","ELEVTYP_F":0,"ELEVTYP_T":0},"geometry":{"type":"LineString","coordinates":[[-74.0621462741983,40.865223331697],[-74.0621417157704,40.8652292167366],[-74.0621048609123,40.8652747799145]]}},{"type":"Feature","id":247665,"properties":{"OBJECTID":247665,"PRIMENAME":"Euclid Avenue","ELEVTYP_F":0,"ELEVTYP_T":0},"geometry":{"type":"LineString","coordinates":[[-74.0438792984844,40.897723233598],[-74.0424744651872,40.8968847196009]]}},{"type":"Feature","id":247820,"properties":{"OBJECTID":247820,"PRIMENAME":"Prospect Avenue","ELEVTYP_F":0,"ELEVTYP_T":0},"geometry":{"type":"LineString","coordinates":[[-74.055046361799,40.8897714739009],[-74.0549167019682,40.8900266004908],[-74.054833328055,40.890190653825],[-74.0545640780189,40.8907181237386]]}},{"type":"Feature","id":248147,"properties":{"OBJECTID":248147,"PRIMENAME":"Pasadena Avenue","ELEVTYP_F":0,"ELEVTYP_T":0},"geometry":{"type":"LineString","coordinates":[[-74.0639907928776,40.8703911723657],[-74.0640897907334,40.8704421910074],[-74.0647092131657,40.8708013731038]]}},{"type":"Feature","id":248149,"properties":{"OBJECTID":248149,"PRIMENAME":"Stelling Avenue","ELEVTYP_F":0,"ELEVTYP_T":0},"geometry":{"type":"LineString","coordinates":[[-74.0538025979466,40.9089196070084],[-74.0547997148358,40.9095131247712]]}},{"type":"Feature","id":248220,"properties":{"OBJECTID":248220,"PRIMENAME":"Hudson Street","ELEVTYP_F":0,"ELEVTYP_T":0},"geometry":{"type":"LineString","coordinates":[[-74.0423262956895,40.8738111915441],[-74.0423940556082,40.873980384692]]}},{"type":"Feature","id":248327,"properties":{"OBJECTID":248327,"PRIMENAME":"Herman Street","ELEVTYP_F":0,"ELEVTYP_T":0},"geometry":{"type":"LineString","coordinates":[[-74.0476785428985,40.9039747013237],[-74.046879211765,40.9047597692904]]}},{"type":"Feature","id":248337,"properties":{"OBJECTID":248337,"PRIMENAME":"East Broad Street","ELEVTYP_F":0,"ELEVTYP_T":0},"geometry":{"type":"LineString","coordinates":[[-74.0274514719159,40.8783671011407],[-74.0248665990447,40.8777822130096]]}},{"type":"Feature","id":248690,"properties":{"OBJECTID":248690,"PRIMENAME":"East Central Avenue","ELEVTYP_F":0,"ELEVTYP_T":0},"geometry":{"type":"LineString","coordinates":[[-74.0636422374625,40.8958767936527],[-74.0642520736987,40.8962220512213],[-74.0652056929919,40.8967536378557]]}},{"type":"Feature","id":248899,"properties":{"OBJECTID":248899,"PRIMENAME":"Boulevard","ELEVTYP_F":0,"ELEVTYP_T":0},"geometry":{"type":"LineString","coordinates":[[-74.0672379579166,40.873365826429],[-74.0678393666207,40.8726371300565],[-74.0678394766566,40.8726369935821]]}},{"type":"Feature","id":248995,"properties":{"OBJECTID":248995,"PRIMENAME":"Lodi Street","ELEVTYP_F":0,"ELEVTYP_T":0},"geometry":{"type":"LineString","coordinates":[[-74.0483552894802,40.8742395885479],[-74.0482011995235,40.8742292130067],[-74.0473898302639,40.8741596321622]]}},{"type":"Feature","id":249119,"properties":{"OBJECTID":249119,"PRIMENAME":"Second Street","ELEVTYP_F":1,"ELEVTYP_T":1},"geometry":{"type":"LineString","coordinates":[[-74.0297738262479,40.8668858028733],[-74.0297069453322,40.8670271691932]]}},{"type":"Feature","id":249208,"properties":{"OBJECTID":249208,"PRIMENAME":"River Street","ELEVTYP_F":0,"ELEVTYP_T":0},"geometry":{"type":"LineString","coordinates":[[-74.0414764918429,40.8798900815237],[-74.0415176529248,40.8802877398341],[-74.0415837692401,40.8809248692445],[-74.0416005990693,40.8810870654387]]}},{"type":"Feature","id":249384,"properties":{"OBJECTID":249384,"PRIMENAME":"Catalpa Avenue","ELEVTYP_F":0,"ELEVTYP_T":0},"geometry":{"type":"LineString","coordinates":[[-74.0502792391324,40.9106281685937],[-74.0494283823782,40.9101268905444]]}},{"type":"Feature","id":249481,"properties":{"OBJECTID":249481,"PRIMENAME":"River Road","ELEVTYP_F":0,"ELEVTYP_T":0},"geometry":{"type":"LineString","coordinates":[[-74.0282124363835,40.8972434782757],[-74.028119749271,40.8974054845447],[-74.0279554089207,40.8977036727691],[-74.0279368409669,40.8977373661715]]}},{"type":"Feature","id":249597,"properties":{"OBJECTID":249597,"PRIMENAME":"Clay Street","ELEVTYP_F":0,"ELEVTYP_T":0},"geometry":{"type":"LineString","coordinates":[[-74.0429691761985,40.887214555535],[-74.0444418418189,40.8876794990155]]}},{"type":"Feature","id":250063,"properties":{"OBJECTID":250063,"PRIMENAME":"Huyler Street","ELEVTYP_F":0,"ELEVTYP_T":0},"geometry":{"type":"LineString","coordinates":[[-74.0493471756288,40.8612803586668],[-74.0491145454551,40.8616546564812],[-74.049053530913,40.8617728749803],[-74.0489980802701,40.8618926628043],[-74.0489482634022,40.8620138690684],[-74.0489041430897,40.8621363411003],[-74.0488714578078,40.8622530182776],[-74.0488337476694,40.8624104824737],[-74.0488031524819,40.8625688336341]]}},{"type":"Feature","id":250447,"properties":{"OBJECTID":250447,"PRIMENAME":"Leonia Avenue","ELEVTYP_F":0,"ELEVTYP_T":0},"geometry":{"type":"LineString","coordinates":[[-74.0283860853952,40.8758632048142],[-74.0283910665773,40.8758798595879],[-74.0284056995103,40.8759428331551],[-74.0281699763225,40.8765455086632]]}},{"type":"Feature","id":250966,"properties":{"OBJECTID":250966,"PRIMENAME":"Wesley Street","ELEVTYP_F":0,"ELEVTYP_T":0},"geometry":{"type":"LineString","coordinates":[[-74.0549339195349,40.8699328725616],[-74.0546896767681,40.8698798905538],[-74.0544437314694,40.8698316606588],[-74.0541962440469,40.8697882143317],[-74.0539473759133,40.8697495799079],[-74.0538592205559,40.8697370965836],[-74.0524887254671,40.8694955302096]]}},{"type":"Feature","id":251124,"properties":{"OBJECTID":251124,"PRIMENAME":"University Plaza Drive","ELEVTYP_F":0,"ELEVTYP_T":0},"geometry":{"type":"LineString","coordinates":[[-74.0385449956223,40.8960466837274],[-74.0380810832266,40.896028054488],[-74.0380268313294,40.8960300666963],[-74.0379726755916,40.8960332370892],[-74.037918658945,40.8960375631532],[-74.037864824211,40.896043041459],[-74.0378112140671,40.8960496676634],[-74.0377578710126,40.8960574365137],[-74.0377048373353,40.8960663418511],[-74.0376521550774,40.8960763766158],[-74.0374225173724,40.8961133110872],[-74.0373379557726,40.8961269126514]]}},{"type":"Feature","id":251271,"properties":{"OBJECTID":251271,"PRIMENAME":"Grove Street","ELEVTYP_F":0,"ELEVTYP_T":0},"geometry":{"type":"LineString","coordinates":[[-74.0465073269711,40.8740059346516],[-74.0464822982589,40.8740754754788],[-74.0461529163295,40.8749886576774]]}},{"type":"Feature","id":251399,"properties":{"OBJECTID":251399,"PRIMENAME":"Grand Avenue","ELEVTYP_F":0,"ELEVTYP_T":0},"geometry":{"type":"LineString","coordinates":[[-74.0360091701548,40.9112317090632],[-74.0355075480781,40.9113178837229]]}},{"type":"Feature","id":251719,"properties":{"OBJECTID":251719,"PRIMENAME":"Lincoln Street","ELEVTYP_F":0,"ELEVTYP_T":0},"geometry":{"type":"LineString","coordinates":[[-74.0473690288158,40.908915725943],[-74.0464814203315,40.9097806778259]]}},{"type":"Feature","id":251902,"properties":{"OBJECTID":251902,"PRIMENAME":"Webster Street","ELEVTYP_F":0,"ELEVTYP_T":0},"geometry":{"type":"LineString","coordinates":[[-74.0246343064295,40.8586809013785],[-74.0262122786902,40.8590764627423]]}},{"type":"Feature","id":251971,"properties":{"OBJECTID":251971,"PRIMENAME":"Oswego Place","ELEVTYP_F":0,"ELEVTYP_T":0},"geometry":{"type":"LineString","coordinates":[[-74.040504080696,40.9131077171899],[-74.0395527734113,40.9130982681807]]}},{"type":"Feature","id":252185,"properties":{"OBJECTID":252185,"PRIMENAME":"Jackson Avenue","ELEVTYP_F":0,"ELEVTYP_T":0},"geometry":{"type":"LineString","coordinates":[[-74.0400664185992,40.8634431986518],[-74.0402339056384,40.8638704028647]]}},{"type":"Feature","id":252241,"properties":{"OBJECTID":252241,"PRIMENAME":"Palisade Avenue","ELEVTYP_F":0,"ELEVTYP_T":0},"geometry":{"type":"LineString","coordinates":[[-74.0255790590799,40.8757423624397],[-74.0255627200083,40.8757921155996],[-74.0253551005519,40.8763802982092]]}},{"type":"Feature","id":252273,"properties":{"OBJECTID":252273,"PRIMENAME":"Palisade Avenue","ELEVTYP_F":0,"ELEVTYP_T":0},"geometry":{"type":"LineString","coordinates":[[-74.0257859940401,40.875112536038],[-74.0255790590799,40.8757423624397]]}},{"type":"Feature","id":252348,"properties":{"OBJECTID":252348,"PRIMENAME":"Central Avenue","ELEVTYP_F":0,"ELEVTYP_T":0},"geometry":{"type":"LineString","coordinates":[[-74.0283163476925,40.8650883367027],[-74.0278613127123,40.8649604825679],[-74.0273023349871,40.8648060958923]]}},{"type":"Feature","id":252439,"properties":{"OBJECTID":252439,"PRIMENAME":"Comet Way","ELEVTYP_F":0,"ELEVTYP_T":0},"geometry":{"type":"LineString","coordinates":[[-74.0541080574126,40.8868183623967],[-74.0538111081218,40.8875615582884],[-74.0535523517439,40.8882181612101],[-74.0534985163465,40.88835473278]]}},{"type":"Feature","id":252495,"properties":{"OBJECTID":252495,"PRIMENAME":"Maple Avenue","ELEVTYP_F":0,"ELEVTYP_T":0},"geometry":{"type":"LineString","coordinates":[[-74.0481996621091,40.8593940435492],[-74.048159882506,40.8594487595747],[-74.0476403685865,40.860163837872],[-74.0475847044417,40.8602404536372]]}},{"type":"Feature","id":252685,"properties":{"OBJECTID":252685,"PRIMENAME":"Rutgers Place","ELEVTYP_F":0,"ELEVTYP_T":0},"geometry":{"type":"LineString","coordinates":[[-74.0390139141973,40.9134967813814],[-74.0389589847843,40.9134949099645],[-74.0389044985695,40.9134893055993],[-74.0388508954817,40.9134800135363],[-74.0387986083191,40.9134671088009],[-74.0382294697818,40.9133326087784],[-74.0381429239773,40.9133131202232],[-74.0380546917343,40.9132986228199],[-74.0379652724637,40.9132891986261],[-74.0378751722945,40.9132849009843],[-74.037784901209,40.9132857542198],[-74.037694970157,40.9132917535032],[-74.0376058881638,40.9133028648772],[-74.0375181594493,40.9133190254494],[-74.0373020171719,40.9134045620697],[-74.0369370381975,40.9135489964424],[-74.0369051006712,40.9135609853763],[-74.0368717754701,40.9135705570461],[-74.036837379612,40.9135776203978],[-74.0368022403003,40.9135821082386]]}},{"type":"Feature","id":252739,"properties":{"OBJECTID":252739,"PRIMENAME":"Poplar Avenue","ELEVTYP_F":0,"ELEVTYP_T":0},"geometry":{"type":"LineString","coordinates":[[-74.0654856813697,40.9010328593305],[-74.0659596778798,40.9004065771075],[-74.0660264937779,40.9003183587764]]}},{"type":"Feature","id":252817,"properties":{"OBJECTID":252817,"PRIMENAME":"Beech Street","ELEVTYP_F":0,"ELEVTYP_T":0},"geometry":{"type":"LineString","coordinates":[[-74.0666251350285,40.8932573408159],[-74.0667997453667,40.8932925740587],[-74.0671914676912,40.893386441082],[-74.0678266684932,40.8934863517163],[-74.0685668376866,40.8930476776221],[-74.0698537422718,40.8938327130095]]}},{"type":"Feature","id":252949,"properties":{"OBJECTID":252949,"PRIMENAME":"Linwood Avenue","ELEVTYP_F":0,"ELEVTYP_T":0},"geometry":{"type":"LineString","coordinates":[[-74.0242677975028,40.8723711163657],[-74.0246728329211,40.8724883481481],[-74.0256530960007,40.8727515061724]]}},{"type":"Feature","id":253530,"properties":{"OBJECTID":253530,"PRIMENAME":"Simons Avenue","ELEVTYP_F":0,"ELEVTYP_T":0},"geometry":{"type":"LineString","coordinates":[[-74.0614482822794,40.8824897424381],[-74.0608343040204,40.882127572478],[-74.0600449844523,40.8816552898577]]}},{"type":"Feature","id":254072,"properties":{"OBJECTID":254072,"PRIMENAME":"Hackensack Avenue","ELEVTYP_F":0,"ELEVTYP_T":0},"geometry":{"type":"LineString","coordinates":[[-74.0280319346833,40.8627862233666],[-74.0272139633753,40.8626076072539],[-74.0270881730563,40.8625801375235]]}},{"type":"Feature","id":254147,"properties":{"OBJECTID":254147,"PRIMENAME":"Ackerson Street","ELEVTYP_F":0,"ELEVTYP_T":0},"geometry":{"type":"LineString","coordinates":[[-74.0478331079597,40.8764023950453],[-74.0477237064085,40.8763928253412],[-74.0466249195374,40.8762967760323]]}},{"type":"Feature","id":254308,"properties":{"OBJECTID":254308,"PRIMENAME":"Court Street","ELEVTYP_F":0,"ELEVTYP_T":0},"geometry":{"type":"LineString","coordinates":[[-74.0413864086216,40.8790877617184],[-74.0408528693728,40.8791240960331],[-74.0408281938864,40.8791257548122]]}},{"type":"Feature","id":254412,"properties":{"OBJECTID":254412,"PRIMENAME":"Essex Street","ELEVTYP_F":0,"ELEVTYP_T":0},"geometry":{"type":"LineString","coordinates":[[-74.0597254821363,40.8841945378418],[-74.0583262300941,40.8833667775454]]}},{"type":"Feature","id":254522,"properties":{"OBJECTID":254522,"PRIMENAME":"Vanderbeck Place","ELEVTYP_F":0,"ELEVTYP_T":0},"geometry":{"type":"LineString","coordinates":[[-74.0454477871937,40.8952222893097],[-74.0456646871506,40.8949946280033],[-74.0461228950661,40.8945663559399],[-74.0461897194254,40.8945010702849]]}},{"type":"Feature","id":254645,"properties":{"OBJECTID":254645,"PRIMENAME":"Kaplan Avenue","ELEVTYP_F":0,"ELEVTYP_T":0},"geometry":{"type":"LineString","coordinates":[[-74.056056554476,40.8811040025067],[-74.0556117879793,40.8808438941226],[-74.0547703948768,40.8803518179774]]}},{"type":"Feature","id":254883,"properties":{"OBJECTID":254883,"PRIMENAME":"Walnut Road","ELEVTYP_F":0,"ELEVTYP_T":0},"geometry":{"type":"LineString","coordinates":[[-74.0518145123429,40.9102111253307],[-74.0517856761663,40.9102495689582],[-74.0517576194646,40.9102883431295],[-74.0517303488207,40.9103274387488],[-74.0517038706331,40.910366846645],[-74.0516781911144,40.9104065575739],[-74.0516533162902,40.91044656222],[-74.0516292519969,40.9104868511989],[-74.0516060038812,40.9105274150595]]}},{"type":"Feature","id":254958,"properties":{"OBJECTID":254958,"PRIMENAME":"Lodi Street","ELEVTYP_F":0,"ELEVTYP_T":0},"geometry":{"type":"LineString","coordinates":[[-74.0561376658013,40.875696893516],[-74.0560955108177,40.8756743889982],[-74.0560528265112,40.8756524668799],[-74.0560096268457,40.8756311343327],[-74.0559659259537,40.8756103983351],[-74.0556477103491,40.8754722241866],[-74.0556419774677,40.8754697354414],[-74.0556077222891,40.8754542753903],[-74.0555725900597,40.8754399942723]]}},{"type":"Feature","id":254999,"properties":{"OBJECTID":254999,"PRIMENAME":"Myer Street","ELEVTYP_F":0,"ELEVTYP_T":0},"geometry":{"type":"LineString","coordinates":[[-74.0461456531534,40.8810398472799],[-74.0480797760914,40.8814277805149]]}},{"type":"Feature","id":255166,"properties":{"OBJECTID":255166,"PRIMENAME":"Lodi Street","ELEVTYP_F":0,"ELEVTYP_T":0},"geometry":{"type":"LineString","coordinates":[[-74.045231618824,40.8737439308681],[-74.0448149308171,40.8736583199425],[-74.044370984119,40.8735665876369]]}},{"type":"Feature","id":255192,"properties":{"OBJECTID":255192,"PRIMENAME":"Esplanade","ELEVTYP_F":0,"ELEVTYP_T":0},"geometry":{"type":"LineString","coordinates":[[-74.0577643255289,40.8988183810154],[-74.0577131436048,40.8989097281581],[-74.0576499751751,40.8990517005353]]}},{"type":"Feature","id":255471,"properties":{"OBJECTID":255471,"PRIMENAME":"Beech Street","ELEVTYP_F":0,"ELEVTYP_T":0},"geometry":{"type":"LineString","coordinates":[[-74.0644143933946,40.891809060175],[-74.0645699787774,40.8919013280943],[-74.0651297922549,40.8922358241996]]}},{"type":"Feature","id":255748,"properties":{"OBJECTID":255748,"PRIMENAME":"Summit Avenue","ELEVTYP_F":0,"ELEVTYP_T":0},"geometry":{"type":"LineString","coordinates":[[-74.0511825993892,40.9047792870736],[-74.05101315817,40.9052678836235],[-74.0508061201007,40.9058648947052]]}},{"type":"Feature","id":255812,"properties":{"OBJECTID":255812,"PRIMENAME":"Mary Street","ELEVTYP_F":0,"ELEVTYP_T":0},"geometry":{"type":"LineString","coordinates":[[-74.0630028338676,40.8785618433092],[-74.063042609879,40.8786674769323],[-74.0630842643311,40.8787726926345],[-74.0631277896147,40.8788774711736],[-74.0631731777789,40.8789817933873],[-74.0632204205315,40.879085640197],[-74.0632695092413,40.8791889926104],[-74.0633204349393,40.8792918317261],[-74.0633731883204,40.879394138736]]}},{"type":"Feature","id":255822,"properties":{"OBJECTID":255822,"PRIMENAME":"Davis Avenue","ELEVTYP_F":0,"ELEVTYP_T":0},"geometry":{"type":"LineString","coordinates":[[-74.0490295393326,40.9127217547881],[-74.0490253591574,40.9127353185004],[-74.0490182669037,40.9127481669577],[-74.0490084596575,40.9127599431124],[-74.0489962099524,40.9127703197155],[-74.048984992013,40.912775050544],[-74.0489747795419,40.9127809481162],[-74.0489657818568,40.9127878915539],[-74.048958183377,40.9127957385427],[-74.0489521398435,40.9128043282485],[-74.0489477751266,40.9128134846145],[-74.0489451786876,40.9128230199693],[-74.0489444037447,40.9128327388734],[-74.048945466182,40.9128424421253],[-74.0489483442244,40.9128519308442],[-74.0489529788833,40.9128610105464],[-74.048959275166,40.9128694951314],[-74.0489671040224,40.9128772106963],[-74.0489763049901,40.9128839991003],[-74.0489866894834,40.9128897212059],[-74.0489980446581,40.9128942597309],[-74.0490115862058,40.912898085619],[-74.0490257830551,40.9129001292985],[-74.0490402307604,40.912900332548],[-74.0490545177296,40.9128986895775],[-74.0490682369497,40.9128952471924],[-74.0490809975821,40.9128901034608],[-74.0490924360971,40.9128834049194],[-74.0491022266302,40.9128753423989],[-74.0491100902655,40.9128661455874],[-74.0491158029818,40.9128560764871],[-74.0491192020341,40.9128454219502],[-74.0491201905902,40.9128344855068],[-74.0491187404889,40.9128235787179],[-74.0491148930424,40.9128130122997],[-74.049108757859,40.9128030872715],[-74.0491005097206,40.9127940863803],[-74.0490803813739,40.9127774153276],[-74.0490617878273,40.9127597482405],[-74.0490448144911,40.9127411662746],[-74.0490295393326,40.9127217547881]]}},{"type":"Feature","id":256968,"properties":{"OBJECTID":256968,"PRIMENAME":"State Street","ELEVTYP_F":0,"ELEVTYP_T":0},"geometry":{"type":"LineString","coordinates":[[-74.0429691761985,40.887214555535],[-74.0428537970121,40.8874246617218],[-74.0425796725481,40.8879387173579]]}},{"type":"Feature","id":257529,"properties":{"OBJECTID":257529,"PRIMENAME":"South Lake Drive","ELEVTYP_F":0,"ELEVTYP_T":0},"geometry":{"type":"LineString","coordinates":[[-74.0406564022639,40.9108506799286],[-74.0407469737508,40.9108443701735],[-74.0407877347295,40.9108448455768],[-74.0408284312937,40.9108466472128],[-74.0408689885022,40.9108497717639],[-74.0409093316704,40.9108542134765],[-74.0409493865081,40.9108599641711],[-74.0409890792555,40.9108670132583],[-74.0410283368198,40.9108753477573],[-74.0410670869095,40.9108849523204],[-74.0417538563691,40.9110378027512],[-74.0418058799591,40.9110517956797],[-74.0418560564674,40.9110692440728],[-74.041903988024,40.9110900095757],[-74.0419492945591,40.9111139275307]]}},{"type":"Feature","id":257638,"properties":{"OBJECTID":257638,"PRIMENAME":"Henry Place","ELEVTYP_F":0,"ELEVTYP_T":0},"geometry":{"type":"LineString","coordinates":[[-74.0381989641236,40.8634760326127],[-74.0380754738543,40.8635043600287],[-74.0376487974234,40.8636023077723],[-74.0372962866925,40.8636832271769]]}},{"type":"Feature","id":257705,"properties":{"OBJECTID":257705,"PRIMENAME":"South River Street","ELEVTYP_F":0,"ELEVTYP_T":0},"geometry":{"type":"LineString","coordinates":[[-74.0407369444077,40.875270096803],[-74.0409027861307,40.8757884797884],[-74.0409502813813,40.8759278922966]]}},{"type":"Feature","id":257770,"properties":{"OBJECTID":257770,"PRIMENAME":"Park Place","ELEVTYP_F":0,"ELEVTYP_T":0},"geometry":{"type":"LineString","coordinates":[[-74.0297032458859,40.8808109269478],[-74.0322358340563,40.8814220370075]]}},{"type":"Feature","id":258375,"properties":{"OBJECTID":258375,"PRIMENAME":"Fairmount Avenue","ELEVTYP_F":0,"ELEVTYP_T":0},"geometry":{"type":"LineString","coordinates":[[-74.0526886796304,40.9069665040361],[-74.0533776206409,40.9073699064128]]}},{"type":"Feature","id":258469,"properties":{"OBJECTID":258469,"PRIMENAME":"Elm Street","ELEVTYP_F":0,"ELEVTYP_T":0},"geometry":{"type":"LineString","coordinates":[[-74.0592077189175,40.9023848481874],[-74.058617166841,40.9029544961784],[-74.0585142289585,40.9030540171701]]}},{"type":"Feature","id":258529,"properties":{"OBJECTID":258529,"PRIMENAME":"Dinallo Street","ELEVTYP_F":0,"ELEVTYP_T":0},"geometry":{"type":"LineString","coordinates":[[-74.0466369559998,40.8696712480622],[-74.0467201390044,40.8696901852596],[-74.0490168971407,40.8702132883673]]}},{"type":"Feature","id":258670,"properties":{"OBJECTID":258670,"PRIMENAME":"Fifth Street","ELEVTYP_F":0,"ELEVTYP_T":0},"geometry":{"type":"LineString","coordinates":[[-74.0287954774495,40.8597253814126],[-74.0289127539636,40.8592672615531],[-74.0289435942515,40.8591083366767],[-74.0289783087231,40.8589294340197]]}},{"type":"Feature","id":258702,"properties":{"OBJECTID":258702,"PRIMENAME":"Sussex Street","ELEVTYP_F":0,"ELEVTYP_T":0},"geometry":{"type":"LineString","coordinates":[[-74.052209681286,40.8812542401942],[-74.0530738721443,40.8815228625775]]}},{"type":"Feature","id":259674,"properties":{"OBJECTID":259674,"PRIMENAME":"Union Street","ELEVTYP_F":0,"ELEVTYP_T":0},"geometry":{"type":"LineString","coordinates":[[-74.0424453737109,40.8911313933611],[-74.0420625377852,40.8915080425981],[-74.0416566894207,40.8919073284833]]}},{"type":"Feature","id":259695,"properties":{"OBJECTID":259695,"PRIMENAME":"Lodi Street","ELEVTYP_F":0,"ELEVTYP_T":0},"geometry":{"type":"LineString","coordinates":[[-74.0543666608032,40.875231412895],[-74.0542970102117,40.8752246979502],[-74.0542276350446,40.8752165033474],[-74.0541585898503,40.8752068355296],[-74.0540899289176,40.8751957020987],[-74.0538285350594,40.8751458890522],[-74.0535679907911,40.8750935749475],[-74.0534819768826,40.8750750522925],[-74.053396829179,40.875054351852],[-74.0533126433544,40.8750314968857],[-74.0532295140018,40.8750065130744],[-74.0529446401198,40.8749233350023]]}},{"type":"Feature","id":259820,"properties":{"OBJECTID":259820,"PRIMENAME":"Fairmount Avenue","ELEVTYP_F":0,"ELEVTYP_T":0},"geometry":{"type":"LineString","coordinates":[[-74.0508061201007,40.9058648947052],[-74.0509376571297,40.9059307636374],[-74.051196031972,40.9060353901791],[-74.0512620709106,40.9060660961084],[-74.0513242805737,40.906101103837],[-74.0513821755225,40.9061401401937],[-74.0514353039843,40.906182900571],[-74.0515080823366,40.9062427131173],[-74.0515865767836,40.9062982092419],[-74.0516703438469,40.9063490753927],[-74.0517589102546,40.9063950241763],[-74.0518426973845,40.90643840316],[-74.0519217552829,40.9064866217949],[-74.0519955994478,40.9065393845823],[-74.0520637773254,40.9065963681747],[-74.052092258733,40.9066304459433],[-74.0521238353996,40.9066629158116],[-74.0521583502434,40.90669361625],[-74.0521956315651,40.906722394531],[-74.0522354939022,40.9067491074893],[-74.0522777389516,40.906773622234],[-74.0523221565557,40.9067958168094],[-74.0523685257486,40.9068155808024],[-74.0524291151786,40.9068382400169],[-74.052488511745,40.9068626495585],[-74.0525466276435,40.9068887733437],[-74.0526033769631,40.9069165727553],[-74.0526460276902,40.906941537951],[-74.0526886796304,40.9069665040361]]}},{"type":"Feature","id":259979,"properties":{"OBJECTID":259979,"PRIMENAME":"Marvin Avenue","ELEVTYP_F":0,"ELEVTYP_T":0},"geometry":{"type":"LineString","coordinates":[[-74.0693375961285,40.8853028212432],[-74.0678864795379,40.8844072893308]]}},{"type":"Feature","id":260476,"properties":{"OBJECTID":260476,"PRIMENAME":"Leuning Street","ELEVTYP_F":0,"ELEVTYP_T":0},"geometry":{"type":"LineString","coordinates":[[-74.0496123777576,40.8720496482729],[-74.0496719118759,40.8720564442852],[-74.0497312325938,40.8720642417926],[-74.0497903106776,40.8720730369523],[-74.0498491170133,40.8720828254303],[-74.0499024396802,40.8720902804022]]}},{"type":"Feature","id":260656,"properties":{"OBJECTID":260656,"PRIMENAME":"Green Street","ELEVTYP_F":0,"ELEVTYP_T":0},"geometry":{"type":"LineString","coordinates":[[-74.0520863165186,40.8774722506313],[-74.0516722936355,40.8778211165235],[-74.0509003973569,40.8784715186784],[-74.0506011155624,40.8787311775324]]}},{"type":"Feature","id":261261,"properties":{"OBJECTID":261261,"PRIMENAME":"Atlantic Street","ELEVTYP_F":0,"ELEVTYP_T":0},"geometry":{"type":"LineString","coordinates":[[-74.0429816167027,40.8812212288892],[-74.0425278510255,40.8811356816695],[-74.0424832270362,40.8811259018017],[-74.0424382883046,40.8811169907408],[-74.0423930641891,40.8811089543083],[-74.0423475842344,40.8811017977545],[-74.0423018781525,40.8810955257547],[-74.042255975803,40.8810901424063],[-74.0422099071736,40.8810856512263],[-74.0421637023608,40.8810820551486]]}},{"type":"Feature","id":261318,"properties":{"OBJECTID":261318,"PRIMENAME":"Palisade Avenue","ELEVTYP_F":0,"ELEVTYP_T":0},"geometry":{"type":"LineString","coordinates":[[-74.0283256978505,40.8698856300546],[-74.0280257717049,40.8705143120863]]}},{"type":"Feature","id":261841,"properties":{"OBJECTID":261841,"PRIMENAME":"Stavola Place","ELEVTYP_F":0,"ELEVTYP_T":0},"geometry":{"type":"LineString","coordinates":[[-74.0652483246513,40.9109105456236],[-74.0653584685125,40.9109372842831],[-74.0655230901499,40.9109772394424],[-74.0656043039849,40.9110026610378],[-74.0656825959377,40.9110329015775],[-74.0657574701339,40.9110677695301],[-74.0658284523442,40.9111070440557],[-74.066029630688,40.9112312662119],[-74.066227238127,40.9113587448164],[-74.0662928210704,40.9113940744036],[-74.0663619899619,40.9114252205481],[-74.0664342822289,40.9114519749555],[-74.0665092144088,40.9114741587012],[-74.066970849408,40.9115989199713]]}},{"type":"Feature","id":261888,"properties":{"OBJECTID":261888,"PRIMENAME":"East Broadway","ELEVTYP_F":0,"ELEVTYP_T":0},"geometry":{"type":"LineString","coordinates":[[-74.0404559148395,40.8744187870181],[-74.0390851986747,40.8747288213941],[-74.0375689734753,40.8750771769645],[-74.0366846074727,40.8752803509368],[-74.0366564373698,40.8752879316453],[-74.0366301512044,40.875298728699],[-74.0366063817602,40.8753124821823],[-74.0365857012369,40.8753288610096],[-74.0365686074763,40.8753474708957],[-74.0365555119777,40.875367863847],[-74.0365467299915,40.8753895489459],[-74.0365424729301,40.8754120041688]]}},{"type":"Feature","id":262178,"properties":{"OBJECTID":262178,"PRIMENAME":"Hackensack Avenue","ELEVTYP_F":0,"ELEVTYP_T":1},"geometry":{"type":"LineString","coordinates":[[-74.0332013234128,40.9070564655386],[-74.0333370173804,40.9061584083963]]}},{"type":"Feature","id":262554,"properties":{"OBJECTID":262554,"PRIMENAME":"Falmouth Avenue","ELEVTYP_F":0,"ELEVTYP_T":0},"geometry":{"type":"LineString","coordinates":[[-74.0244114112505,40.8996447432969],[-74.0244529029231,40.8995389052751],[-74.0247311882741,40.8988287599616]]}},{"type":"Feature","id":262709,"properties":{"OBJECTID":262709,"PRIMENAME":"Railroad Avenue","ELEVTYP_F":0,"ELEVTYP_T":0},"geometry":{"type":"LineString","coordinates":[[-74.0289783087231,40.8589294340197],[-74.0290619244744,40.859113939581],[-74.0291893676972,40.8593951526137],[-74.029386843223,40.8598496437837]]}},{"type":"Feature","id":262717,"properties":{"OBJECTID":262717,"PRIMENAME":"Polifly Road","ELEVTYP_F":0,"ELEVTYP_T":0},"geometry":{"type":"LineString","coordinates":[[-74.060924548619,40.8738399535318],[-74.0607904395792,40.8739961240679]]}},{"type":"Feature","id":262994,"properties":{"OBJECTID":262994,"PRIMENAME":"Lookout Avenue","ELEVTYP_F":0,"ELEVTYP_T":0},"geometry":{"type":"LineString","coordinates":[[-74.0494101407424,40.8986779762844],[-74.0492465442544,40.8985782450623],[-74.0492007510395,40.8985474319273],[-74.0491575331917,40.8985145468176],[-74.0491170532494,40.8984797134138],[-74.0490794634528,40.8984430627244],[-74.0490349299847,40.8983974395537],[-74.0489864261343,40.8983542100109],[-74.0489341747002,40.8983135726607],[-74.0488784156934,40.898275714161],[-74.0475934383155,40.8975151393954],[-74.0469257553214,40.8971177967475]]}},{"type":"Feature","id":263048,"properties":{"OBJECTID":263048,"PRIMENAME":"Wesley Street","ELEVTYP_F":0,"ELEVTYP_T":0},"geometry":{"type":"LineString","coordinates":[[-74.0574734064847,40.8711154206745],[-74.0573912896472,40.8710432545179],[-74.057339672747,40.870997890148],[-74.05669839918,40.8704342785079],[-74.0566254966243,40.870386872198],[-74.0565492968407,40.8703425544907],[-74.0564700266307,40.8703014572895],[-74.056387921933,40.8702637029129],[-74.0563043932709,40.8702298462687],[-74.0562185862745,40.8701994497023],[-74.0561307494476,40.8701726012436],[-74.0560411371718,40.8701493786468],[-74.0556837637356,40.8700794989183],[-74.0549339195349,40.8699328725616]]}},{"type":"Feature","id":263066,"properties":{"OBJECTID":263066,"PRIMENAME":"West Lookout Avenue","ELEVTYP_F":0,"ELEVTYP_T":0},"geometry":{"type":"LineString","coordinates":[[-74.0548450146273,40.9019217385712],[-74.0554682279041,40.9022967044579],[-74.0568564983975,40.9031312551631]]}},{"type":"Feature","id":263089,"properties":{"OBJECTID":263089,"PRIMENAME":"Lafayette Street","ELEVTYP_F":0,"ELEVTYP_T":0},"geometry":{"type":"LineString","coordinates":[[-74.0425689973981,40.8720431493346],[-74.0417003873599,40.8722506778219]]}},{"type":"Feature","id":263284,"properties":{"OBJECTID":263284,"PRIMENAME":"South River Street","ELEVTYP_F":0,"ELEVTYP_T":0},"geometry":{"type":"LineString","coordinates":[[-74.0409757350187,40.8760124831823],[-74.0410157135625,40.8761877417122],[-74.0410378838667,40.8763026506789]]}},{"type":"Feature","id":263468,"properties":{"OBJECTID":263468,"PRIMENAME":"Commerce Way","ELEVTYP_F":0,"ELEVTYP_T":0},"geometry":{"type":"LineString","coordinates":[[-74.0327511561064,40.910697431084],[-74.0310030625591,40.9106652742964],[-74.0309823880679,40.9106675467946],[-74.0309622431052,40.9106717425668],[-74.0309429372917,40.9106777971256],[-74.0309247673508,40.9106856174147],[-74.0309080125482,40.9106950832391],[-74.0308929303998,40.9107060491125],[-74.0308797527137,40.9107183464932],[-74.0308686820275,40.9107317863749],[-74.0304122908657,40.9112365588362],[-74.0303798858492,40.9112628047112],[-74.0303428053942,40.9112852072283],[-74.0303018337808,40.9113032925547],[-74.0302578375924,40.9113166781696],[-74.0302117473869,40.9113250809552],[-74.030164538014,40.911328323185],[-74.0301172079955,40.9113263362828],[-74.0300707584049,40.9113191622735],[-74.0283834877118,40.9109515970475],[-74.028231557073,40.9109184977057]]}},{"type":"Feature","id":263650,"properties":{"OBJECTID":263650,"PRIMENAME":"Central Avenue","ELEVTYP_F":0,"ELEVTYP_T":0},"geometry":{"type":"LineString","coordinates":[[-74.0545640780189,40.8907181237386],[-74.055542003131,40.8912750489955],[-74.0558557544132,40.8914537242711],[-74.0560241521441,40.8915484692682]]}},{"type":"Feature","id":264158,"properties":{"OBJECTID":264158,"PRIMENAME":"Beech Street","ELEVTYP_F":0,"ELEVTYP_T":0},"geometry":{"type":"LineString","coordinates":[[-74.0590688881856,40.8887943260444],[-74.058919942649,40.8887056783359],[-74.0577431852373,40.8880052973052]]}},{"type":"Feature","id":264217,"properties":{"OBJECTID":264217,"PRIMENAME":"Prospect Avenue","ELEVTYP_F":0,"ELEVTYP_T":0},"geometry":{"type":"LineString","coordinates":[[-74.0504309343006,40.8977017184525],[-74.0500996755181,40.8980171917166]]}},{"type":"Feature","id":264402,"properties":{"OBJECTID":264402,"PRIMENAME":"Edel Avenue","ELEVTYP_F":0,"ELEVTYP_T":0},"geometry":{"type":"LineString","coordinates":[[-74.0609009707162,40.911749612325],[-74.0606589308175,40.912298279349]]}},{"type":"Feature","id":264462,"properties":{"OBJECTID":264462,"PRIMENAME":"Spring Valley Avenue","ELEVTYP_F":0,"ELEVTYP_T":0},"geometry":{"type":"LineString","coordinates":[[-74.0480555554791,40.906706859647],[-74.0478323945996,40.9065744754776],[-74.0470679812924,40.9061190574905]]}},{"type":"Feature","id":264970,"properties":{"OBJECTID":264970,"PRIMENAME":"US Highway 46","ELEVTYP_F":1,"ELEVTYP_T":0},"geometry":{"type":"LineString","coordinates":[[-74.0679957601311,40.8724507251411],[-74.0681479440482,40.8726463837078],[-74.068227367158,40.8727503303475],[-74.0683628287975,40.872911662938],[-74.0684704214497,40.8730535981945],[-74.0686943048223,40.8733489372604],[-74.0690772440522,40.873836470061],[-74.0690790546654,40.8738388273127],[-74.0691586091824,40.8739423451132]]}},{"type":"Feature","id":265045,"properties":{"OBJECTID":265045,"PRIMENAME":"Palisade Avenue","ELEVTYP_F":0,"ELEVTYP_T":0},"geometry":{"type":"LineString","coordinates":[[-74.0274115435189,40.8717718353213],[-74.0273228237832,40.8719521440264],[-74.0271334875423,40.8723380202417]]}},{"type":"Feature","id":265147,"properties":{"OBJECTID":265147,"PRIMENAME":"Millo Court","ELEVTYP_F":0,"ELEVTYP_T":0},"geometry":{"type":"LineString","coordinates":[[-74.0433982141984,40.8583653267274],[-74.0433795973256,40.8583755735879],[-74.043363034948,40.8583855328394],[-74.0433453237828,40.8583942786992],[-74.0433266175338,40.8584017352677],[-74.0433070785404,40.8584078378338],[-74.0432868763691,40.8584125334374],[-74.0432661863421,40.8584157813281],[-74.043245188015,40.8584175533195],[-74.0432240636195,40.8584178340337],[-74.0426638903724,40.8584084774635],[-74.0426363744819,40.8584080569767],[-74.0426091340849,40.8584110356683],[-74.0425828927768,40.8584173344143],[-74.0425583476141,40.8584267858991],[-74.042536150599,40.8584391390597],[-74.0425168913599,40.8584540657549],[-74.0425010814888,40.8584711694815],[-74.0424891409522,40.8584899959067],[-74.0424508049789,40.8585863293127],[-74.0424463644687,40.8586033340627],[-74.042443972236,40.8586205743971],[-74.0424436479753,40.8586379083926],[-74.0424453943575,40.8586551933552],[-74.042449197008,40.8586722869941],[-74.0424550246247,40.8586890485935],[-74.0424628292357,40.858705340171],[-74.0424725465946,40.8587210276132]]}},{"type":"Feature","id":265338,"properties":{"OBJECTID":265338,"PRIMENAME":"Main Street","ELEVTYP_F":0,"ELEVTYP_T":0},"geometry":{"type":"LineString","coordinates":[[-74.0327337306186,40.9127152905552],[-74.0326072678265,40.9127123879844],[-74.0320108939669,40.9126986997305]]}},{"type":"Feature","id":265523,"properties":{"OBJECTID":265523,"PRIMENAME":"Kinderkamack Road","ELEVTYP_F":0,"ELEVTYP_T":0},"geometry":{"type":"LineString","coordinates":[[-74.0363973219871,40.9087315744855],[-74.0363615744433,40.9087664392211],[-74.0363268925283,40.9088019180585],[-74.0363038262857,40.9088257581975],[-74.0362813477078,40.9088499192727],[-74.0362594645516,40.9088743929474],[-74.0362381843685,40.9088991707768]]}},{"type":"Feature","id":265622,"properties":{"OBJECTID":265622,"PRIMENAME":"Johnson Avenue","ELEVTYP_F":0,"ELEVTYP_T":0},"geometry":{"type":"LineString","coordinates":[[-74.0409568853631,40.9048826251907],[-74.0407681233564,40.9052275427724],[-74.0406704536221,40.9054060131164],[-74.0406301959507,40.9054777151096]]}},{"type":"Feature","id":265660,"properties":{"OBJECTID":265660,"PRIMENAME":"Chestnut Avenue","ELEVTYP_F":0,"ELEVTYP_T":0},"geometry":{"type":"LineString","coordinates":[[-74.0313074994513,40.869995861253],[-74.0311123628839,40.8699413726061],[-74.0306445474866,40.8698107371175],[-74.0286296934489,40.8692483993775]]}},{"type":"Feature","id":265821,"properties":{"OBJECTID":265821,"PRIMENAME":"Terrace Avenue","ELEVTYP_F":0,"ELEVTYP_T":0},"geometry":{"type":"LineString","coordinates":[[-74.0656454368978,40.8682348660517],[-74.065486924921,40.8684214220601],[-74.0653306833338,40.8686090787569],[-74.0651980650305,40.8687672639732]]}},{"type":"Feature","id":265957,"properties":{"OBJECTID":265957,"PRIMENAME":"Schrieffer Street","ELEVTYP_F":0,"ELEVTYP_T":0},"geometry":{"type":"LineString","coordinates":[[-74.0516171903119,40.8723651945326],[-74.0516368642246,40.8723006551262],[-74.0520798155732,40.8708499864412],[-74.0521905976556,40.8704871644422],[-74.0524887254671,40.8694955302096]]}},{"type":"Feature","id":266051,"properties":{"OBJECTID":266051,"PRIMENAME":"Burton Avenue","ELEVTYP_F":0,"ELEVTYP_T":0},"geometry":{"type":"LineString","coordinates":[[-74.0662568979461,40.8701115244455],[-74.0660390670448,40.8697132374592],[-74.0660299566963,40.8696911913392],[-74.0660231941247,40.8696686634429],[-74.066017903422,40.8696381256434],[-74.0660169216514,40.8696073338907],[-74.0660202599459,40.8695766375463],[-74.0660278804236,40.8695463848884],[-74.0660396966174,40.8695169191607],[-74.0660555744567,40.8694885746783],[-74.0660753337885,40.8694616730341],[-74.0660987504216,40.8694365194504],[-74.066121059303,40.8694169268026]]}},{"type":"Feature","id":266197,"properties":{"OBJECTID":266197,"PRIMENAME":"South Prospect Avenue","ELEVTYP_F":0,"ELEVTYP_T":0},"geometry":{"type":"LineString","coordinates":[[-74.0606290831686,40.8810955994222],[-74.0600449844523,40.8816552898577]]}},{"type":"Feature","id":266268,"properties":{"OBJECTID":266268,"PRIMENAME":"Hackensack Avenue","ELEVTYP_F":0,"ELEVTYP_T":0},"geometry":{"type":"LineString","coordinates":[[-74.037939249863,40.897404974611],[-74.0377566994751,40.8977184009122],[-74.0375957605339,40.8979775356066],[-74.0375551465966,40.8980332591588]]}},{"type":"Feature","id":266406,"properties":{"OBJECTID":266406,"PRIMENAME":"South Main Street","ELEVTYP_F":0,"ELEVTYP_T":0},"geometry":{"type":"LineString","coordinates":[[-74.0466369559998,40.8696712480622],[-74.0469543444068,40.8687196702094]]}},{"type":"Feature","id":266462,"properties":{"OBJECTID":266462,"PRIMENAME":"Park Street","ELEVTYP_F":0,"ELEVTYP_T":0},"geometry":{"type":"LineString","coordinates":[[-74.0445059625102,40.8902231257237],[-74.0438519793496,40.8913940273355],[-74.0437802624124,40.8915148500785],[-74.0436812992853,40.8916815704253],[-74.0436253269803,40.8918363004526]]}},{"type":"Feature","id":266655,"properties":{"OBJECTID":266655,"PRIMENAME":"Hudson Street","ELEVTYP_F":0,"ELEVTYP_T":0},"geometry":{"type":"LineString","coordinates":[[-74.0363374471244,40.8588076953966],[-74.0364350151264,40.8590555772184],[-74.0368652243782,40.8601438376164],[-74.0369484014681,40.8603693125923],[-74.0369990898065,40.8605303698138],[-74.0372168817443,40.8610244560875],[-74.0372807084827,40.8611682946669],[-74.0373413346775,40.861312929162],[-74.0373987431018,40.8614583185254],[-74.037452917442,40.8616044214953],[-74.0376590627167,40.8621261671209],[-74.0378605215484,40.8626360420446]]}},{"type":"Feature","id":266746,"properties":{"OBJECTID":266746,"PRIMENAME":"Dyatt Place","ELEVTYP_F":0,"ELEVTYP_T":0},"geometry":{"type":"LineString","coordinates":[[-74.0375551465966,40.8980332591588],[-74.0374095147033,40.8979798632556],[-74.0361236686819,40.8975083893106]]}},{"type":"Feature","id":266802,"properties":{"OBJECTID":266802,"PRIMENAME":"Rowland Avenue","ELEVTYP_F":0,"ELEVTYP_T":0},"geometry":{"type":"LineString","coordinates":[[-74.0645591336566,40.8820346146336],[-74.0642610603707,40.8823195662255]]}},{"type":"Feature","id":266836,"properties":{"OBJECTID":266836,"PRIMENAME":"US Highway 46","ELEVTYP_F":0,"ELEVTYP_T":0},"geometry":{"type":"LineString","coordinates":[[-74.0622500710934,40.8651865870004],[-74.0623411079441,40.8653019975169]]}},{"type":"Feature","id":266904,"properties":{"OBJECTID":266904,"PRIMENAME":"East Mercer Street","ELEVTYP_F":0,"ELEVTYP_T":0},"geometry":{"type":"LineString","coordinates":[[-74.0412176164352,40.8833475085438],[-74.0420231783381,40.8835613564421]]}},{"type":"Feature","id":266955,"properties":{"OBJECTID":266955,"PRIMENAME":"Kenneth Street","ELEVTYP_F":0,"ELEVTYP_T":0},"geometry":{"type":"LineString","coordinates":[[-74.0590234755821,40.8741012870548],[-74.0595004994058,40.8736038456566]]}},{"type":"Feature","id":267159,"properties":{"OBJECTID":267159,"PRIMENAME":"Desoto Avenue","ELEVTYP_F":0,"ELEVTYP_T":0},"geometry":{"type":"LineString","coordinates":[[-74.0682605958428,40.909065770388],[-74.0669539912306,40.9082877360146],[-74.0668535307091,40.9082234056664],[-74.0667575412436,40.9081552592409],[-74.0666662743752,40.9080834753262],[-74.0665799692667,40.9080082420428]]}},{"type":"Feature","id":267622,"properties":{"OBJECTID":267622,"PRIMENAME":"Linden Street","ELEVTYP_F":0,"ELEVTYP_T":0},"geometry":{"type":"LineString","coordinates":[[-74.0438583798688,40.8951808470054],[-74.0437561043164,40.895277699093],[-74.0433435624556,40.8956799009038],[-74.0432617753657,40.8957635401079],[-74.0431849704135,40.8958498562604],[-74.0431410109465,40.8959032742401],[-74.0430989605183,40.8959575699624]]}},{"type":"Feature","id":267849,"properties":{"OBJECTID":267849,"PRIMENAME":"Krone Place","ELEVTYP_F":0,"ELEVTYP_T":0},"geometry":{"type":"LineString","coordinates":[[-74.0451060792949,40.9049450712431],[-74.0458992910668,40.9041747589885]]}},{"type":"Feature","id":268113,"properties":{"OBJECTID":268113,"PRIMENAME":"Fifth Street","ELEVTYP_F":0,"ELEVTYP_T":0},"geometry":{"type":"LineString","coordinates":[[-74.0287406072898,40.8608969742682],[-74.0286650630107,40.8607359496819],[-74.0286617482515,40.8607293358513],[-74.0286205358546,40.8606471335155],[-74.0286134463598,40.8605813349289],[-74.0286109436178,40.8605008433537]]}},{"type":"Feature","id":268199,"properties":{"OBJECTID":268199,"PRIMENAME":"Coles Avenue","ELEVTYP_F":0,"ELEVTYP_T":0},"geometry":{"type":"LineString","coordinates":[[-74.0417478697329,40.9097720402893],[-74.0406688801641,40.9091417946586]]}},{"type":"Feature","id":268265,"properties":{"OBJECTID":268265,"PRIMENAME":"Hudson Street","ELEVTYP_F":0,"ELEVTYP_T":0},"geometry":{"type":"LineString","coordinates":[[-74.0423940556082,40.873980384692],[-74.042432592418,40.8740766103136],[-74.0424864038597,40.8742129178107]]}},{"type":"Feature","id":268323,"properties":{"OBJECTID":268323,"PRIMENAME":"West Central Avenue","ELEVTYP_F":0,"ELEVTYP_T":0},"geometry":{"type":"LineString","coordinates":[[-74.0652056929919,40.8967536378557],[-74.0658336738723,40.8971036762004],[-74.067227442487,40.8978987967138],[-74.0678937810921,40.8982837187703],[-74.0680035655221,40.8983460556673]]}},{"type":"Feature","id":268437,"properties":{"OBJECTID":268437,"PRIMENAME":"Summit Avenue","ELEVTYP_F":0,"ELEVTYP_T":0},"geometry":{"type":"LineString","coordinates":[[-74.0500505481304,40.9078930570078],[-74.05002317757,40.9079279404298],[-74.0499941823989,40.9079620600142],[-74.0499635996072,40.9079953722308],[-74.0499314682106,40.9080278345791],[-74.04939087387,40.9085475338725],[-74.0492789381774,40.9086580738668]]}},{"type":"Feature","id":268753,"properties":{"OBJECTID":268753,"PRIMENAME":"Kansas Street","ELEVTYP_F":0,"ELEVTYP_T":0},"geometry":{"type":"LineString","coordinates":[[-74.0513215378495,40.8774051838011],[-74.0500658004775,40.8772951066228]]}},{"type":"Feature","id":268907,"properties":{"OBJECTID":268907,"PRIMENAME":"Larch Avenue","ELEVTYP_F":0,"ELEVTYP_T":0},"geometry":{"type":"LineString","coordinates":[[-74.0260751557343,40.8896025676388],[-74.0259823370672,40.8898262003458],[-74.0258001903802,40.8902757853095],[-74.0257569643997,40.8903824949175]]}},{"type":"Feature","id":269078,"properties":{"OBJECTID":269078,"PRIMENAME":"Lodi Street","ELEVTYP_F":0,"ELEVTYP_T":0},"geometry":{"type":"LineString","coordinates":[[-74.0627659023079,40.8730865682947],[-74.0619709934242,40.8726212357547]]}},{"type":"Feature","id":269080,"properties":{"OBJECTID":269080,"PRIMENAME":"Walnut Avenue","ELEVTYP_F":0,"ELEVTYP_T":0},"geometry":{"type":"LineString","coordinates":[[-74.0238529058398,40.8700611008021],[-74.0254309434257,40.870504709103],[-74.0264004380338,40.8707683379533]]}},{"type":"Feature","id":269122,"properties":{"OBJECTID":269122,"PRIMENAME":"Bridge Street","ELEVTYP_F":0,"ELEVTYP_T":0},"geometry":{"type":"LineString","coordinates":[[-74.0414764918429,40.8798900815237],[-74.0415172445469,40.8799006558285],[-74.0415587410493,40.8799094064724],[-74.0416008398197,40.8799163036099],[-74.0416433972737,40.8799213237171],[-74.042415665278,40.8800693770904]]}},{"type":"Feature","id":269524,"properties":{"OBJECTID":269524,"PRIMENAME":"River Road","ELEVTYP_F":0,"ELEVTYP_T":0},"geometry":{"type":"LineString","coordinates":[[-74.0312749494695,40.8925023175251],[-74.0312526097965,40.892653856878],[-74.0312353965231,40.8927764592347],[-74.0312149772371,40.8928987779229],[-74.0311913599793,40.8930207646708],[-74.0311645540524,40.8931423713373]]}},{"type":"Feature","id":269706,"properties":{"OBJECTID":269706,"PRIMENAME":"Mary Street","ELEVTYP_F":0,"ELEVTYP_T":0},"geometry":{"type":"LineString","coordinates":[[-74.0619647002956,40.8767773721579],[-74.0623912878872,40.8770299062251],[-74.0624097759347,40.8770394983101],[-74.0624275587788,40.8770498300325],[-74.0624445851152,40.8770608715851],[-74.0624608058222,40.8770725911126],[-74.0624761741021,40.8770849548039],[-74.0624906456165,40.8770979269894],[-74.062504178614,40.877111470244],[-74.0625167340511,40.8771255454949],[-74.0625282757041,40.8771401121346],[-74.0625387702743,40.8771551281377],[-74.0625481874838,40.8771705501826],[-74.0625565001628,40.877186333776],[-74.0625636843281,40.8772024333816],[-74.0625697192521,40.8772188025514],[-74.062574587523,40.8772353940595],[-74.0625782750948,40.8772521600386],[-74.0625906254214,40.8772878090782]]}},{"type":"Feature","id":269792,"properties":{"OBJECTID":269792,"PRIMENAME":"Third Street","ELEVTYP_F":0,"ELEVTYP_T":0},"geometry":{"type":"LineString","coordinates":[[-74.0522333686881,40.8903498148267],[-74.0518660367536,40.8910006660841]]}},{"type":"Feature","id":269867,"properties":{"OBJECTID":269867,"PRIMENAME":"Larch Avenue","ELEVTYP_F":0,"ELEVTYP_T":0},"geometry":{"type":"LineString","coordinates":[[-74.0307236758402,40.878315707212],[-74.030679052094,40.8784228256806],[-74.0304128494977,40.8790720174396]]}},{"type":"Feature","id":270178,"properties":{"OBJECTID":270178,"PRIMENAME":"Central Avenue","ELEVTYP_F":0,"ELEVTYP_T":0},"geometry":{"type":"LineString","coordinates":[[-74.0293345371826,40.8653744842092],[-74.0283163476925,40.8650883367027]]}},{"type":"Feature","id":270446,"properties":{"OBJECTID":270446,"PRIMENAME":"Grand Avenue","ELEVTYP_F":0,"ELEVTYP_T":0},"geometry":{"type":"LineString","coordinates":[[-74.0368244385256,40.911080584726],[-74.0360091701548,40.9112317090632]]}},{"type":"Feature","id":270739,"properties":{"OBJECTID":270739,"PRIMENAME":"Hillside Avenue","ELEVTYP_F":0,"ELEVTYP_T":0},"geometry":{"type":"LineString","coordinates":[[-74.0672031061283,40.8643289260855],[-74.0679142436852,40.8647402317375]]}},{"type":"Feature","id":271041,"properties":{"OBJECTID":271041,"PRIMENAME":"Edel Avenue","ELEVTYP_F":0,"ELEVTYP_T":0},"geometry":{"type":"LineString","coordinates":[[-74.0627232043008,40.9075485113465],[-74.0624510537034,40.9081634949273],[-74.0619852721174,40.9092474822543]]}},{"type":"Feature","id":271063,"properties":{"OBJECTID":271063,"PRIMENAME":"Elm Avenue","ELEVTYP_F":0,"ELEVTYP_T":0},"geometry":{"type":"LineString","coordinates":[[-74.0311593099001,40.87317510883],[-74.0311997092123,40.873133084064],[-74.0312442445128,40.8730789148041],[-74.0312824544763,40.8729884872171],[-74.0314012867644,40.8726030040302],[-74.0315267541144,40.8721944894613],[-74.0315376968887,40.8721297532418],[-74.0315313374852,40.87205726129],[-74.0315044208146,40.8719769724639],[-74.0314611991725,40.8718499805076],[-74.0314510787646,40.8717980602896],[-74.0314482619364,40.8717360131158],[-74.0314557166374,40.8716531180548],[-74.0315044328288,40.8715135988728],[-74.0318410193047,40.8707073481509]]}},{"type":"Feature","id":271174,"properties":{"OBJECTID":271174,"PRIMENAME":"Lodi Street","ELEVTYP_F":0,"ELEVTYP_T":0},"geometry":{"type":"LineString","coordinates":[[-74.0569663182265,40.8762376489922],[-74.0562802828146,40.8757795714677],[-74.0562098343699,40.8757373777071],[-74.0561376658013,40.875696893516]]}},{"type":"Feature","id":271179,"properties":{"OBJECTID":271179,"PRIMENAME":"Summit Avenue","ELEVTYP_F":0,"ELEVTYP_T":0},"geometry":{"type":"LineString","coordinates":[[-74.0453245283326,40.9125412878294],[-74.0457444717805,40.9121279811199]]}},{"type":"Feature","id":271237,"properties":{"OBJECTID":271237,"PRIMENAME":"West Central Avenue","ELEVTYP_F":0,"ELEVTYP_T":0},"geometry":{"type":"LineString","coordinates":[[-74.0680035655221,40.8983460556673],[-74.0689450677997,40.8988809691135],[-74.0690711576362,40.8989509997392],[-74.0692007039255,40.8990172989598],[-74.0693335149812,40.899079768669],[-74.0694693942841,40.8991383164267]]}},{"type":"Feature","id":271313,"properties":{"OBJECTID":271313,"PRIMENAME":"Wilson Avenue","ELEVTYP_F":0,"ELEVTYP_T":0},"geometry":{"type":"LineString","coordinates":[[-74.0254801341335,40.8963784534279],[-74.0256340662835,40.8961491164326],[-74.0258865719091,40.8957727816992]]}},{"type":"Feature","id":271349,"properties":{"OBJECTID":271349,"PRIMENAME":"East Central Avenue","ELEVTYP_F":0,"ELEVTYP_T":0},"geometry":{"type":"LineString","coordinates":[[-74.0592062987622,40.8933561628941],[-74.0594546630826,40.8934976524842],[-74.0611455866827,40.8944625198093],[-74.0628348750472,40.8954196697116],[-74.0636422374625,40.8958767936527]]}},{"type":"Feature","id":271584,"properties":{"OBJECTID":271584,"PRIMENAME":"Central Avenue","ELEVTYP_F":0,"ELEVTYP_T":0},"geometry":{"type":"LineString","coordinates":[[-74.0316497880961,40.8660239740887],[-74.0313749539741,40.8659468506084]]}},{"type":"Feature","id":271694,"properties":{"OBJECTID":271694,"PRIMENAME":"Columbia Avenue","ELEVTYP_F":0,"ELEVTYP_T":0},"geometry":{"type":"LineString","coordinates":[[-74.0692736690223,40.8782453880367],[-74.0686682394716,40.8778859264989],[-74.068119015735,40.8775598311971]]}},{"type":"Feature","id":271950,"properties":{"OBJECTID":271950,"PRIMENAME":"Jersey Avenue","ELEVTYP_F":0,"ELEVTYP_T":0},"geometry":{"type":"LineString","coordinates":[[-74.058463226094,40.9075623644436],[-74.0583588191768,40.9078000324677],[-74.0581473772019,40.9082896581916]]}},{"type":"Feature","id":272288,"properties":{"OBJECTID":272288,"PRIMENAME":"South Summit Avenue","ELEVTYP_F":1,"ELEVTYP_T":1},"geometry":{"type":"LineString","coordinates":[[-74.063858348927,40.8784950576923],[-74.06396524414,40.8782978265581],[-74.0639653543765,40.8782976621707]]}},{"type":"Feature","id":272413,"properties":{"OBJECTID":272413,"PRIMENAME":"Essex Street","ELEVTYP_F":0,"ELEVTYP_T":0},"geometry":{"type":"LineString","coordinates":[[-74.062062024621,40.8855882808981],[-74.0614253616122,40.8852085426735],[-74.0613318022737,40.8851526848704]]}},{"type":"Feature","id":272741,"properties":{"OBJECTID":272741,"PRIMENAME":"Boulevard","ELEVTYP_F":0,"ELEVTYP_T":0},"geometry":{"type":"LineString","coordinates":[[-74.0682880355456,40.8721062094458],[-74.068438193165,40.8719253028667]]}},{"type":"Feature","id":272856,"properties":{"OBJECTID":272856,"PRIMENAME":"Jackson Avenue","ELEVTYP_F":0,"ELEVTYP_T":0},"geometry":{"type":"LineString","coordinates":[[-74.0426522458073,40.8732090092239],[-74.0425578328058,40.8733974050038],[-74.0423262956895,40.8738111915441]]}},{"type":"Feature","id":273088,"properties":{"OBJECTID":273088,"PRIMENAME":"Sievers Lane","ELEVTYP_F":0,"ELEVTYP_T":0},"geometry":{"type":"LineString","coordinates":[[-74.0435097512318,40.8591104428628],[-74.0435216312224,40.858951559679],[-74.0435238822687,40.8589201847126],[-74.0435231983842,40.8588887675217],[-74.0435195830135,40.8588574661663],[-74.0435130543496,40.8588264381233],[-74.0434168633364,40.8584400354345],[-74.0433982141984,40.8583653267274]]}},{"type":"Feature","id":273225,"properties":{"OBJECTID":273225,"PRIMENAME":"Pasadena Avenue","ELEVTYP_F":0,"ELEVTYP_T":0},"geometry":{"type":"LineString","coordinates":[[-74.0661520456188,40.871638828731],[-74.0678394766566,40.8726369935821]]}},{"type":"Feature","id":273466,"properties":{"OBJECTID":273466,"PRIMENAME":"Maywood Avenue","ELEVTYP_F":0,"ELEVTYP_T":0},"geometry":{"type":"LineString","coordinates":[[-74.0605847848761,40.9053527037558],[-74.0603861211139,40.9058122712269]]}},{"type":"Feature","id":273481,"properties":{"OBJECTID":273481,"PRIMENAME":"Passaic Street","ELEVTYP_F":0,"ELEVTYP_T":0},"geometry":{"type":"LineString","coordinates":[[-74.0398460892029,40.8896017311853],[-74.0411099601109,40.8903354090837]]}},{"type":"Feature","id":273910,"properties":{"OBJECTID":273910,"PRIMENAME":"Cambridge Terrace","ELEVTYP_F":0,"ELEVTYP_T":0},"geometry":{"type":"LineString","coordinates":[[-74.0590688881856,40.8887943260444],[-74.0590863366039,40.8887549967224],[-74.0591013987485,40.8887151034303],[-74.0591140431591,40.8886747295048],[-74.0591242434262,40.8886339592859],[-74.059238831607,40.8881518443955],[-74.0592405223263,40.8881447345725],[-74.0592491672069,40.8881055326686],[-74.0592608806729,40.888066792379],[-74.0592756209301,40.888028651913],[-74.0592933353864,40.88799124734],[-74.05957936988,40.8874669317219],[-74.0596017819549,40.8874213822533],[-74.0596196903086,40.8873746988467],[-74.0596329967149,40.8873271375822],[-74.0596416281923,40.8872789593548],[-74.0596455374033,40.8872304284433],[-74.0596447029146,40.8871818110606],[-74.0596391293142,40.8871333738932],[-74.0596288471859,40.8870853826386],[-74.059628045731,40.8870523068166],[-74.0596308309958,40.8870192930026],[-74.0596371841079,40.8869865648276],[-74.0596470620272,40.8869543439872],[-74.0596603978371,40.8869228487404],[-74.0596771011982,40.8868922924308],[-74.0596970589604,40.8868628820412],[-74.0597201359294,40.8868348167922],[-74.0597223564614,40.8868326215795],[-74.0598159521383,40.8867400618529]]}},{"type":"Feature","id":274139,"properties":{"OBJECTID":274139,"PRIMENAME":"Charlton Avenue","ELEVTYP_F":0,"ELEVTYP_T":0},"geometry":{"type":"LineString","coordinates":[[-74.068438193165,40.8719253028667],[-74.0685151024513,40.8719706902476],[-74.0697799372547,40.872716791146]]}},{"type":"Feature","id":274330,"properties":{"OBJECTID":274330,"PRIMENAME":"Demarest Place","ELEVTYP_F":0,"ELEVTYP_T":0},"geometry":{"type":"LineString","coordinates":[[-74.0656636259354,40.8894357516758],[-74.0661309047581,40.8894375104299],[-74.0662022378795,40.8894422995369],[-74.0662729760606,40.8894507620507],[-74.066342791223,40.8894628587229],[-74.0664113595685,40.8894785334498],[-74.0664783630811,40.8894977135335],[-74.0665434910016,40.8895203100178],[-74.0666064412687,40.8895462181019],[-74.06666692192,40.8895753176255],[-74.0678413659065,40.8902784753135]]}},{"type":"Feature","id":274385,"properties":{"OBJECTID":274385,"PRIMENAME":"Buckingham Court","ELEVTYP_F":0,"ELEVTYP_T":0},"geometry":{"type":"LineString","coordinates":[[-74.065417338478,40.8900002604446],[-74.0652369426486,40.8899886242715],[-74.0650931579273,40.8899793493761],[-74.0649529781314,40.8899703058367],[-74.0649339321208,40.8896151078794],[-74.0647772993801,40.8894919866331]]}},{"type":"Feature","id":274396,"properties":{"OBJECTID":274396,"PRIMENAME":"Catalpa Avenue","ELEVTYP_F":0,"ELEVTYP_T":0},"geometry":{"type":"LineString","coordinates":[[-74.0287612691821,40.8928947012646],[-74.0284987085811,40.8933766261085],[-74.0284142340192,40.8935361456205]]}},{"type":"Feature","id":274570,"properties":{"OBJECTID":274570,"PRIMENAME":"Essex Street","ELEVTYP_F":0,"ELEVTYP_T":0},"geometry":{"type":"LineString","coordinates":[[-74.0681058665018,40.8891844851209],[-74.0678888669614,40.8890540275328],[-74.0671039960191,40.8885897307781],[-74.0671037123082,40.8885895631082],[-74.0669646249296,40.8885072838573],[-74.0667239194335,40.8883650898209]]}},{"type":"Feature","id":274687,"properties":{"OBJECTID":274687,"PRIMENAME":"Belle Avenue","ELEVTYP_F":0,"ELEVTYP_T":0},"geometry":{"type":"LineString","coordinates":[[-74.0651078921993,40.9071291553069],[-74.0650210329464,40.9070723920452],[-74.0644480446674,40.9066978801954]]}},{"type":"Feature","id":274805,"properties":{"OBJECTID":274805,"PRIMENAME":"Leonia Avenue","ELEVTYP_F":0,"ELEVTYP_T":0},"geometry":{"type":"LineString","coordinates":[[-74.0261089756753,40.8801210703107],[-74.0258765664655,40.8803758333055],[-74.0255863481793,40.8807035931465]]}},{"type":"Feature","id":274923,"properties":{"OBJECTID":274923,"PRIMENAME":"Russell Place","ELEVTYP_F":0,"ELEVTYP_T":0},"geometry":{"type":"LineString","coordinates":[[-74.0518695623565,40.8819372043976],[-74.0519773571748,40.8819719906512],[-74.0535844416423,40.8824903175259]]}},{"type":"Feature","id":275073,"properties":{"OBJECTID":275073,"PRIMENAME":"Atlantic Street","ELEVTYP_F":0,"ELEVTYP_T":0},"geometry":{"type":"LineString","coordinates":[[-74.0437768197175,40.8813712038748],[-74.0429816167027,40.8812212288892]]}},{"type":"Feature","id":275083,"properties":{"OBJECTID":275083,"PRIMENAME":"Hackensack Avenue","ELEVTYP_F":0,"ELEVTYP_T":0},"geometry":{"type":"LineString","coordinates":[[-74.0385449956223,40.8960466837274],[-74.0385097831166,40.8962102503964],[-74.0384604196276,40.8963747213241],[-74.0384210955694,40.8964843339149],[-74.0383524409996,40.8966450487685],[-74.0382911838172,40.8967770543364]]}},{"type":"Feature","id":275454,"properties":{"OBJECTID":275454,"PRIMENAME":"Briarcliff Avenue","ELEVTYP_F":0,"ELEVTYP_T":0},"geometry":{"type":"LineString","coordinates":[[-74.0663079518668,40.9129881053564],[-74.0665401807424,40.9125000533882],[-74.066970849408,40.9115989199713]]}},{"type":"Feature","id":275458,"properties":{"OBJECTID":275458,"PRIMENAME":"Golf Avenue","ELEVTYP_F":0,"ELEVTYP_T":0},"geometry":{"type":"LineString","coordinates":[[-74.0614332979144,40.8981177491183],[-74.0608502464489,40.8987106586515]]}},{"type":"Feature","id":275484,"properties":{"OBJECTID":275484,"PRIMENAME":"Wilhelm Street","ELEVTYP_F":0,"ELEVTYP_T":0},"geometry":{"type":"LineString","coordinates":[[-74.0675649421494,40.9012672684307],[-74.0675174968349,40.9013310198696],[-74.0670318290423,40.9019840555114]]}},{"type":"Feature","id":275494,"properties":{"OBJECTID":275494,"PRIMENAME":"Elm Avenue","ELEVTYP_F":0,"ELEVTYP_T":0},"geometry":{"type":"LineString","coordinates":[[-74.0290612953804,40.8787605973864],[-74.0286973225467,40.8796713431804]]}},{"type":"Feature","id":275553,"properties":{"OBJECTID":275553,"PRIMENAME":"Lodi Street","ELEVTYP_F":0,"ELEVTYP_T":0},"geometry":{"type":"LineString","coordinates":[[-74.0471807320736,40.8741395140697],[-74.0471162713066,40.8741302474806],[-74.0470522925349,40.8741192230345],[-74.0469888789302,40.8741064550633],[-74.0469261129296,40.8740919601653],[-74.0465073269711,40.8740059346516]]}},{"type":"Feature","id":275762,"properties":{"OBJECTID":275762,"PRIMENAME":"Devoe Place","ELEVTYP_F":0,"ELEVTYP_T":0},"geometry":{"type":"LineString","coordinates":[[-74.0359417061238,40.900479757145],[-74.0373871711799,40.9011868983051],[-74.0374241312741,40.9012049795076],[-74.0380022921884,40.90148781493]]}},{"type":"Feature","id":275859,"properties":{"OBJECTID":275859,"PRIMENAME":"Cedar Lane","ELEVTYP_F":0,"ELEVTYP_T":0},"geometry":{"type":"LineString","coordinates":[[-74.0319557027167,40.8916205962967],[-74.0313621703442,40.8915765232124]]}},{"type":"Feature","id":275911,"properties":{"OBJECTID":275911,"PRIMENAME":"East Kansas Street","ELEVTYP_F":0,"ELEVTYP_T":0},"geometry":{"type":"LineString","coordinates":[[-74.0410378838667,40.8763026506789],[-74.0406091476767,40.8762216424886]]}},{"type":"Feature","id":275944,"properties":{"OBJECTID":275944,"PRIMENAME":"Summit Avenue","ELEVTYP_F":0,"ELEVTYP_T":0},"geometry":{"type":"LineString","coordinates":[[-74.0521306983677,40.9013586482336],[-74.0520173745266,40.9019027474791],[-74.0520109001162,40.9019347275164]]}},{"type":"Feature","id":276120,"properties":{"OBJECTID":276120,"PRIMENAME":"Larch Avenue","ELEVTYP_F":0,"ELEVTYP_T":0},"geometry":{"type":"LineString","coordinates":[[-74.0293665811962,40.8816171686971],[-74.0292569453293,40.8818796583016],[-74.0290334860969,40.8824186752217]]}},{"type":"Feature","id":276339,"properties":{"OBJECTID":276339,"PRIMENAME":"Vincent Avenue","ELEVTYP_F":0,"ELEVTYP_T":0},"geometry":{"type":"LineString","coordinates":[[-74.0650800380208,40.876189916871],[-74.0641524774129,40.8756432857822]]}},{"type":"Feature","id":276686,"properties":{"OBJECTID":276686,"PRIMENAME":"Industrial Avenue","ELEVTYP_F":0,"ELEVTYP_T":0},"geometry":{"type":"LineString","coordinates":[[-74.0290540980938,40.8576160355828],[-74.0290671918562,40.857625233444],[-74.0292083792795,40.8578945952761],[-74.0299954153695,40.8594990145961],[-74.0306221686346,40.8608740399819],[-74.0310659051732,40.8620367376473],[-74.0311145964175,40.862074102147],[-74.031178465823,40.8620972542652],[-74.0312837270922,40.8621262571501],[-74.0314602563029,40.862195597835],[-74.0315989516261,40.8622876780401],[-74.0317074713127,40.8623881720888],[-74.0317595808194,40.8624741900305],[-74.0318075278216,40.8626173412853],[-74.0318995218506,40.8629530494293],[-74.0320918382494,40.8634578549011],[-74.0321746760835,40.8642033438637],[-74.0329288754901,40.8654230801437],[-74.0329234791987,40.8654593756008],[-74.0328811192684,40.8657442805615]]}},{"type":"Feature","id":276923,"properties":{"OBJECTID":276923,"PRIMENAME":"Felter Avenue","ELEVTYP_F":0,"ELEVTYP_T":0},"geometry":{"type":"LineString","coordinates":[[-74.0547997148358,40.9095131247712],[-74.0547335455557,40.909576716601],[-74.0541076159093,40.9101783190699],[-74.0540433403037,40.9102400779643]]}},{"type":"Feature","id":277459,"properties":{"OBJECTID":277459,"PRIMENAME":"Henry Street","ELEVTYP_F":0,"ELEVTYP_T":0},"geometry":{"type":"LineString","coordinates":[[-74.0606835688488,40.8670279249265],[-74.0603120559974,40.8668235207239],[-74.0596178249586,40.8664348507663],[-74.0590699392648,40.8661268058833]]}},{"type":"Feature","id":277526,"properties":{"OBJECTID":277526,"PRIMENAME":"Lee Place","ELEVTYP_F":0,"ELEVTYP_T":0},"geometry":{"type":"LineString","coordinates":[[-74.0532277581585,40.8831151114249],[-74.0531189453714,40.8830808168114],[-74.0515468496363,40.8825853201576]]}},{"type":"Feature","id":277582,"properties":{"OBJECTID":277582,"PRIMENAME":"Central Avenue","ELEVTYP_F":0,"ELEVTYP_T":0},"geometry":{"type":"LineString","coordinates":[[-74.0313749539741,40.8659468506084],[-74.0303497035705,40.8656597593779]]}},{"type":"Feature","id":277750,"properties":{"OBJECTID":277750,"PRIMENAME":"Huyler Street","ELEVTYP_F":0,"ELEVTYP_T":0},"geometry":{"type":"LineString","coordinates":[[-74.0486980405854,40.8723110716058],[-74.0486536550842,40.8726755359131],[-74.0486020666601,40.8731659085488]]}},{"type":"Feature","id":277785,"properties":{"OBJECTID":277785,"PRIMENAME":"Wilson Street","ELEVTYP_F":0,"ELEVTYP_T":0},"geometry":{"type":"LineString","coordinates":[[-74.0446168597496,40.9100670923653],[-74.0455026124,40.9092025042237]]}},{"type":"Feature","id":277845,"properties":{"OBJECTID":277845,"PRIMENAME":"Main Street","ELEVTYP_F":0,"ELEVTYP_T":0},"geometry":{"type":"LineString","coordinates":[[-74.0406688801641,40.9091417946586],[-74.0405520257272,40.9092578117267],[-74.040439891617,40.9093764797896],[-74.0403805522902,40.9094499338025],[-74.0403263121511,40.9095256228844],[-74.0402773170913,40.909603343476],[-74.0402336988982,40.9096828865536],[-74.0401955748993,40.9097640381912],[-74.0401630476472,40.909846580136],[-74.0401362046434,40.9099302903953],[-74.0401151181029,40.9100149438334],[-74.040006281398,40.9105268503528]]}},{"type":"Feature","id":277860,"properties":{"OBJECTID":277860,"PRIMENAME":"East Spring Valley Avenue","ELEVTYP_F":0,"ELEVTYP_T":0},"geometry":{"type":"LineString","coordinates":[[-74.0540433403037,40.9102400779643],[-74.053667555472,40.9100247942874]]}},{"type":"Feature","id":277902,"properties":{"OBJECTID":277902,"PRIMENAME":"South River Street","ELEVTYP_F":0,"ELEVTYP_T":0},"geometry":{"type":"LineString","coordinates":[[-74.0398468741104,40.8726682159249],[-74.0398541082047,40.8726888588208],[-74.0400525839824,40.8732604331758],[-74.0401384285174,40.8735065300479]]}},{"type":"Feature","id":278073,"properties":{"OBJECTID":278073,"PRIMENAME":"Larch Avenue","ELEVTYP_F":0,"ELEVTYP_T":0},"geometry":{"type":"LineString","coordinates":[[-74.0273962789735,40.8864112121111],[-74.0270672590423,40.8872077334797]]}},{"type":"Feature","id":278128,"properties":{"OBJECTID":278128,"PRIMENAME":"South Newman Street","ELEVTYP_F":0,"ELEVTYP_T":0},"geometry":{"type":"LineString","coordinates":[[-74.0584115684256,40.872583387977],[-74.0580694394718,40.8729921170171],[-74.0572543813173,40.8740739292873],[-74.056492530845,40.8750579744151],[-74.0564545254975,40.8751043865983],[-74.0564194594336,40.875152113298],[-74.0563874113993,40.8752010473452],[-74.0563584533647,40.8752510788596],[-74.0563326503615,40.8753020954963],[-74.0563100603373,40.8753539826981],[-74.0562907340254,40.8754066239525],[-74.0562747148307,40.8754599010539],[-74.0562448119136,40.8755205531504],[-74.0562119721151,40.8755803236401],[-74.0561762404263,40.8756391306222],[-74.0561376658013,40.875696893516]]}},{"type":"Feature","id":278235,"properties":{"OBJECTID":278235,"PRIMENAME":"East Grove Street","ELEVTYP_F":0,"ELEVTYP_T":0},"geometry":{"type":"LineString","coordinates":[[-74.0459332131671,40.8590042276706],[-74.0459248247073,40.8589957346193],[-74.0459151408186,40.858988077167],[-74.0459043046255,40.8589813684879],[-74.045892476283,40.8589757077336],[-74.0458798306096,40.8589711785678],[-74.0458665545034,40.8589678479298],[-74.0458528441801,40.8589657650452],[-74.0458389022728,40.858964960698],[-74.044856617404,40.8588565066144]]}},{"type":"Feature","id":278401,"properties":{"OBJECTID":278401,"PRIMENAME":"Prospect Avenue","ELEVTYP_F":0,"ELEVTYP_T":0},"geometry":{"type":"LineString","coordinates":[[-74.057056011429,40.8858277372376],[-74.0566515434881,40.8866235323626],[-74.0563655520867,40.8871871759268]]}},{"type":"Feature","id":278509,"properties":{"OBJECTID":278509,"PRIMENAME":"Holt Street","ELEVTYP_F":0,"ELEVTYP_T":0},"geometry":{"type":"LineString","coordinates":[[-74.044026164186,40.8745387180313],[-74.0440594995493,40.8744447808375],[-74.044370984119,40.8735665876369]]}},{"type":"Feature","id":278687,"properties":{"OBJECTID":278687,"PRIMENAME":"Hamilton Place","ELEVTYP_F":0,"ELEVTYP_T":0},"geometry":{"type":"LineString","coordinates":[[-74.0504748132958,40.8970821110441],[-74.050847533154,40.8973049970386]]}},{"type":"Feature","id":278711,"properties":{"OBJECTID":278711,"PRIMENAME":"Hudson Street","ELEVTYP_F":0,"ELEVTYP_T":0},"geometry":{"type":"LineString","coordinates":[[-74.0396958578761,40.8672229367134],[-74.0398085814491,40.8675077073593]]}},{"type":"Feature","id":279080,"properties":{"OBJECTID":279080,"PRIMENAME":"North Avenue","ELEVTYP_F":0,"ELEVTYP_T":0},"geometry":{"type":"LineString","coordinates":[[-74.0295372169887,40.8673865844586],[-74.030023735236,40.8675070134585]]}},{"type":"Feature","id":279140,"properties":{"OBJECTID":279140,"PRIMENAME":"Bloom Street","ELEVTYP_F":0,"ELEVTYP_T":0},"geometry":{"type":"LineString","coordinates":[[-74.0465649015807,40.872696000708],[-74.0465879240254,40.8726235971532],[-74.0467778535671,40.8720215454542]]}},{"type":"Feature","id":279289,"properties":{"OBJECTID":279289,"PRIMENAME":"East Magnolia Avenue","ELEVTYP_F":0,"ELEVTYP_T":0},"geometry":{"type":"LineString","coordinates":[[-74.0637434050968,40.8973707762798],[-74.0627347912642,40.8967971639392]]}},{"type":"Feature","id":279757,"properties":{"OBJECTID":279757,"PRIMENAME":"Third Street","ELEVTYP_F":0,"ELEVTYP_T":0},"geometry":{"type":"LineString","coordinates":[[-74.0518660367536,40.8910006660841],[-74.0516245091352,40.8914286511589],[-74.0515586467148,40.8915453562079],[-74.051497745832,40.8916532702659],[-74.0507924665063,40.8928728709412],[-74.0507415191245,40.8929609226188]]}},{"type":"Feature","id":279792,"properties":{"OBJECTID":279792,"PRIMENAME":"Hackensack Avenue","ELEVTYP_F":0,"ELEVTYP_T":0},"geometry":{"type":"LineString","coordinates":[[-74.029077469802,40.8630145387601],[-74.0282761525736,40.8628395410148]]}},{"type":"Feature","id":279798,"properties":{"OBJECTID":279798,"PRIMENAME":"Stelling Avenue","ELEVTYP_F":0,"ELEVTYP_T":0},"geometry":{"type":"LineString","coordinates":[[-74.055712982581,40.9100574516756],[-74.056930638469,40.910784929826]]}},{"type":"Feature","id":280007,"properties":{"OBJECTID":280007,"PRIMENAME":"Spencer Joseph Way","ELEVTYP_F":0,"ELEVTYP_T":0},"geometry":{"type":"LineString","coordinates":[[-74.0653611807654,40.9048207207059],[-74.0652896972609,40.9048860547369],[-74.0648108452583,40.9053207751057],[-74.0644375263967,40.9056596820268]]}},{"type":"Feature","id":280122,"properties":{"OBJECTID":280122,"PRIMENAME":"Orchard Place","ELEVTYP_F":0,"ELEVTYP_T":0},"geometry":{"type":"LineString","coordinates":[[-74.0606588633257,40.89160445359],[-74.0607940950786,40.8916832819493],[-74.0630414792981,40.8929928069878],[-74.0631404702304,40.8930498645612]]}},{"type":"Feature","id":280220,"properties":{"OBJECTID":280220,"PRIMENAME":"Main Street","ELEVTYP_F":0,"ELEVTYP_T":0},"geometry":{"type":"LineString","coordinates":[[-74.0351622345518,40.912721371154],[-74.0354788243576,40.9127181458079],[-74.0356658062344,40.9127149462536],[-74.0358180834213,40.9127123469747],[-74.0360018420377,40.912709518442],[-74.0361008004795,40.9127099165586],[-74.0361809211896,40.9127031018638],[-74.036289562046,40.9126642039589]]}},{"type":"Feature","id":280464,"properties":{"OBJECTID":280464,"PRIMENAME":"Linwood Avenue","ELEVTYP_F":0,"ELEVTYP_T":0},"geometry":{"type":"LineString","coordinates":[[-74.0285382528673,40.8735397410623],[-74.0293854249102,40.8737737482225]]}},{"type":"Feature","id":280526,"properties":{"OBJECTID":280526,"PRIMENAME":"Oak Avenue","ELEVTYP_F":0,"ELEVTYP_T":0},"geometry":{"type":"LineString","coordinates":[[-74.0615750189113,40.9058171536985],[-74.0613459299874,40.9063210202731],[-74.0610397014658,40.9070382571063],[-74.0610036989414,40.9071207144432]]}},{"type":"Feature","id":280558,"properties":{"OBJECTID":280558,"PRIMENAME":"Linden Avenue","ELEVTYP_F":0,"ELEVTYP_T":0},"geometry":{"type":"LineString","coordinates":[[-74.0248336232986,40.8858016553583],[-74.0248544411449,40.8857380043776],[-74.025472566748,40.8842537547966],[-74.0254919604655,40.8842070888295]]}},{"type":"Feature","id":280642,"properties":{"OBJECTID":280642,"PRIMENAME":"South Elm Street","ELEVTYP_F":0,"ELEVTYP_T":0},"geometry":{"type":"LineString","coordinates":[[-74.0610872610168,40.9002486167915],[-74.060848639478,40.9005561512309]]}},{"type":"Feature","id":280679,"properties":{"OBJECTID":280679,"PRIMENAME":"Hudson Street","ELEVTYP_F":0,"ELEVTYP_T":0},"geometry":{"type":"LineString","coordinates":[[-74.0402139534147,40.8685222088059],[-74.0405180208985,40.8692800911841]]}},{"type":"Feature","id":280747,"properties":{"OBJECTID":280747,"PRIMENAME":"East Anderson Street","ELEVTYP_F":0,"ELEVTYP_T":0},"geometry":{"type":"LineString","coordinates":[[-74.0394380718924,40.8921595059332],[-74.0383344206826,40.8920510879234]]}},{"type":"Feature","id":281127,"properties":{"OBJECTID":281127,"PRIMENAME":"Madison Avenue","ELEVTYP_F":0,"ELEVTYP_T":0},"geometry":{"type":"LineString","coordinates":[[-74.0686213609662,40.8620220870516],[-74.068992660274,40.862225777625],[-74.0690011659778,40.8622313126888],[-74.0690088998003,40.8622374658925],[-74.0690157841739,40.8622441755221],[-74.0690217500511,40.8622513742824],[-74.0690267375959,40.8622589899729],[-74.0690306967851,40.8622669462111],[-74.0690335879089,40.8622751631991],[-74.0690353819703,40.8622835585235]]}},{"type":"Feature","id":281152,"properties":{"OBJECTID":281152,"PRIMENAME":"Krone Place","ELEVTYP_F":0,"ELEVTYP_T":0},"geometry":{"type":"LineString","coordinates":[[-74.0458992910668,40.9041747589885],[-74.0466958908424,40.9033877660999]]}},{"type":"Feature","id":281407,"properties":{"OBJECTID":281407,"PRIMENAME":"Krone Place","ELEVTYP_F":0,"ELEVTYP_T":0},"geometry":{"type":"LineString","coordinates":[[-74.0444302088831,40.9058111995747],[-74.0444375104994,40.9058016211962],[-74.0448627719295,40.90524377505],[-74.0450459840275,40.9050034384293],[-74.0451060792949,40.9049450712431]]}},{"type":"Feature","id":281481,"properties":{"OBJECTID":281481,"PRIMENAME":"Alma Terrace","ELEVTYP_F":0,"ELEVTYP_T":0},"geometry":{"type":"LineString","coordinates":[[-74.0246919761803,40.8894072559944],[-74.0246211495888,40.8893826983206],[-74.0236016583019,40.8890282109549],[-74.0235336419694,40.8890052294056]]}},{"type":"Feature","id":282218,"properties":{"OBJECTID":282218,"PRIMENAME":"Catalpa Avenue","ELEVTYP_F":0,"ELEVTYP_T":0},"geometry":{"type":"LineString","coordinates":[[-74.0444133505346,40.9071710797125],[-74.0437094913731,40.9067565581217]]}},{"type":"Feature","id":282475,"properties":{"OBJECTID":282475,"PRIMENAME":"Cornwall Avenue","ELEVTYP_F":0,"ELEVTYP_T":0},"geometry":{"type":"LineString","coordinates":[[-74.0244114112505,40.8996447432969],[-74.0254395379596,40.8999027198518]]}},{"type":"Feature","id":282517,"properties":{"OBJECTID":282517,"PRIMENAME":"Prospect Street","ELEVTYP_F":0,"ELEVTYP_T":0},"geometry":{"type":"LineString","coordinates":[[-74.0662090840871,40.8664672934136],[-74.0671109975986,40.8656141755922],[-74.0671852210912,40.8655401966495],[-74.0672573947111,40.8654650579087],[-74.0673274870287,40.8653887920982],[-74.067395467521,40.8653114324369],[-74.0678507008341,40.8648091935924],[-74.0679142436852,40.8647402317375]]}},{"type":"Feature","id":282730,"properties":{"OBJECTID":282730,"PRIMENAME":"Golf Avenue","ELEVTYP_F":0,"ELEVTYP_T":0},"geometry":{"type":"LineString","coordinates":[[-74.0627347912642,40.8967971639392],[-74.0616521450705,40.8978951714116],[-74.0614332979144,40.8981177491183]]}},{"type":"Feature","id":282744,"properties":{"OBJECTID":282744,"PRIMENAME":"Terhune Street","ELEVTYP_F":0,"ELEVTYP_T":0},"geometry":{"type":"LineString","coordinates":[[-74.031430714325,40.885610038965],[-74.0312980890765,40.8855785097617],[-74.0299758190576,40.8852648456905]]}},{"type":"Feature","id":282772,"properties":{"OBJECTID":282772,"PRIMENAME":"Sussex Street","ELEVTYP_F":0,"ELEVTYP_T":0},"geometry":{"type":"LineString","coordinates":[[-74.0442880663942,40.8793724663274],[-74.0455525443793,40.8796418478648],[-74.0456797706904,40.8796721034562],[-74.0458040015804,40.8797088366094],[-74.0459246653103,40.8797518782716],[-74.0460412065546,40.8798010303568],[-74.046098280939,40.8798320698045],[-74.0461572925056,40.8798609471532],[-74.0462180992027,40.8798875928885],[-74.046280554657,40.8799119428681],[-74.0463445085255,40.879933938476],[-74.0464098068578,40.8799535267636],[-74.0464762924666,40.8799706605773],[-74.0465438053061,40.879985298672],[-74.0466657046766,40.8800085604309]]}},{"type":"Feature","id":283198,"properties":{"OBJECTID":283198,"PRIMENAME":"East Fairmount Avenue","ELEVTYP_F":0,"ELEVTYP_T":0},"geometry":{"type":"LineString","coordinates":[[-74.0544464787772,40.9082942221621],[-74.0554241553968,40.9088779973233],[-74.0561064136918,40.90928536506],[-74.0563708989935,40.9094424316348]]}},{"type":"Feature","id":283212,"properties":{"OBJECTID":283212,"PRIMENAME":"South State Street","ELEVTYP_F":0,"ELEVTYP_T":0},"geometry":{"type":"LineString","coordinates":[[-74.0476685241117,40.8770882868298],[-74.047627129293,40.8773679988078],[-74.0475604216763,40.8778050606288],[-74.0475039190391,40.8781752681611],[-74.0474964070246,40.8782234621158],[-74.047486333284,40.8782713860541],[-74.0474737142946,40.8783189615621],[-74.0474585706983,40.878366110796]]}},{"type":"Feature","id":283255,"properties":{"OBJECTID":283255,"PRIMENAME":"Essex Court","ELEVTYP_F":0,"ELEVTYP_T":0},"geometry":{"type":"LineString","coordinates":[[-74.0667239194335,40.8883650898209],[-74.0666697324296,40.8884309005516],[-74.0666363381233,40.8884714591208],[-74.0664720776164,40.8886464227631],[-74.0664081491676,40.8887145166122]]}},{"type":"Feature","id":283385,"properties":{"OBJECTID":283385,"PRIMENAME":"East State Highway 4","ELEVTYP_F":0,"ELEVTYP_T":0},"geometry":{"type":"LineString","coordinates":[[-74.0299632763383,40.9025847617214],[-74.0301624701258,40.902794486391],[-74.0304118327022,40.9030596997604],[-74.0309619983595,40.9036448254343],[-74.0313651954801,40.9040692669773]]}},{"type":"Feature","id":283488,"properties":{"OBJECTID":283488,"PRIMENAME":"Hackensack Avenue","ELEVTYP_F":0,"ELEVTYP_T":0},"geometry":{"type":"LineString","coordinates":[[-74.0331043456277,40.9076655557751],[-74.0331213665321,40.9075296692418]]}},{"type":"Feature","id":283525,"properties":{"OBJECTID":283525,"PRIMENAME":"Taylor Avenue","ELEVTYP_F":0,"ELEVTYP_T":0},"geometry":{"type":"LineString","coordinates":[[-74.0425777941498,40.8605389840494],[-74.042545190419,40.8606061067318],[-74.042203416985,40.8613100648557]]}},{"type":"Feature","id":283656,"properties":{"OBJECTID":283656,"PRIMENAME":"Ross Avenue","ELEVTYP_F":0,"ELEVTYP_T":0},"geometry":{"type":"LineString","coordinates":[[-74.041780182897,40.8977681091262],[-74.0418686272899,40.8978211633942],[-74.0436106926787,40.8988662576408]]}},{"type":"Feature","id":283678,"properties":{"OBJECTID":283678,"PRIMENAME":"Green Street","ELEVTYP_F":0,"ELEVTYP_T":0},"geometry":{"type":"LineString","coordinates":[[-74.0595145662608,40.8684688997467],[-74.0589326615204,40.8692200807711],[-74.0585452339874,40.8697247012012],[-74.0583477447942,40.8699819252744],[-74.0580784882109,40.8703310068972]]}},{"type":"Feature","id":283940,"properties":{"OBJECTID":283940,"PRIMENAME":"Oritani Place","ELEVTYP_F":0,"ELEVTYP_T":0},"geometry":{"type":"LineString","coordinates":[[-74.0296492281341,40.8860657207636],[-74.0310379814649,40.8863959645675],[-74.0312710941772,40.8864466775178]]}},{"type":"Feature","id":284052,"properties":{"OBJECTID":284052,"PRIMENAME":"River Street","ELEVTYP_F":0,"ELEVTYP_T":0},"geometry":{"type":"LineString","coordinates":[[-74.0385241922823,40.8908309555754],[-74.0384724208058,40.8911864650407],[-74.0384234098837,40.8914935359269],[-74.0383344206826,40.8920510879234]]}},{"type":"Feature","id":284062,"properties":{"OBJECTID":284062,"PRIMENAME":"Phillips Avenue","ELEVTYP_F":1,"ELEVTYP_T":1},"geometry":{"type":"LineString","coordinates":[[-74.0448165884407,40.8669849038152],[-74.0448509487641,40.8670733718598]]}},{"type":"Feature","id":284408,"properties":{"OBJECTID":284408,"PRIMENAME":"Elm Avenue","ELEVTYP_F":0,"ELEVTYP_T":0},"geometry":{"type":"LineString","coordinates":[[-74.041683313089,40.9016821026858],[-74.0420290191191,40.9018819893621],[-74.042794307438,40.9023244330794]]}},{"type":"Feature","id":284624,"properties":{"OBJECTID":284624,"PRIMENAME":"Euclid Avenue North","ELEVTYP_F":0,"ELEVTYP_T":0},"geometry":{"type":"LineString","coordinates":[[-74.0517913507587,40.9029725826772],[-74.0516721132196,40.9029022884984],[-74.0513253551076,40.9026977328813],[-74.0512934309054,40.9026788754145],[-74.0512635028004,40.9026582192175],[-74.0512357463994,40.9026358854943],[-74.0512103245656,40.9026120052921],[-74.0511873864635,40.902586718732],[-74.0511670666833,40.9025601741871],[-74.0511494844513,40.9025325274117],[-74.0511347429304,40.9025039406274],[-74.0511013648173,40.9024063550924],[-74.0510750146966,40.9023075391602],[-74.0510557701745,40.9022077839814],[-74.0510436879206,40.9021073834725],[-74.0510306881881,40.9020645196165],[-74.0510116593573,40.902022972739],[-74.0509868243309,40.9019832294942],[-74.0509564740205,40.9019457554087]]}},{"type":"Feature","id":284793,"properties":{"OBJECTID":284793,"PRIMENAME":"Cypress Avenue","ELEVTYP_F":0,"ELEVTYP_T":0},"geometry":{"type":"LineString","coordinates":[[-74.0289268925322,40.8686254131978],[-74.0291571344495,40.8686895417589],[-74.0312134414865,40.8692583526964],[-74.0313316359995,40.8692706493741],[-74.0313564928581,40.8692732350403],[-74.0314740609452,40.8692611406933]]}},{"type":"Feature","id":285020,"properties":{"OBJECTID":285020,"PRIMENAME":"Byrne Street","ELEVTYP_F":0,"ELEVTYP_T":0},"geometry":{"type":"LineString","coordinates":[[-74.0548450146273,40.9019217385712],[-74.0544413609789,40.9023078461143],[-74.0544125785569,40.9023358966554],[-74.0543866727438,40.902365517552],[-74.0543637917477,40.9023965393464],[-74.0543440664725,40.9024287845664],[-74.0543276097691,40.9024620687405],[-74.0543145157896,40.9024962014529],[-74.0543048594489,40.9025309874335],[-74.0542986959955,40.9025662276744],[-74.0542960606956,40.9026017205685],[-74.0542969686314,40.9026372630631],[-74.0543014146143,40.9026726518214],[-74.0543093732146,40.9027076843859],[-74.0543207989069,40.9027421603362],[-74.0543356263304,40.9027758824365],[-74.0543537706629,40.902808657763],[-74.0543751281055,40.9028402988083]]}},{"type":"Feature","id":285066,"properties":{"OBJECTID":285066,"PRIMENAME":"Ross Avenue","ELEVTYP_F":0,"ELEVTYP_T":0},"geometry":{"type":"LineString","coordinates":[[-74.0484196896004,40.9017151541627],[-74.0489103775489,40.9020056218373],[-74.0494005959509,40.9022968258451]]}},{"type":"Feature","id":285168,"properties":{"OBJECTID":285168,"PRIMENAME":"Interstate 80","ELEVTYP_F":0,"ELEVTYP_T":0},"geometry":{"type":"LineString","coordinates":[[-74.0613003297013,40.8745982734766],[-74.0615267337845,40.8748847734243],[-74.0617540582469,40.8751854666871],[-74.061935025674,40.875431058605],[-74.0621119923126,40.8756802850498],[-74.0622556228433,40.8758847236642],[-74.0624491823266,40.8761627524176],[-74.0626638315359,40.8764894735347],[-74.0627405788318,40.8766074608133],[-74.0628625293478,40.8767949424871]]}},{"type":"Feature","id":285250,"properties":{"OBJECTID":285250,"PRIMENAME":"Elm Avenue","ELEVTYP_F":0,"ELEVTYP_T":0},"geometry":{"type":"LineString","coordinates":[[-74.025404287424,40.8876905984334],[-74.025001660465,40.8886497773467],[-74.0246919761803,40.8894072559944]]}},{"type":"Feature","id":285378,"properties":{"OBJECTID":285378,"PRIMENAME":"Spring Valley Avenue","ELEVTYP_F":0,"ELEVTYP_T":0},"geometry":{"type":"LineString","coordinates":[[-74.0451060792949,40.9049450712431],[-74.0441728493344,40.9043905893996],[-74.0441205647647,40.9043599967812]]}},{"type":"Feature","id":285629,"properties":{"OBJECTID":285629,"PRIMENAME":"Hackensack Avenue","ELEVTYP_F":0,"ELEVTYP_T":0},"geometry":{"type":"LineString","coordinates":[[-74.0333724623198,40.9058100289577],[-74.0334119191429,40.9054372919449],[-74.0334372388344,40.905198118039],[-74.0334702718207,40.9048860710299]]}},{"type":"Feature","id":285815,"properties":{"OBJECTID":285815,"PRIMENAME":"Henry C Luthin Place","ELEVTYP_F":0,"ELEVTYP_T":0},"geometry":{"type":"LineString","coordinates":[[-74.0246808803821,40.8781483087778],[-74.0240780858059,40.8779523053632]]}},{"type":"Feature","id":286042,"properties":{"OBJECTID":286042,"PRIMENAME":"Catalpa Avenue","ELEVTYP_F":0,"ELEVTYP_T":0},"geometry":{"type":"LineString","coordinates":[[-74.0484096409753,40.9095160581143],[-74.0474684859124,40.9089802382143],[-74.0473690288158,40.908915725943]]}},{"type":"Feature","id":286109,"properties":{"OBJECTID":286109,"PRIMENAME":"Parkway","ELEVTYP_F":0,"ELEVTYP_T":0},"geometry":{"type":"LineString","coordinates":[[-74.0599373878379,40.9068544277271],[-74.0610036989414,40.9071207144432]]}},{"type":"Feature","id":286159,"properties":{"OBJECTID":286159,"PRIMENAME":"Gracie Place","ELEVTYP_F":0,"ELEVTYP_T":0},"geometry":{"type":"LineString","coordinates":[[-74.0408283760882,40.8724470965992],[-74.0408059099204,40.8723910376629],[-74.0406207372296,40.8719292329981]]}},{"type":"Feature","id":286417,"properties":{"OBJECTID":286417,"PRIMENAME":"Hudson Street","ELEVTYP_F":0,"ELEVTYP_T":0},"geometry":{"type":"LineString","coordinates":[[-74.0387600386471,40.86487284746],[-74.0394103577714,40.8665016883268],[-74.0394520065563,40.866606903469]]}},{"type":"Feature","id":286533,"properties":{"OBJECTID":286533,"PRIMENAME":"Calicooneck Road","ELEVTYP_F":0,"ELEVTYP_T":0},"geometry":{"type":"LineString","coordinates":[[-74.0416856318624,40.8604662707786],[-74.0409297357052,40.8604046053636]]}},{"type":"Feature","id":286692,"properties":{"OBJECTID":286692,"PRIMENAME":"Paulison Avenue","ELEVTYP_F":0,"ELEVTYP_T":0},"geometry":{"type":"LineString","coordinates":[[-74.0279892229503,40.8586828752318],[-74.0279553708413,40.8588221523773],[-74.0277959131541,40.8594764168829]]}},{"type":"Feature","id":286693,"properties":{"OBJECTID":286693,"PRIMENAME":"Golf Avenue","ELEVTYP_F":0,"ELEVTYP_T":0},"geometry":{"type":"LineString","coordinates":[[-74.0602674388028,40.8993033463543],[-74.0601358476459,40.8994372089544]]}},{"type":"Feature","id":286914,"properties":{"OBJECTID":286914,"PRIMENAME":"River Road","ELEVTYP_F":0,"ELEVTYP_T":0},"geometry":{"type":"LineString","coordinates":[[-74.032401382937,40.8805976077844],[-74.032387601861,40.8806543444438],[-74.0322807233387,40.8811950480561]]}},{"type":"Feature","id":287220,"properties":{"OBJECTID":287220,"PRIMENAME":"Main Street","ELEVTYP_F":0,"ELEVTYP_T":0},"geometry":{"type":"LineString","coordinates":[[-74.0413930752136,40.9011357233905],[-74.041683313089,40.9016821026858]]}},{"type":"Feature","id":287298,"properties":{"OBJECTID":287298,"PRIMENAME":"West Main Street","ELEVTYP_F":0,"ELEVTYP_T":0},"geometry":{"type":"LineString","coordinates":[[-74.0307236758402,40.878315707212],[-74.0302553603778,40.8782163827866],[-74.0293546160577,40.8780270433585]]}},{"type":"Feature","id":287355,"properties":{"OBJECTID":287355,"PRIMENAME":"Ruta Court","ELEVTYP_F":0,"ELEVTYP_T":0},"geometry":{"type":"LineString","coordinates":[[-74.0507083732145,40.8590883375831],[-74.0506157245426,40.8590675274003]]}},{"type":"Feature","id":287395,"properties":{"OBJECTID":287395,"PRIMENAME":"Cedar Avenue","ELEVTYP_F":0,"ELEVTYP_T":0},"geometry":{"type":"LineString","coordinates":[[-74.0482491884919,40.9080522751531],[-74.0486790999571,40.9083058876256],[-74.0492789381774,40.9086580738668]]}},{"type":"Feature","id":287483,"properties":{"OBJECTID":287483,"PRIMENAME":"Comet Way","ELEVTYP_F":0,"ELEVTYP_T":0},"geometry":{"type":"LineString","coordinates":[[-74.054419088453,40.8860400303554],[-74.0543715602668,40.8861590593812],[-74.0541080574126,40.8868183623967]]}},{"type":"Feature","id":287664,"properties":{"OBJECTID":287664,"PRIMENAME":"Worth Street","ELEVTYP_F":0,"ELEVTYP_T":0},"geometry":{"type":"LineString","coordinates":[[-74.0501138570649,40.871451808662],[-74.0503622576103,40.8707016235296]]}},{"type":"Feature","id":287983,"properties":{"OBJECTID":287983,"PRIMENAME":"Central Avenue","ELEVTYP_F":0,"ELEVTYP_T":0},"geometry":{"type":"LineString","coordinates":[[-74.0465086436672,40.8866733088187],[-74.0477794672592,40.8870471079419]]}},{"type":"Feature","id":288031,"properties":{"OBJECTID":288031,"PRIMENAME":"Poor Street","ELEVTYP_F":0,"ELEVTYP_T":0},"geometry":{"type":"LineString","coordinates":[[-74.0641524774129,40.8756432857822],[-74.0649183229502,40.874839000219]]}},{"type":"Feature","id":288373,"properties":{"OBJECTID":288373,"PRIMENAME":"Union Street","ELEVTYP_F":0,"ELEVTYP_T":0},"geometry":{"type":"LineString","coordinates":[[-74.0462606594078,40.8844187683332],[-74.0461279476631,40.8846640822685]]}},{"type":"Feature","id":288421,"properties":{"OBJECTID":288421,"PRIMENAME":"Union Street","ELEVTYP_F":0,"ELEVTYP_T":0},"geometry":{"type":"LineString","coordinates":[[-74.0488389575228,40.8794867593564],[-74.0485308328028,40.8803646202928]]}},{"type":"Feature","id":288507,"properties":{"OBJECTID":288507,"PRIMENAME":"Baldwin Avenue","ELEVTYP_F":0,"ELEVTYP_T":0},"geometry":{"type":"LineString","coordinates":[[-74.0654577044264,40.8723214624208],[-74.0672379579166,40.873365826429]]}},{"type":"Feature","id":289064,"properties":{"OBJECTID":289064,"PRIMENAME":"Standish Avenue","ELEVTYP_F":0,"ELEVTYP_T":0},"geometry":{"type":"LineString","coordinates":[[-74.0584777579986,40.877931719978],[-74.0583346963632,40.8778468204577],[-74.0580196644788,40.8776598632389],[-74.0575764218899,40.87738504293]]}},{"type":"Feature","id":289188,"properties":{"OBJECTID":289188,"PRIMENAME":"Essex Street","ELEVTYP_F":0,"ELEVTYP_T":0},"geometry":{"type":"LineString","coordinates":[[-74.0543730468157,40.8810253739798],[-74.0536716657886,40.880596757033],[-74.0535687220596,40.8805345427039]]}},{"type":"Feature","id":289206,"properties":{"OBJECTID":289206,"PRIMENAME":"Railroad Avenue","ELEVTYP_F":0,"ELEVTYP_T":0},"geometry":{"type":"LineString","coordinates":[[-74.0317331903135,40.8673246200626],[-74.0317335512127,40.8674273099464]]}},{"type":"Feature","id":289530,"properties":{"OBJECTID":289530,"PRIMENAME":"Seventh Street","ELEVTYP_F":0,"ELEVTYP_T":0},"geometry":{"type":"LineString","coordinates":[[-74.0252753482127,40.8642311875054],[-74.0253933901392,40.8639912704323],[-74.0257432400674,40.863280203957],[-74.0261751654274,40.8623869899178]]}},{"type":"Feature","id":289639,"properties":{"OBJECTID":289639,"PRIMENAME":"Coolidge Avenue","ELEVTYP_F":0,"ELEVTYP_T":0},"geometry":{"type":"LineString","coordinates":[[-74.0623841617828,40.9127281886117],[-74.0615247399158,40.912514113891]]}},{"type":"Feature","id":289658,"properties":{"OBJECTID":289658,"PRIMENAME":"Madison Street","ELEVTYP_F":0,"ELEVTYP_T":0},"geometry":{"type":"LineString","coordinates":[[-74.0363973219871,40.9087315744855],[-74.0366121188224,40.9086478324927],[-74.0366298027991,40.9086409376862],[-74.0367051248344,40.9086263629881],[-74.0367966952617,40.9086217903259],[-74.0368947442639,40.9086271245939],[-74.0370515727449,40.9086451027221]]}},{"type":"Feature","id":290128,"properties":{"OBJECTID":290128,"PRIMENAME":"Willow Avenue","ELEVTYP_F":0,"ELEVTYP_T":0},"geometry":{"type":"LineString","coordinates":[[-74.0419110880446,40.9070874112991],[-74.0419927741262,40.9071358267687],[-74.0428152314152,40.9076230479638]]}},{"type":"Feature","id":290140,"properties":{"OBJECTID":290140,"PRIMENAME":"Poplar Avenue","ELEVTYP_F":0,"ELEVTYP_T":0},"geometry":{"type":"LineString","coordinates":[[-74.0634865536842,40.9037004078863],[-74.0635456092598,40.903621330332],[-74.0642905927083,40.9026237030798]]}},{"type":"Feature","id":290158,"properties":{"OBJECTID":290158,"PRIMENAME":"Phillips Avenue","ELEVTYP_F":0,"ELEVTYP_T":0},"geometry":{"type":"LineString","coordinates":[[-74.0450278627362,40.8682281922132],[-74.0449996410836,40.8683081397932]]}},{"type":"Feature","id":290253,"properties":{"OBJECTID":290253,"PRIMENAME":"South Prospect Avenue","ELEVTYP_F":0,"ELEVTYP_T":0},"geometry":{"type":"LineString","coordinates":[[-74.0612298728845,40.8805151915365],[-74.0606789470242,40.8810478079654],[-74.0606290831686,40.8810955994222]]}},{"type":"Feature","id":290389,"properties":{"OBJECTID":290389,"PRIMENAME":"Terrace Avenue","ELEVTYP_F":0,"ELEVTYP_T":0},"geometry":{"type":"LineString","coordinates":[[-74.0682980278488,40.8655400638141],[-74.0681603853207,40.8656860069261],[-74.0680204718315,40.8658307002935],[-74.067878307056,40.8659741235544],[-74.0677339109863,40.8661162565253],[-74.0676466181017,40.8662007757658]]}},{"type":"Feature","id":290410,"properties":{"OBJECTID":290410,"PRIMENAME":"Bridge Street","ELEVTYP_F":0,"ELEVTYP_T":0},"geometry":{"type":"LineString","coordinates":[[-74.0406870084078,40.8793658957238],[-74.0407612914013,40.8794280371234],[-74.0408371539745,40.8794890693417],[-74.0409145673868,40.8795489692532],[-74.0409935023099,40.8796077141614],[-74.0410739288387,40.8796652818071],[-74.0411558165025,40.8797216503776],[-74.0412391342769,40.879776798514],[-74.0413238505953,40.8798307053201],[-74.0413602330186,40.8798480607124],[-74.0413978867545,40.8798637765637],[-74.0414366836952,40.879877799404],[-74.0414764918429,40.8798900815237]]}},{"type":"Feature","id":290623,"properties":{"OBJECTID":290623,"PRIMENAME":"Prospect Avenue","ELEVTYP_F":0,"ELEVTYP_T":0},"geometry":{"type":"LineString","coordinates":[[-74.0505037808113,40.8982590311499],[-74.0504913910948,40.8982422398175],[-74.050479634369,40.8982251884572],[-74.0504685201036,40.898207890804],[-74.0504580572508,40.8981903607914],[-74.050448254238,40.89817261254],[-74.0504391189611,40.8981546603462],[-74.050430658778,40.8981365186705],[-74.050422880503,40.8981182021263],[-74.050415790401,40.8980997254676],[-74.0504093941825,40.8980811035776],[-74.050403696999,40.8980623514563],[-74.0503987034392,40.8980434842086],[-74.0503944175247,40.8980245170321],[-74.0503908427073,40.898005465205],[-74.0503879818659,40.8979863440737],[-74.0503858373042,40.8979671690401]]}},{"type":"Feature","id":291430,"properties":{"OBJECTID":291430,"PRIMENAME":"Park Avenue","ELEVTYP_F":0,"ELEVTYP_T":0},"geometry":{"type":"LineString","coordinates":[[-74.0585142289585,40.9030540171701],[-74.0571580233437,40.9022382710264]]}},{"type":"Feature","id":291437,"properties":{"OBJECTID":291437,"PRIMENAME":"Hamilton Place","ELEVTYP_F":0,"ELEVTYP_T":0},"geometry":{"type":"LineString","coordinates":[[-74.0461897194254,40.8945010702849],[-74.0462702683931,40.89454997275],[-74.0483179381505,40.8957938329743]]}},{"type":"Feature","id":291440,"properties":{"OBJECTID":291440,"PRIMENAME":"Orchard Terrace","ELEVTYP_F":0,"ELEVTYP_T":0},"geometry":{"type":"LineString","coordinates":[[-74.0319717272459,40.8785704302518],[-74.0319042832038,40.8787394922482],[-74.0312490414334,40.8803094332859]]}},{"type":"Feature","id":291928,"properties":{"OBJECTID":291928,"PRIMENAME":"Larch Avenue","ELEVTYP_F":0,"ELEVTYP_T":0},"geometry":{"type":"LineString","coordinates":[[-74.0318632814614,40.8751241584017],[-74.0314802923056,40.8763886996608],[-74.0314075436782,40.876628895624]]}},{"type":"Feature","id":292051,"properties":{"OBJECTID":292051,"PRIMENAME":"Euclid Avenue","ELEVTYP_F":0,"ELEVTYP_T":0},"geometry":{"type":"LineString","coordinates":[[-74.0453725100368,40.8986144242013],[-74.0438792984844,40.897723233598]]}},{"type":"Feature","id":292369,"properties":{"OBJECTID":292369,"PRIMENAME":"Division Place","ELEVTYP_F":0,"ELEVTYP_T":0},"geometry":{"type":"LineString","coordinates":[[-74.0512288243036,40.8729748180106],[-74.0511680082816,40.8729630252678],[-74.0509984160018,40.8729301338331],[-74.0509839964086,40.8729276473515],[-74.0509694221375,40.8729257503796],[-74.0509547349841,40.8729244483576],[-74.050939977068,40.8729237450192],[-74.0509251907116,40.8729236423817],[-74.0509104183189,40.8729241407392],[-74.0508957022539,40.8729252386627],[-74.050881084719,40.8729269330034],[-74.0508017147853,40.8729377675824]]}},{"type":"Feature","id":292390,"properties":{"OBJECTID":292390,"PRIMENAME":"West Passaic Street","ELEVTYP_F":0,"ELEVTYP_T":0},"geometry":{"type":"LineString","coordinates":[[-74.0648660241631,40.9045243777701],[-74.0653611807654,40.9048207207059]]}},{"type":"Feature","id":292527,"properties":{"OBJECTID":292527,"PRIMENAME":"East Passaic Street","ELEVTYP_F":0,"ELEVTYP_T":0},"geometry":{"type":"LineString","coordinates":[[-74.0600048687236,40.9016187364556],[-74.0606859089591,40.9020202651574]]}},{"type":"Feature","id":292619,"properties":{"OBJECTID":292619,"PRIMENAME":"Moonachie Road","ELEVTYP_F":0,"ELEVTYP_T":0},"geometry":{"type":"LineString","coordinates":[[-74.039921875561,40.8603223861177],[-74.0396766302924,40.8608339580171]]}},{"type":"Feature","id":292621,"properties":{"OBJECTID":292621,"PRIMENAME":"Anderson Street","ELEVTYP_F":0,"ELEVTYP_T":0},"geometry":{"type":"LineString","coordinates":[[-74.0420273850806,40.8928506963581],[-74.0414311702563,40.8924974702453],[-74.0413748809069,40.8924607765012],[-74.0413164171413,40.8924260959457],[-74.0412559038837,40.8923935026814],[-74.0411934704371,40.8923630663512]]}},{"type":"Feature","id":292635,"properties":{"OBJECTID":292635,"PRIMENAME":"Prospect Avenue","ELEVTYP_F":0,"ELEVTYP_T":0},"geometry":{"type":"LineString","coordinates":[[-74.0583262300941,40.8833667775454],[-74.0579630374329,40.8840518676627]]}},{"type":"Feature","id":292668,"properties":{"OBJECTID":292668,"PRIMENAME":"Interstate 80","ELEVTYP_F":1,"ELEVTYP_T":0},"geometry":{"type":"LineString","coordinates":[[-74.0396800081357,40.8671829619846],[-74.0401661481367,40.8671741130693],[-74.040952441447,40.8671701088207],[-74.041908180093,40.867170339429],[-74.0423717187783,40.8671772847234],[-74.0425548957428,40.8671775448132]]}},{"type":"Feature","id":293056,"properties":{"OBJECTID":293056,"PRIMENAME":"South Main Street","ELEVTYP_F":0,"ELEVTYP_T":0},"geometry":{"type":"LineString","coordinates":[[-74.046488703923,40.8701159494501],[-74.0466369559998,40.8696712480622]]}},{"type":"Feature","id":293082,"properties":{"OBJECTID":293082,"PRIMENAME":"Williams Avenue","ELEVTYP_F":0,"ELEVTYP_T":0},"geometry":{"type":"LineString","coordinates":[[-74.0694804994173,40.8683970309085],[-74.0692642832643,40.8682664424597],[-74.068133980651,40.8675938493957],[-74.0680474996432,40.8675422506754]]}},{"type":"Feature","id":293148,"properties":{"OBJECTID":293148,"PRIMENAME":"Rossi Court","ELEVTYP_F":0,"ELEVTYP_T":0},"geometry":{"type":"LineString","coordinates":[[-74.043312871673,40.862784656004],[-74.0433377222574,40.862711458297],[-74.0433602840191,40.8626378345832],[-74.0433805443265,40.8625638261067],[-74.0433984918376,40.8624894743272],[-74.0434443825355,40.8623176540761],[-74.0434709681051,40.8622181209987]]}},{"type":"Feature","id":293250,"properties":{"OBJECTID":293250,"PRIMENAME":"Cedar Avenue","ELEVTYP_F":0,"ELEVTYP_T":0},"geometry":{"type":"LineString","coordinates":[[-74.0529816022566,40.9105808400821],[-74.052967976851,40.9105745320827],[-74.0529554634086,40.910567014166],[-74.0522280771925,40.9101460297692],[-74.0521944554748,40.9101314617746],[-74.052158643416,40.910120295072],[-74.0521212357858,40.9101127151186],[-74.0520828538523,40.9101088478026],[-74.0520441350643,40.9101087573524],[-74.0520057224652,40.9101124452704],[-74.051968254013,40.9101198503072],[-74.0519323519861,40.9101308494798],[-74.0519026917684,40.910143279782],[-74.0518750651731,40.9101581647876],[-74.0518498236105,40.9101753151602],[-74.0518272881542,40.9101945127475],[-74.0518145123429,40.9102111253307]]}},{"type":"Feature","id":293425,"properties":{"OBJECTID":293425,"PRIMENAME":"North Avenue","ELEVTYP_F":0,"ELEVTYP_T":0},"geometry":{"type":"LineString","coordinates":[[-74.0287316030687,40.866640570363],[-74.0283390011447,40.8666044071907],[-74.0279062716825,40.866562149102],[-74.0276157514193,40.866519867583]]}},{"type":"Feature","id":293553,"properties":{"OBJECTID":293553,"PRIMENAME":"Willow Avenue","ELEVTYP_F":0,"ELEVTYP_T":0},"geometry":{"type":"LineString","coordinates":[[-74.0428152314152,40.9076230479638],[-74.043456630732,40.9080029882992],[-74.0435156948467,40.9080373417768]]}},{"type":"Feature","id":293673,"properties":{"OBJECTID":293673,"PRIMENAME":"Cambridge Terrace","ELEVTYP_F":0,"ELEVTYP_T":0},"geometry":{"type":"LineString","coordinates":[[-74.0609006962236,40.886216710724],[-74.0614281007605,40.8863660106595],[-74.0614591683245,40.8863748039596],[-74.0615164769302,40.8863910240359]]}},{"type":"Feature","id":294271,"properties":{"OBJECTID":294271,"PRIMENAME":"Byron Place","ELEVTYP_F":0,"ELEVTYP_T":0},"geometry":{"type":"LineString","coordinates":[[-74.0604173526697,40.897543704174],[-74.0604906364992,40.8974682233531],[-74.0606565803107,40.8972972977863],[-74.0606886049101,40.8972590044535],[-74.0607238054974,40.897222351378],[-74.0607620366326,40.897187489996],[-74.0608031403553,40.8971545643407],[-74.0608469468377,40.8971237104475],[-74.0608932750857,40.8970950557922],[-74.0609419336875,40.8970687187637],[-74.0609927216035,40.8970448081755],[-74.061036808442,40.897030684344],[-74.0610796332518,40.8970144782969]]}},{"type":"Feature","id":294466,"properties":{"OBJECTID":294466,"PRIMENAME":"Coolidge Avenue","ELEVTYP_F":0,"ELEVTYP_T":0},"geometry":{"type":"LineString","coordinates":[[-74.0645046904291,40.91325637881],[-74.0643917661634,40.9132282284623],[-74.063229573514,40.9129387448004]]}},{"type":"Feature","id":294562,"properties":{"OBJECTID":294562,"PRIMENAME":"South River Street","ELEVTYP_F":0,"ELEVTYP_T":0},"geometry":{"type":"LineString","coordinates":[[-74.0369722258262,40.8652859631089],[-74.0370933910626,40.8655868014261],[-74.0374627937346,40.8665249684846],[-74.0376137697208,40.8668969915431]]}},{"type":"Feature","id":294728,"properties":{"OBJECTID":294728,"PRIMENAME":"Phillips Avenue","ELEVTYP_F":0,"ELEVTYP_T":0},"geometry":{"type":"LineString","coordinates":[[-74.0449543264114,40.8608716014024],[-74.0446986510178,40.8612234282992],[-74.0446645463917,40.8612688632701],[-74.0446343353806,40.8613158598669],[-74.0446081414669,40.8613642260121],[-74.0445860717152,40.8614137640305],[-74.0445682163354,40.8614642714571],[-74.0445546483135,40.8615155418642],[-74.044545423113,40.8615673657054],[-74.0445405784483,40.8616195311717],[-74.044525193133,40.8618017352522],[-74.044502564687,40.8619397058899],[-74.0444715348402,40.8620767316474],[-74.0441859822396,40.8629830831036]]}},{"type":"Feature","id":294955,"properties":{"OBJECTID":294955,"PRIMENAME":"Tilden Avenue","ELEVTYP_F":0,"ELEVTYP_T":0},"geometry":{"type":"LineString","coordinates":[[-74.0284142340192,40.8935361456205],[-74.0269652796004,40.893091544332],[-74.0256379923014,40.8926825599967]]}},{"type":"Feature","id":295020,"properties":{"OBJECTID":295020,"PRIMENAME":"Second Street","ELEVTYP_F":1,"ELEVTYP_T":1},"geometry":{"type":"LineString","coordinates":[[-74.029666384368,40.867112892995],[-74.0296212783562,40.8672082055298],[-74.0295955025818,40.8672626704662]]}},{"type":"Feature","id":295438,"properties":{"OBJECTID":295438,"PRIMENAME":"Cedar Avenue","ELEVTYP_F":0,"ELEVTYP_T":0},"geometry":{"type":"LineString","coordinates":[[-74.0462912318408,40.9068931751178],[-74.0472151423525,40.9074423599742],[-74.0472711780485,40.9074754091349]]}},{"type":"Feature","id":295572,"properties":{"OBJECTID":295572,"PRIMENAME":"Cadmus Court","ELEVTYP_F":0,"ELEVTYP_T":0},"geometry":{"type":"LineString","coordinates":[[-74.0309635339597,40.888093211015],[-74.0310452182889,40.8880863521443],[-74.0311312254331,40.888086920654],[-74.0317038359889,40.8881505639376],[-74.0318653687271,40.8881685177829]]}},{"type":"Feature","id":295664,"properties":{"OBJECTID":295664,"PRIMENAME":"Spring Valley Road","ELEVTYP_F":0,"ELEVTYP_T":0},"geometry":{"type":"LineString","coordinates":[[-74.066280517996,40.9085262916558],[-74.0661893966796,40.9086840565165],[-74.0661429440184,40.908760376002],[-74.066098479383,40.9088373740418],[-74.0660560199912,40.9089150208323],[-74.0660155822847,40.9089932863188],[-74.065977181923,40.909072140207],[-74.0659408337772,40.9091515519746],[-74.0659065519239,40.9092314908835],[-74.0658743496403,40.9093119259912],[-74.0657644726291,40.9095929773777]]}},{"type":"Feature","id":295669,"properties":{"OBJECTID":295669,"PRIMENAME":"River Road","ELEVTYP_F":0,"ELEVTYP_T":0},"geometry":{"type":"LineString","coordinates":[[-74.0321785763708,40.8697928679761],[-74.0322844745865,40.8698666695553],[-74.0323925846448,40.8699706202741],[-74.0324815477656,40.870077210305],[-74.0329040894189,40.870775368781],[-74.0330031885341,40.8709526815549]]}},{"type":"Feature","id":295720,"properties":{"OBJECTID":295720,"PRIMENAME":"Arcadia Road","ELEVTYP_F":0,"ELEVTYP_T":0},"geometry":{"type":"LineString","coordinates":[[-74.062568933972,40.8875698803386],[-74.0626244914199,40.8875887633309],[-74.0626818850702,40.8876041619587],[-74.0627407362207,40.8876159746166],[-74.0628006565512,40.8876241233603],[-74.0628612506863,40.8876285544215],[-74.0629221188042,40.8876292385623],[-74.062982859275,40.8876261712686],[-74.0630430713112,40.8876193727794],[-74.0631023576123,40.8876088879535],[-74.0631603269867,40.8875947859735],[-74.063216596933,40.8875771598891],[-74.0632707961637,40.8875561260033],[-74.063322567056,40.8875318231049],[-74.0633715680109,40.8875044115524],[-74.0634174757076,40.8874740722162],[-74.0634599872366,40.887441005285],[-74.064101725318,40.8868096813079]]}},{"type":"Feature","id":295818,"properties":{"OBJECTID":295818,"PRIMENAME":"Union Street","ELEVTYP_F":0,"ELEVTYP_T":0},"geometry":{"type":"LineString","coordinates":[[-74.0480797760914,40.8814277805149],[-74.0479680767827,40.8814646893734],[-74.0478343790096,40.8815088650254],[-74.0473136411242,40.8824719973932]]}},{"type":"Feature","id":296097,"properties":{"OBJECTID":296097,"PRIMENAME":"Martense Avenue","ELEVTYP_F":0,"ELEVTYP_T":0},"geometry":{"type":"LineString","coordinates":[[-74.0280711981905,40.8941838362325],[-74.029981658841,40.8947700497213]]}},{"type":"Feature","id":296195,"properties":{"OBJECTID":296195,"PRIMENAME":"Hudson Street","ELEVTYP_F":0,"ELEVTYP_T":0},"geometry":{"type":"LineString","coordinates":[[-74.0438488451987,40.8774226748157],[-74.0438770210558,40.8774504672691],[-74.0439062922536,40.8774775997064],[-74.0439366319727,40.8775040472667],[-74.0439680124149,40.8775297857167],[-74.044000404828,40.8775547914727],[-74.0440337795326,40.8775790416225],[-74.0440681059491,40.877602513946],[-74.0441033526258,40.8776251869359],[-74.0441752233786,40.877665574218]]}},{"type":"Feature","id":296208,"properties":{"OBJECTID":296208,"PRIMENAME":"South Main Street","ELEVTYP_F":0,"ELEVTYP_T":0},"geometry":{"type":"LineString","coordinates":[[-74.0463228611204,40.8706317030379],[-74.0464596600463,40.8702063038189]]}},{"type":"Feature","id":296357,"properties":{"OBJECTID":296357,"PRIMENAME":"West Main Street","ELEVTYP_F":0,"ELEVTYP_T":0},"geometry":{"type":"LineString","coordinates":[[-74.0330063463785,40.8787733297833],[-74.0330060940461,40.878773273827],[-74.0319717272459,40.8785704302518]]}},{"type":"Feature","id":296903,"properties":{"OBJECTID":296903,"PRIMENAME":"Leonia Avenue","ELEVTYP_F":0,"ELEVTYP_T":0},"geometry":{"type":"LineString","coordinates":[[-74.0250763445327,40.8812794959173],[-74.0248515848968,40.8815333192711]]}},{"type":"Feature","id":297148,"properties":{"OBJECTID":297148,"PRIMENAME":"Midtown Place","ELEVTYP_F":0,"ELEVTYP_T":0},"geometry":{"type":"LineString","coordinates":[[-74.0395695825769,40.8851167222751],[-74.040068886165,40.8840663335415],[-74.0401146894983,40.8839700869859]]}},{"type":"Feature","id":297243,"properties":{"OBJECTID":297243,"PRIMENAME":"Larch Avenue","ELEVTYP_F":0,"ELEVTYP_T":0},"geometry":{"type":"LineString","coordinates":[[-74.0267371641494,40.888006609764],[-74.026405611966,40.8888058635402]]}},{"type":"Feature","id":297372,"properties":{"OBJECTID":297372,"PRIMENAME":"Union Circle","ELEVTYP_F":0,"ELEVTYP_T":0},"geometry":{"type":"LineString","coordinates":[[-74.0322422552837,40.892621510864],[-74.033193884103,40.8926306014508],[-74.0339141066023,40.8926936946095],[-74.0338920755998,40.8928846201895],[-74.0333365245309,40.8934318667387],[-74.0330602534997,40.893490930688],[-74.0326807219134,40.8935234096676],[-74.0326129813521,40.8939287708643],[-74.0325049607804,40.8939508850352],[-74.0323570635287,40.8939459924479],[-74.0320199581466,40.8938294940131],[-74.0317110021733,40.8938410262009]]}},{"type":"Feature","id":297547,"properties":{"OBJECTID":297547,"PRIMENAME":"Elm Avenue","ELEVTYP_F":0,"ELEVTYP_T":0},"geometry":{"type":"LineString","coordinates":[[-74.0280327689413,40.8813014304941],[-74.0279682434813,40.8814598789345],[-74.0276419724413,40.8822450928796]]}},{"type":"Feature","id":297567,"properties":{"OBJECTID":297567,"PRIMENAME":"North Avenue","ELEVTYP_F":0,"ELEVTYP_T":0},"geometry":{"type":"LineString","coordinates":[[-74.030023735236,40.8675070134585],[-74.0317108185474,40.8679970975528]]}},{"type":"Feature","id":297929,"properties":{"OBJECTID":297929,"PRIMENAME":"McKinley Street","ELEVTYP_F":0,"ELEVTYP_T":0},"geometry":{"type":"LineString","coordinates":[[-74.0521543285952,40.8746891182076],[-74.0521372370645,40.874794540046],[-74.0519338775514,40.8754406778643]]}},{"type":"Feature","id":298015,"properties":{"OBJECTID":298015,"PRIMENAME":"Hudson Street","ELEVTYP_F":0,"ELEVTYP_T":0},"geometry":{"type":"LineString","coordinates":[[-74.0432816221042,40.8762162524236],[-74.0435896345567,40.8770048030822],[-74.0436096475865,40.8770609001074],[-74.043633341784,40.87711616476],[-74.0436606575311,40.8771704579652],[-74.0436915260958,40.8772236430924],[-74.0437258698047,40.8772755862993],[-74.0437636022383,40.8773261568687],[-74.0438046284488,40.8773752275372],[-74.0438488451987,40.8774226748157]]}},{"type":"Feature","id":298021,"properties":{"OBJECTID":298021,"PRIMENAME":"Berry Street","ELEVTYP_F":0,"ELEVTYP_T":0},"geometry":{"type":"LineString","coordinates":[[-74.0509728430612,40.8941057734498],[-74.0509115138299,40.8940706746345],[-74.0505356263523,40.8938427260247]]}},{"type":"Feature","id":298046,"properties":{"OBJECTID":298046,"PRIMENAME":"West Shore Avenue","ELEVTYP_F":0,"ELEVTYP_T":0},"geometry":{"type":"LineString","coordinates":[[-74.030124170003,40.8729618150812],[-74.0302778771812,40.8725699414916]]}},{"type":"Feature","id":298127,"properties":{"OBJECTID":298127,"PRIMENAME":"Louis Street","ELEVTYP_F":0,"ELEVTYP_T":0},"geometry":{"type":"LineString","coordinates":[[-74.0436304482549,40.9094810767108],[-74.0445143779606,40.9086192337842]]}},{"type":"Feature","id":298244,"properties":{"OBJECTID":298244,"PRIMENAME":"Summit Avenue","ELEVTYP_F":0,"ELEVTYP_T":0},"geometry":{"type":"LineString","coordinates":[[-74.0508061201007,40.9058648947052],[-74.0507217676065,40.906108013935],[-74.0505440705858,40.9066077210963],[-74.0504458950909,40.9068937170233]]}},{"type":"Feature","id":298661,"properties":{"OBJECTID":298661,"PRIMENAME":"Elm Avenue","ELEVTYP_F":0,"ELEVTYP_T":0},"geometry":{"type":"LineString","coordinates":[[-74.0286841666336,40.8797042628277],[-74.0280327689413,40.8813014304941]]}},{"type":"Feature","id":298744,"properties":{"OBJECTID":298744,"PRIMENAME":"Central Avenue","ELEVTYP_F":0,"ELEVTYP_T":0},"geometry":{"type":"LineString","coordinates":[[-74.0252753482127,40.8642311875054],[-74.0244379708208,40.8639873353986],[-74.0242547781727,40.8639339875664]]}},{"type":"Feature","id":299055,"properties":{"OBJECTID":299055,"PRIMENAME":"Willow Avenue","ELEVTYP_F":0,"ELEVTYP_T":0},"geometry":{"type":"LineString","coordinates":[[-74.0455026124,40.9092025042237],[-74.0464267909091,40.9097481552499],[-74.0464814203315,40.9097806778259]]}},{"type":"Feature","id":299171,"properties":{"OBJECTID":299171,"PRIMENAME":"Martense Avenue","ELEVTYP_F":0,"ELEVTYP_T":0},"geometry":{"type":"LineString","coordinates":[[-74.0252903194368,40.893328137618],[-74.0280711981905,40.8941838362325]]}},{"type":"Feature","id":299385,"properties":{"OBJECTID":299385,"PRIMENAME":"Ross Avenue","ELEVTYP_F":0,"ELEVTYP_T":0},"geometry":{"type":"LineString","coordinates":[[-74.0494005959509,40.9022968258451],[-74.0503852581469,40.9028818520915]]}},{"type":"Feature","id":299389,"properties":{"OBJECTID":299389,"PRIMENAME":"Spring Valley Road","ELEVTYP_F":0,"ELEVTYP_T":0},"geometry":{"type":"LineString","coordinates":[[-74.0655546519517,40.9101298077581],[-74.0655062995517,40.9102534216469]]}},{"type":"Feature","id":299522,"properties":{"OBJECTID":299522,"PRIMENAME":"Cedar Avenue","ELEVTYP_F":0,"ELEVTYP_T":0},"geometry":{"type":"LineString","coordinates":[[-74.0472711780485,40.9074754091349],[-74.0482491884919,40.9080522751531]]}},{"type":"Feature","id":299626,"properties":{"OBJECTID":299626,"PRIMENAME":"Hill Street","ELEVTYP_F":0,"ELEVTYP_T":0},"geometry":{"type":"LineString","coordinates":[[-74.0666673828683,40.9039232689572],[-74.0655835343199,40.9049537812388]]}},{"type":"Feature","id":299805,"properties":{"OBJECTID":299805,"PRIMENAME":"Hackensack Avenue","ELEVTYP_F":0,"ELEVTYP_T":0},"geometry":{"type":"LineString","coordinates":[[-74.0331213665321,40.9075296692418],[-74.0332013234128,40.9070564655386]]}},{"type":"Feature","id":299827,"properties":{"OBJECTID":299827,"PRIMENAME":"Worth Street","ELEVTYP_F":0,"ELEVTYP_T":0},"geometry":{"type":"LineString","coordinates":[[-74.0499024396802,40.8720902804022],[-74.0499296474029,40.8720080654814],[-74.0501138570649,40.871451808662]]}},{"type":"Feature","id":300817,"properties":{"OBJECTID":300817,"PRIMENAME":"Huyler Street","ELEVTYP_F":0,"ELEVTYP_T":0},"geometry":{"type":"LineString","coordinates":[[-74.0492736319897,40.8691578456068],[-74.04927170029,40.8692290799999],[-74.0492668734643,40.8693002352039],[-74.049259156102,40.8693712434293],[-74.0492485555461,40.8694420370265],[-74.0492350818867,40.8695125485502],[-74.0492187479511,40.8695827108235],[-74.0491995692917,40.8696524570022],[-74.0491775641715,40.8697217206382],[-74.0490168971407,40.8702132883673]]}},{"type":"Feature","id":300842,"properties":{"OBJECTID":300842,"PRIMENAME":"Larch Avenue","ELEVTYP_F":0,"ELEVTYP_T":0},"geometry":{"type":"LineString","coordinates":[[-74.0290334860969,40.8824186752217],[-74.0289252643122,40.8826726328625]]}},{"type":"Feature","id":300958,"properties":{"OBJECTID":300958,"PRIMENAME":"East Fort Lee Road","ELEVTYP_F":0,"ELEVTYP_T":0},"geometry":{"type":"LineString","coordinates":[[-74.0290265785104,40.8760407573771],[-74.0289075829571,40.8760077707995]]}},{"type":"Feature","id":301035,"properties":{"OBJECTID":301035,"PRIMENAME":"Golf Avenue","ELEVTYP_F":0,"ELEVTYP_T":0},"geometry":{"type":"LineString","coordinates":[[-74.0596811257882,40.8998993668581],[-74.0594846763832,40.9000974048196]]}},{"type":"Feature","id":301206,"properties":{"OBJECTID":301206,"PRIMENAME":"Vanderbeck Place","ELEVTYP_F":0,"ELEVTYP_T":0},"geometry":{"type":"LineString","coordinates":[[-74.0461897194254,40.8945010702849],[-74.0468237955554,40.8938816170988],[-74.0468672252631,40.8938467070764],[-74.0469002996631,40.8938289400626],[-74.0469318141909,40.893817151175]]}},{"type":"Feature","id":301213,"properties":{"OBJECTID":301213,"PRIMENAME":"Larch Avenue","ELEVTYP_F":0,"ELEVTYP_T":0},"geometry":{"type":"LineString","coordinates":[[-74.0280521962675,40.8848084124708],[-74.0277254109486,40.8856081565263]]}},{"type":"Feature","id":301299,"properties":{"OBJECTID":301299,"PRIMENAME":"Bergen Avenue","ELEVTYP_F":0,"ELEVTYP_T":0},"geometry":{"type":"LineString","coordinates":[[-74.0630003621324,40.9047981295193],[-74.0630536572821,40.9047481537764]]}},{"type":"Feature","id":301408,"properties":{"OBJECTID":301408,"PRIMENAME":"Lincoln Avenue","ELEVTYP_F":0,"ELEVTYP_T":0},"geometry":{"type":"LineString","coordinates":[[-74.0651078921993,40.9071291553069],[-74.0654971478419,40.9064558645384]]}},{"type":"Feature","id":301629,"properties":{"OBJECTID":301629,"PRIMENAME":"Pangborn Place","ELEVTYP_F":0,"ELEVTYP_T":0},"geometry":{"type":"LineString","coordinates":[[-74.0412367401118,40.8936291466468],[-74.0413861350975,40.893487608024],[-74.0420273850806,40.8928506963581]]}},{"type":"Feature","id":301861,"properties":{"OBJECTID":301861,"PRIMENAME":"Boulevard","ELEVTYP_F":0,"ELEVTYP_T":0},"geometry":{"type":"LineString","coordinates":[[-74.0679957601311,40.8724507251411],[-74.0680015374468,40.8724438538155],[-74.0680061794444,40.8724382507431],[-74.0680688317484,40.8723622980445]]}},{"type":"Feature","id":302308,"properties":{"OBJECTID":302308,"PRIMENAME":"Passaic Street","ELEVTYP_F":0,"ELEVTYP_T":0},"geometry":{"type":"LineString","coordinates":[[-74.0469318141909,40.893817151175],[-74.0470203220241,40.8938703116451],[-74.0470596910613,40.8938939575373],[-74.0481419552011,40.8945439799788],[-74.048352893811,40.8946699480054]]}},{"type":"Feature","id":302363,"properties":{"OBJECTID":302363,"PRIMENAME":"Herman Street","ELEVTYP_F":0,"ELEVTYP_T":0},"geometry":{"type":"LineString","coordinates":[[-74.0460862796055,40.9055321750212],[-74.0452904623567,40.9063109875227]]}},{"type":"Feature","id":302503,"properties":{"OBJECTID":302503,"PRIMENAME":"Maple Avenue","ELEVTYP_F":0,"ELEVTYP_T":0},"geometry":{"type":"LineString","coordinates":[[-74.0309906437685,40.8935870014174],[-74.0308853944914,40.8935543204907],[-74.0287612691821,40.8928947012646]]}},{"type":"Feature","id":302523,"properties":{"OBJECTID":302523,"PRIMENAME":"Catalpa Avenue","ELEVTYP_F":0,"ELEVTYP_T":0},"geometry":{"type":"LineString","coordinates":[[-74.0296492281341,40.8860657207636],[-74.029320750994,40.8868712547322]]}},{"type":"Feature","id":303032,"properties":{"OBJECTID":303032,"PRIMENAME":"3rd Place","ELEVTYP_F":0,"ELEVTYP_T":0},"geometry":{"type":"LineString","coordinates":[[-74.0253551005519,40.8763802982092],[-74.026938137279,40.8767842685717]]}},{"type":"Feature","id":303159,"properties":{"OBJECTID":303159,"PRIMENAME":"West Shore Avenue","ELEVTYP_F":0,"ELEVTYP_T":0},"geometry":{"type":"LineString","coordinates":[[-74.0317108185474,40.8679970975528],[-74.0316897364227,40.8681035403988],[-74.0316624953613,40.8682233839311],[-74.0315949959288,40.8684119900086],[-74.0315196306523,40.8686389923161],[-74.0315167096679,40.8686482860424]]}},{"type":"Feature","id":303224,"properties":{"OBJECTID":303224,"PRIMENAME":"Kovar Street","ELEVTYP_F":0,"ELEVTYP_T":0},"geometry":{"type":"LineString","coordinates":[[-74.02716168092,40.8789724616207],[-74.0249688389336,40.8782419177199],[-74.0247655747528,40.8781758414268],[-74.0246808803821,40.8781483087778]]}},{"type":"Feature","id":303435,"properties":{"OBJECTID":303435,"PRIMENAME":"Hackensack Avenue","ELEVTYP_F":1,"ELEVTYP_T":0},"geometry":{"type":"LineString","coordinates":[[-74.0333597161302,40.9059865312028],[-74.0333724623198,40.9058100289577]]}},{"type":"Feature","id":303489,"properties":{"OBJECTID":303489,"PRIMENAME":"James Street","ELEVTYP_F":0,"ELEVTYP_T":0},"geometry":{"type":"LineString","coordinates":[[-74.0496876764503,40.8923250941141],[-74.0494359768497,40.89217777802],[-74.0483890354117,40.8915520112782]]}},{"type":"Feature","id":303583,"properties":{"OBJECTID":303583,"PRIMENAME":"Blanchard Terrace","ELEVTYP_F":0,"ELEVTYP_T":0},"geometry":{"type":"LineString","coordinates":[[-74.0559901950222,40.8947124497225],[-74.0560785199291,40.8947626378749],[-74.0589436845923,40.8963899560795]]}},{"type":"Feature","id":303785,"properties":{"OBJECTID":303785,"PRIMENAME":"Maywood Avenue","ELEVTYP_F":0,"ELEVTYP_T":0},"geometry":{"type":"LineString","coordinates":[[-74.0578923002337,40.9115980716079],[-74.0576708903119,40.91211505215],[-74.0576504635481,40.9121611583105],[-74.0576283345467,40.9122068101282],[-74.0576045208325,40.9122519714426],[-74.0575790412647,40.9122966064819]]}},{"type":"Feature","id":303873,"properties":{"OBJECTID":303873,"PRIMENAME":"Polifly Road","ELEVTYP_F":0,"ELEVTYP_T":0},"geometry":{"type":"LineString","coordinates":[[-74.0607904395792,40.8739961240679],[-74.0605904023761,40.8742295058055]]}},{"type":"Feature","id":304096,"properties":{"OBJECTID":304096,"PRIMENAME":"South River Street","ELEVTYP_F":0,"ELEVTYP_T":0},"geometry":{"type":"LineString","coordinates":[[-74.0411005386554,40.8766716829634],[-74.0411222419403,40.8768174975719],[-74.0411765044971,40.8773336250297],[-74.0412013459109,40.8775520289304],[-74.0412078370831,40.8776090940762]]}},{"type":"Feature","id":304132,"properties":{"OBJECTID":304132,"PRIMENAME":"East Fairmount Avenue","ELEVTYP_F":0,"ELEVTYP_T":0},"geometry":{"type":"LineString","coordinates":[[-74.0535960455535,40.9077888309979],[-74.0544464787772,40.9082942221621]]}},{"type":"Feature","id":304146,"properties":{"OBJECTID":304146,"PRIMENAME":"Anderson Street","ELEVTYP_F":0,"ELEVTYP_T":0},"geometry":{"type":"LineString","coordinates":[[-74.0411934704371,40.8923630663512],[-74.0411519962877,40.8923453174862],[-74.0411093827747,40.8923291975944],[-74.0410657409108,40.8923147486695],[-74.0410211843871,40.8923020083522],[-74.0409758292776,40.8922910098319],[-74.0409297937362,40.8922817817608],[-74.0408831976894,40.8922743481785],[-74.0408361625237,40.8922687284502],[-74.0394380718924,40.8921595059332]]}},{"type":"Feature","id":304180,"properties":{"OBJECTID":304180,"PRIMENAME":"State Street","ELEVTYP_F":0,"ELEVTYP_T":0},"geometry":{"type":"LineString","coordinates":[[-74.0458459084779,40.8816379424866],[-74.0457078191331,40.8819138956323],[-74.045607046655,40.8821167343979]]}},{"type":"Feature","id":304238,"properties":{"OBJECTID":304238,"PRIMENAME":"Mary Street","ELEVTYP_F":0,"ELEVTYP_T":0},"geometry":{"type":"LineString","coordinates":[[-74.0612539782031,40.876355271239],[-74.0613357476101,40.8764038662729],[-74.0619647002956,40.8767773721579]]}},{"type":"Feature","id":304376,"properties":{"OBJECTID":304376,"PRIMENAME":"Green Street","ELEVTYP_F":0,"ELEVTYP_T":0},"geometry":{"type":"LineString","coordinates":[[-74.0621048609123,40.8652747799145],[-74.0620181727463,40.865381833086],[-74.0618916292333,40.8655452258427]]}},{"type":"Feature","id":304487,"properties":{"OBJECTID":304487,"PRIMENAME":"Linwood Avenue","ELEVTYP_F":0,"ELEVTYP_T":0},"geometry":{"type":"LineString","coordinates":[[-74.0267819251952,40.8730545726199],[-74.0276836886219,40.8733036936422]]}},{"type":"Feature","id":304935,"properties":{"OBJECTID":304935,"PRIMENAME":"East Broadway","ELEVTYP_F":0,"ELEVTYP_T":0},"geometry":{"type":"LineString","coordinates":[[-74.0423940556082,40.873980384692],[-74.0422685217978,40.8740087903663],[-74.0404559148395,40.8744187870181]]}},{"type":"Feature","id":305076,"properties":{"OBJECTID":305076,"PRIMENAME":"River Road","ELEVTYP_F":0,"ELEVTYP_T":0},"geometry":{"type":"LineString","coordinates":[[-74.0317514240427,40.8839314138086],[-74.0315911127704,40.8847699720634]]}},{"type":"Feature","id":305174,"properties":{"OBJECTID":305174,"PRIMENAME":"Polifly Road","ELEVTYP_F":0,"ELEVTYP_T":0},"geometry":{"type":"LineString","coordinates":[[-74.0551572371385,40.8796960629673],[-74.0547703948768,40.8803518179774]]}},{"type":"Feature","id":305202,"properties":{"OBJECTID":305202,"PRIMENAME":"Elm Avenue","ELEVTYP_F":0,"ELEVTYP_T":0},"geometry":{"type":"LineString","coordinates":[[-74.0504458950909,40.9068937170233],[-74.0518649119381,40.9077355083731]]}},{"type":"Feature","id":305781,"properties":{"OBJECTID":305781,"PRIMENAME":"South Main Street","ELEVTYP_F":0,"ELEVTYP_T":0},"geometry":{"type":"LineString","coordinates":[[-74.0455220841074,40.8731499172435],[-74.0457147983948,40.8725508520181]]}},{"type":"Feature","id":305919,"properties":{"OBJECTID":305919,"PRIMENAME":"Kansas Street","ELEVTYP_F":0,"ELEVTYP_T":0},"geometry":{"type":"LineString","coordinates":[[-74.0478945549729,40.8771072789594],[-74.0476685241117,40.8770882868298]]}},{"type":"Feature","id":305946,"properties":{"OBJECTID":305946,"PRIMENAME":"Old Hoboken Road","ELEVTYP_F":0,"ELEVTYP_T":0},"geometry":{"type":"LineString","coordinates":[[-74.0433638023036,40.8694770600357],[-74.043310814131,40.8689685963863],[-74.0433052171692,40.8689043428593]]}},{"type":"Feature","id":306136,"properties":{"OBJECTID":306136,"PRIMENAME":"Golf Avenue","ELEVTYP_F":0,"ELEVTYP_T":0},"geometry":{"type":"LineString","coordinates":[[-74.0632096435693,40.8963155879831],[-74.0627347912642,40.8967971639392]]}},{"type":"Feature","id":306236,"properties":{"OBJECTID":306236,"PRIMENAME":"Poplar Avenue","ELEVTYP_F":0,"ELEVTYP_T":0},"geometry":{"type":"LineString","coordinates":[[-74.0648083160986,40.9019308888026],[-74.0650236095116,40.90164331924],[-74.0652428025462,40.9013537367863]]}},{"type":"Feature","id":306381,"properties":{"OBJECTID":306381,"PRIMENAME":"Herman Street","ELEVTYP_F":0,"ELEVTYP_T":0},"geometry":{"type":"LineString","coordinates":[[-74.0452904623567,40.9063109875227],[-74.0444133505346,40.9071710797125]]}},{"type":"Feature","id":306648,"properties":{"OBJECTID":306648,"PRIMENAME":"Briarcliff Avenue","ELEVTYP_F":0,"ELEVTYP_T":0},"geometry":{"type":"LineString","coordinates":[[-74.0675364570834,40.9102384349227],[-74.0675546306388,40.9102011974592],[-74.0675739408849,40.9101642907387],[-74.0675943773726,40.9101277347285],[-74.0676159290435,40.9100915492061],[-74.0678620910188,40.9096998934136]]}},{"type":"Feature","id":306985,"properties":{"OBJECTID":306985,"PRIMENAME":"Poplar Avenue","ELEVTYP_F":0,"ELEVTYP_T":0},"geometry":{"type":"LineString","coordinates":[[-74.0652428025462,40.9013537367863],[-74.0654856813697,40.9010328593305]]}},{"type":"Feature","id":307073,"properties":{"OBJECTID":307073,"PRIMENAME":"West Shore Avenue","ELEVTYP_F":0,"ELEVTYP_T":0},"geometry":{"type":"LineString","coordinates":[[-74.0305324794442,40.8719263837594],[-74.0307921396402,40.8712775208938]]}},{"type":"Feature","id":307112,"properties":{"OBJECTID":307112,"PRIMENAME":"Oak Avenue","ELEVTYP_F":0,"ELEVTYP_T":0},"geometry":{"type":"LineString","coordinates":[[-74.0602647741522,40.9088163223404],[-74.0601738739507,40.9090257432315],[-74.0597144953581,40.9100926438778],[-74.0593969867913,40.9108248208558]]}},{"type":"Feature","id":307178,"properties":{"OBJECTID":307178,"PRIMENAME":"East Spring Valley Avenue","ELEVTYP_F":0,"ELEVTYP_T":0},"geometry":{"type":"LineString","coordinates":[[-74.0575790412647,40.9122966064819],[-74.0562110117513,40.9114772873119]]}},{"type":"Feature","id":307199,"properties":{"OBJECTID":307199,"PRIMENAME":"Lincoln Avenue","ELEVTYP_F":0,"ELEVTYP_T":0},"geometry":{"type":"LineString","coordinates":[[-74.0654971478419,40.9064558645384],[-74.0655232763309,40.9064106717756],[-74.065548308646,40.9063670121411]]}},{"type":"Feature","id":307225,"properties":{"OBJECTID":307225,"PRIMENAME":"Palmer Avenue","ELEVTYP_F":0,"ELEVTYP_T":0},"geometry":{"type":"LineString","coordinates":[[-74.0598129228324,40.9120873724297],[-74.0602605710658,40.9110398603157]]}},{"type":"Feature","id":307350,"properties":{"OBJECTID":307350,"PRIMENAME":"Warren Street","ELEVTYP_F":0,"ELEVTYP_T":0},"geometry":{"type":"LineString","coordinates":[[-74.0458459084779,40.8816379424866],[-74.0457227595457,40.8816118741753],[-74.0438158411221,40.8812081716438]]}},{"type":"Feature","id":307650,"properties":{"OBJECTID":307650,"PRIMENAME":"Palmer Avenue","ELEVTYP_F":0,"ELEVTYP_T":0},"geometry":{"type":"LineString","coordinates":[[-74.0659775890729,40.9035104721242],[-74.0660325999276,40.9034964060802],[-74.0660625475539,40.9034810101331],[-74.0660904740363,40.9034594025801],[-74.0665824649421,40.9029934071497]]}},{"type":"Feature","id":308012,"properties":{"OBJECTID":308012,"PRIMENAME":"Hackensack Avenue","ELEVTYP_F":0,"ELEVTYP_T":0},"geometry":{"type":"LineString","coordinates":[[-74.0330697175381,40.9084890857291],[-74.033053812115,40.9083173531469],[-74.033051150977,40.9082275561543],[-74.0330521156518,40.9080904239927],[-74.0331043456277,40.9076655557751]]}},{"type":"Feature","id":308013,"properties":{"OBJECTID":308013,"PRIMENAME":"Spring Valley Avenue","ELEVTYP_F":0,"ELEVTYP_T":0},"geometry":{"type":"LineString","coordinates":[[-74.0510893554493,40.9085098005734],[-74.0502769199105,40.9080279745696],[-74.0500505481304,40.9078930570078]]}},{"type":"Feature","id":308026,"properties":{"OBJECTID":308026,"PRIMENAME":"South Lake Drive","ELEVTYP_F":0,"ELEVTYP_T":0},"geometry":{"type":"LineString","coordinates":[[-74.0399072860981,40.9109028117863],[-74.0401153984789,40.9108883250971],[-74.0402272598624,40.9108805417724]]}},{"type":"Feature","id":308214,"properties":{"OBJECTID":308214,"PRIMENAME":"Palmer Avenue","ELEVTYP_F":0,"ELEVTYP_T":0},"geometry":{"type":"LineString","coordinates":[[-74.0611224742728,40.9090312510025],[-74.0618190613916,40.9074379448251],[-74.0618637374049,40.9073346856288]]}},{"type":"Feature","id":308448,"properties":{"OBJECTID":308448,"PRIMENAME":"Hasbrouck Avenue","ELEVTYP_F":0,"ELEVTYP_T":0},"geometry":{"type":"LineString","coordinates":[[-74.0655235208504,40.8660587078634],[-74.0654317416564,40.8661046694907],[-74.0645691334441,40.8669806771777]]}},{"type":"Feature","id":308798,"properties":{"OBJECTID":308798,"PRIMENAME":"Linden Avenue","ELEVTYP_F":0,"ELEVTYP_T":0},"geometry":{"type":"LineString","coordinates":[[-74.0264439474258,40.8818915272586],[-74.0268142493142,40.8810133524721]]}},{"type":"Feature","id":308905,"properties":{"OBJECTID":308905,"PRIMENAME":"Hillcrest Street","ELEVTYP_F":0,"ELEVTYP_T":0},"geometry":{"type":"LineString","coordinates":[[-74.0273742963444,40.8828972204588],[-74.0287039806508,40.8832126467718]]}},{"type":"Feature","id":308928,"properties":{"OBJECTID":308928,"PRIMENAME":"Broad Street","ELEVTYP_F":0,"ELEVTYP_T":0},"geometry":{"type":"LineString","coordinates":[[-74.0290612953804,40.8787605973864],[-74.0286039816661,40.8786550945582]]}},{"type":"Feature","id":309044,"properties":{"OBJECTID":309044,"PRIMENAME":"Blauvelt Place","ELEVTYP_F":0,"ELEVTYP_T":0},"geometry":{"type":"LineString","coordinates":[[-74.0431106365107,40.8688632762771],[-74.0421275540411,40.8686557861995]]}},{"type":"Feature","id":309106,"properties":{"OBJECTID":309106,"PRIMENAME":"Elm Street","ELEVTYP_F":0,"ELEVTYP_T":0},"geometry":{"type":"LineString","coordinates":[[-74.0578306574083,40.9037149842477],[-74.0572658904004,40.9042610346551],[-74.0572061761869,40.9043180651193]]}},{"type":"Feature","id":309143,"properties":{"OBJECTID":309143,"PRIMENAME":"Johnson Avenue","ELEVTYP_F":0,"ELEVTYP_T":0},"geometry":{"type":"LineString","coordinates":[[-74.0413930752136,40.9011357233905],[-74.0413861740815,40.9011711881202],[-74.0413773667577,40.9011988831739],[-74.0413656653995,40.9012259543122],[-74.0413511451272,40.9012522277358],[-74.0413338991594,40.9012775347665],[-74.0413140382139,40.9013017129305],[-74.0412916897978,40.9013246070009],[-74.0412669973881,40.901346069995],[-74.0412401195113,40.9013659641174],[-74.0411951746693,40.9014031886696],[-74.0411531086862,40.9014423023009],[-74.0411140592221,40.9014831770175],[-74.0410781540665,40.9015256790626],[-74.0410455107204,40.9015696693538],[-74.0410162360115,40.9016150039385],[-74.0409904257449,40.9016615344646],[-74.0409681643889,40.9017091086662],[-74.0409495247992,40.9017575708619],[-74.04093456798,40.9018067624638],[-74.0409233428843,40.9018565224969],[-74.0409158862537,40.9019066881259],[-74.040912222498,40.9019570951875],[-74.0409123636151,40.9020075787282],[-74.040916309152,40.9020579735437],[-74.0409240462058,40.9021081147198],[-74.0409559547795,40.9021813396888]]}},{"type":"Feature","id":309161,"properties":{"OBJECTID":309161,"PRIMENAME":"Parkway","ELEVTYP_F":0,"ELEVTYP_T":0},"geometry":{"type":"LineString","coordinates":[[-74.056056554476,40.8811040025067],[-74.056356710953,40.8805765371781],[-74.056427045756,40.8804529560916]]}},{"type":"Feature","id":309194,"properties":{"OBJECTID":309194,"PRIMENAME":"Jersey Avenue","ELEVTYP_F":0,"ELEVTYP_T":0},"geometry":{"type":"LineString","coordinates":[[-74.0588866900729,40.9065920065632],[-74.0587319151364,40.9069508072598],[-74.058463226094,40.9075623644436]]}},{"type":"Feature","id":309312,"properties":{"OBJECTID":309312,"PRIMENAME":"Cleveland Street","ELEVTYP_F":0,"ELEVTYP_T":0},"geometry":{"type":"LineString","coordinates":[[-74.0491294942749,40.8755979049836],[-74.0492154726948,40.8751992879441]]}},{"type":"Feature","id":309324,"properties":{"OBJECTID":309324,"PRIMENAME":"North Street","ELEVTYP_F":0,"ELEVTYP_T":0},"geometry":{"type":"LineString","coordinates":[[-74.025404287424,40.8876905984334],[-74.0267371641494,40.888006609764]]}},{"type":"Feature","id":309326,"properties":{"OBJECTID":309326,"PRIMENAME":"Williams Avenue","ELEVTYP_F":0,"ELEVTYP_T":0},"geometry":{"type":"LineString","coordinates":[[-74.0669401940693,40.8668846094077],[-74.0662766181318,40.8665074858899],[-74.0662090840871,40.8664672934136]]}},{"type":"Feature","id":310031,"properties":{"OBJECTID":310031,"PRIMENAME":"James Street","ELEVTYP_F":0,"ELEVTYP_T":0},"geometry":{"type":"LineString","coordinates":[[-74.0553953724138,40.872152264531],[-74.0547849007457,40.8718875476902]]}},{"type":"Feature","id":310072,"properties":{"OBJECTID":310072,"PRIMENAME":"East Pleasantview Avenue","ELEVTYP_F":0,"ELEVTYP_T":0},"geometry":{"type":"LineString","coordinates":[[-74.0624186136748,40.8734292239704],[-74.0631531369415,40.8738413333667]]}},{"type":"Feature","id":310325,"properties":{"OBJECTID":310325,"PRIMENAME":"Louis Street","ELEVTYP_F":0,"ELEVTYP_T":0},"geometry":{"type":"LineString","coordinates":[[-74.0470679812924,40.9061190574905],[-74.0478527114328,40.9053444443662]]}},{"type":"Feature","id":310437,"properties":{"OBJECTID":310437,"PRIMENAME":"Austin Street","ELEVTYP_F":0,"ELEVTYP_T":0},"geometry":{"type":"LineString","coordinates":[[-74.0256276863729,40.8614252435399],[-74.0257923676905,40.8614665733376],[-74.0264467507781,40.8616229512945],[-74.0265846359086,40.861660080458],[-74.0266935801476,40.861699560076],[-74.0272108552248,40.861796437671]]}},{"type":"Feature","id":310482,"properties":{"OBJECTID":310482,"PRIMENAME":"Main Street","ELEVTYP_F":0,"ELEVTYP_T":0},"geometry":{"type":"LineString","coordinates":[[-74.0440355123728,40.8802387868238],[-74.0440125228051,40.8803334295156],[-74.0439912820525,40.8804283073252],[-74.0439717942898,40.880523401638],[-74.0439540633481,40.8806186937963],[-74.0438158411221,40.8812081716438]]}},{"type":"Feature","id":310837,"properties":{"OBJECTID":310837,"PRIMENAME":"Oak Avenue","ELEVTYP_F":0,"ELEVTYP_T":0},"geometry":{"type":"LineString","coordinates":[[-74.0628062981949,40.903881622048],[-74.0627208884111,40.9039584498915],[-74.0626343060707,40.9040345185106],[-74.0625465628939,40.9041098176053],[-74.0624576707578,40.9041843369793],[-74.0624151542164,40.9042372103687],[-74.0623753113124,40.9042912691711]]}},{"type":"Feature","id":310872,"properties":{"OBJECTID":310872,"PRIMENAME":"Main Street","ELEVTYP_F":0,"ELEVTYP_T":0},"geometry":{"type":"LineString","coordinates":[[-74.0445637607123,40.8786168308531],[-74.0444122910643,40.8790300052378],[-74.0444079951662,40.8790410139311],[-74.0443701388538,40.8791403242293],[-74.0443337838912,40.8792399571726]]}},{"type":"Feature","id":310919,"properties":{"OBJECTID":310919,"PRIMENAME":"Atlantic Street","ELEVTYP_F":0,"ELEVTYP_T":0},"geometry":{"type":"LineString","coordinates":[[-74.057056011429,40.8858277372376],[-74.0562315111742,40.8853459611004],[-74.0555843973478,40.8849387884971],[-74.0554999395347,40.8848856456295],[-74.0554113168699,40.8848331644112],[-74.0553180945923,40.8847854936146],[-74.0552207251874,40.884742864621],[-74.0551196812668,40.8847054843397],[-74.0543635847348,40.8843880231917],[-74.0542217890216,40.8843312311717]]}},{"type":"Feature","id":310932,"properties":{"OBJECTID":310932,"PRIMENAME":"Briarcliff Avenue","ELEVTYP_F":0,"ELEVTYP_T":0},"geometry":{"type":"LineString","coordinates":[[-74.0682605958428,40.909065770388],[-74.068572776328,40.9085690094022]]}},{"type":"Feature","id":310959,"properties":{"OBJECTID":310959,"PRIMENAME":"Summit Avenue","ELEVTYP_F":0,"ELEVTYP_T":0},"geometry":{"type":"LineString","coordinates":[[-74.0529848918493,40.8974389093346],[-74.0529404796179,40.8975798816317],[-74.0528998977239,40.8977215172052],[-74.0528631633597,40.8978637561383],[-74.0528302920899,40.8980065382586],[-74.0527429853458,40.8984385532436]]}},{"type":"Feature","id":311006,"properties":{"OBJECTID":311006,"PRIMENAME":"Main Street","ELEVTYP_F":0,"ELEVTYP_T":0},"geometry":{"type":"LineString","coordinates":[[-74.044588852711,40.8779370086274],[-74.0446027934463,40.8779764304239],[-74.0446132744544,40.8780164648471],[-74.044620249986,40.8780569371727],[-74.044623689591,40.8780976707649],[-74.0446235782512,40.8781384878474],[-74.044619916446,40.8781792102792],[-74.0446127201504,40.878219660332],[-74.0446020207655,40.8782596614658],[-74.044585978298,40.8783036116215],[-74.0444568108275,40.8787661451567]]}},{"type":"Feature","id":311538,"properties":{"OBJECTID":311538,"PRIMENAME":"Marvin Avenue","ELEVTYP_F":0,"ELEVTYP_T":0},"geometry":{"type":"LineString","coordinates":[[-74.0624063911193,40.8812165455043],[-74.0637218943083,40.8819991158643],[-74.0642610603707,40.8823195662255]]}},{"type":"Feature","id":311848,"properties":{"OBJECTID":311848,"PRIMENAME":"West Fairmount Avenue","ELEVTYP_F":0,"ELEVTYP_T":0},"geometry":{"type":"LineString","coordinates":[[-74.0593969867913,40.9108248208558],[-74.0602605710658,40.9110398603157]]}},{"type":"Feature","id":312285,"properties":{"OBJECTID":312285,"PRIMENAME":"Ramapo Road","ELEVTYP_F":0,"ELEVTYP_T":0},"geometry":{"type":"LineString","coordinates":[[-74.0250653359678,40.8969937513895],[-74.0248794451684,40.8969466237265],[-74.0246075746145,40.8968584615553],[-74.0243343092487,40.8967728189553],[-74.0242381649422,40.8967456925444],[-74.024142647699,40.8967173193686],[-74.024047785597,40.8966877077688],[-74.0239536065217,40.8966568664498],[-74.0238793856412,40.8966347698285],[-74.0238039995625,40.8966150749722]]}},{"type":"Feature","id":312750,"properties":{"OBJECTID":312750,"PRIMENAME":"Pine Street","ELEVTYP_F":0,"ELEVTYP_T":0},"geometry":{"type":"LineString","coordinates":[[-74.0429090748327,40.9062844997405],[-74.0429273289666,40.9061923705079],[-74.043116814055,40.9052368713874],[-74.0431518369435,40.9050602644333]]}},{"type":"Feature","id":312751,"properties":{"OBJECTID":312751,"PRIMENAME":"Worth Street","ELEVTYP_F":0,"ELEVTYP_T":0},"geometry":{"type":"LineString","coordinates":[[-74.039703596533,40.8625178024422],[-74.0408555389944,40.8624789408548],[-74.0408666887389,40.862478523242]]}},{"type":"Feature","id":312766,"properties":{"OBJECTID":312766,"PRIMENAME":"West Grove Street","ELEVTYP_F":0,"ELEVTYP_T":0},"geometry":{"type":"LineString","coordinates":[[-74.0293665811962,40.8816171686971],[-74.0312673760115,40.8820679965985],[-74.0320721775852,40.8822546534056]]}},{"type":"Feature","id":312997,"properties":{"OBJECTID":312997,"PRIMENAME":"Winchester Place","ELEVTYP_F":0,"ELEVTYP_T":0},"geometry":{"type":"LineString","coordinates":[[-74.0584676648362,40.8895346680101],[-74.0585296513407,40.889546511715],[-74.0585905765047,40.8895611882885],[-74.0586447455263,40.8895767988121],[-74.0586977920404,40.8895944906078],[-74.0587495773006,40.889614217402],[-74.0587999658587,40.8896359275982],[-74.0588488259197,40.8896595644125],[-74.0588960296858,40.8896850660215],[-74.058941453691,40.8897123657243],[-74.0589849791238,40.889741392117],[-74.0591981582067,40.8898689306336],[-74.0594071820661,40.8900003707453],[-74.0595354042412,40.8901014647673],[-74.0596601423867,40.8902050387947],[-74.0597482370689,40.8902733670191]]}},{"type":"Feature","id":313057,"properties":{"OBJECTID":313057,"PRIMENAME":"Maple Hill Drive","ELEVTYP_F":0,"ELEVTYP_T":0},"geometry":{"type":"LineString","coordinates":[[-74.0565481473171,40.8940007488773],[-74.0565300111389,40.8940253940614],[-74.0565100354498,40.8940492061508],[-74.0564882864967,40.8940721061734],[-74.056464836408,40.8940940181815],[-74.056439762954,40.8941148695044],[-74.056413149289,40.8941345909887],[-74.0563850836758,40.8941531172284],[-74.0563556591927,40.8941703867813],[-74.0563317212326,40.8941858522177],[-74.0563087713233,40.8942021573223],[-74.0562868605632,40.894219265792],[-74.0562660377372,40.8942371395349],[-74.0562463492081,40.8942557387552],[-74.0562278388131,40.8942750220421],[-74.0562105477666,40.8942949464612],[-74.0561945145681,40.894315467651]]}},{"type":"Feature","id":313217,"properties":{"OBJECTID":313217,"PRIMENAME":"Golf Place","ELEVTYP_F":0,"ELEVTYP_T":0},"geometry":{"type":"LineString","coordinates":[[-74.0535279548869,40.892751626465],[-74.0536470240116,40.8928232086872],[-74.0549382766092,40.8935996898408]]}},{"type":"Feature","id":313458,"properties":{"OBJECTID":313458,"PRIMENAME":"West Passaic Street","ELEVTYP_F":0,"ELEVTYP_T":0},"geometry":{"type":"LineString","coordinates":[[-74.0653611807654,40.9048207207059],[-74.0655835343199,40.9049537812388]]}},{"type":"Feature","id":313691,"properties":{"OBJECTID":313691,"PRIMENAME":"Main Street","ELEVTYP_F":0,"ELEVTYP_T":0},"geometry":{"type":"LineString","coordinates":[[-74.0320108939669,40.9126986997305],[-74.0314947632502,40.9126868491621],[-74.0314308465553,40.9126926720457],[-74.0313674002868,40.9127009417168],[-74.0313045870905,40.9127116369757],[-74.0312425679897,40.912724730405],[-74.0311815019721,40.9127401884394],[-74.0311215455825,40.9127579714517],[-74.0310628525214,40.9127780338548],[-74.0310055732513,40.9128003242181],[-74.0309498546106,40.9128247853995],[-74.0308958394377,40.912851354692],[-74.0308436662043,40.9128799639843],[-74.030793468661,40.9129105399352],[-74.030745375494,40.9129430041621],[-74.0306995099954,40.9129772734414],[-74.0306559897472,40.9130132599222],[-74.0306149263196,40.913050871351],[-74.0305830754046,40.9131058331018],[-74.0305567141689,40.9131624431952],[-74.0305359893326,40.9132203865837],[-74.0305210162493,40.9132793407987],[-74.0305118782631,40.9133389777455],[-74.0305086262452,40.9133989655288],[-74.0305112783098,40.9134589702999],[-74.0305198197135,40.9135186581147]]}},{"type":"Feature","id":313797,"properties":{"OBJECTID":313797,"PRIMENAME":"Longworth Avenue","ELEVTYP_F":0,"ELEVTYP_T":0},"geometry":{"type":"LineString","coordinates":[[-74.0667049487343,40.8688481184648],[-74.0656454368978,40.8682348660517]]}},{"type":"Feature","id":313932,"properties":{"OBJECTID":313932,"PRIMENAME":"Ames Street","ELEVTYP_F":0,"ELEVTYP_T":0},"geometry":{"type":"LineString","coordinates":[[-74.0584777579986,40.877931719978],[-74.0585457158538,40.8778655802391],[-74.0585640959096,40.8778476986408],[-74.0605367498608,40.87592839243]]}},{"type":"Feature","id":314183,"properties":{"OBJECTID":314183,"PRIMENAME":"West Shore Avenue","ELEVTYP_F":0,"ELEVTYP_T":0},"geometry":{"type":"LineString","coordinates":[[-74.0310470088905,40.8706407703606],[-74.0311572902184,40.8703651598319],[-74.0313074994513,40.869995861253]]}},{"type":"Feature","id":314244,"properties":{"OBJECTID":314244,"PRIMENAME":"Tilden Avenue","ELEVTYP_F":0,"ELEVTYP_T":0},"geometry":{"type":"LineString","coordinates":[[-74.0256379923014,40.8926825599967],[-74.0233560062112,40.8919794257553],[-74.0229847382348,40.8918635369047],[-74.0228701303106,40.8918253471205]]}},{"type":"Feature","id":314416,"properties":{"OBJECTID":314416,"PRIMENAME":"Phillips Avenue","ELEVTYP_F":0,"ELEVTYP_T":0},"geometry":{"type":"LineString","coordinates":[[-74.0444876637504,40.8654640860482],[-74.0446649410099,40.8659185250221],[-74.0448233819592,40.8663149988827]]}},{"type":"Feature","id":314873,"properties":{"OBJECTID":314873,"PRIMENAME":"Liberty Street","ELEVTYP_F":0,"ELEVTYP_T":0},"geometry":{"type":"LineString","coordinates":[[-74.040651114595,40.8588393411386],[-74.0405949491171,40.8589488890514],[-74.0405760299602,40.8589866629289]]}},{"type":"Feature","id":314877,"properties":{"OBJECTID":314877,"PRIMENAME":"Ross Avenue","ELEVTYP_F":0,"ELEVTYP_T":0},"geometry":{"type":"LineString","coordinates":[[-74.0445493426086,40.899409731229],[-74.0436106926787,40.8988662576408]]}},{"type":"Feature","id":314985,"properties":{"OBJECTID":314985,"PRIMENAME":"Leuning Street","ELEVTYP_F":0,"ELEVTYP_T":0},"geometry":{"type":"LineString","coordinates":[[-74.0507667216516,40.8722088551366],[-74.0508492043695,40.8722219073146],[-74.0509310279173,40.8722371640472],[-74.0515517417097,40.8723539603479],[-74.0516171903119,40.8723651945326]]}},{"type":"Feature","id":315296,"properties":{"OBJECTID":315296,"PRIMENAME":"Belle Avenue","ELEVTYP_F":0,"ELEVTYP_T":0},"geometry":{"type":"LineString","coordinates":[[-74.0644480446674,40.9066978801954],[-74.063767311603,40.906252962484]]}},{"type":"Feature","id":315417,"properties":{"OBJECTID":315417,"PRIMENAME":"Longview Avenue","ELEVTYP_F":0,"ELEVTYP_T":0},"geometry":{"type":"LineString","coordinates":[[-74.0590767651577,40.879237198611],[-74.0593156574796,40.8789229376986]]}},{"type":"Feature","id":315717,"properties":{"OBJECTID":315717,"PRIMENAME":"Main Street","ELEVTYP_F":0,"ELEVTYP_T":0},"geometry":{"type":"LineString","coordinates":[[-74.041683313089,40.9016821026858],[-74.0420004578173,40.90237741723],[-74.0424136130036,40.9032582850497],[-74.0425346873126,40.9034861552859]]}},{"type":"Feature","id":316117,"properties":{"OBJECTID":316117,"PRIMENAME":"Conklin Place","ELEVTYP_F":0,"ELEVTYP_T":0},"geometry":{"type":"LineString","coordinates":[[-74.0424826543277,40.8923985466196],[-74.0427976913622,40.8925859024813],[-74.0428724426822,40.892630364366]]}},{"type":"Feature","id":316206,"properties":{"OBJECTID":316206,"PRIMENAME":"Elm Avenue","ELEVTYP_F":0,"ELEVTYP_T":0},"geometry":{"type":"LineString","coordinates":[[-74.0300482959829,40.8762918589449],[-74.0300385713555,40.8762402419465],[-74.030049117542,40.8761807194945],[-74.0304496193455,40.8750354328718],[-74.0305241296349,40.8748181722064]]}},{"type":"Feature","id":316252,"properties":{"OBJECTID":316252,"PRIMENAME":"Lodi Street","ELEVTYP_F":0,"ELEVTYP_T":0},"geometry":{"type":"LineString","coordinates":[[-74.0473898302639,40.8741596321622],[-74.0472835388241,40.8741505407409],[-74.0472577622891,40.8741482003716],[-74.0472320321877,40.8741455821078],[-74.0472063537195,40.8741426864788],[-74.0471807320736,40.8741395140697]]}},{"type":"Feature","id":316275,"properties":{"OBJECTID":316275,"PRIMENAME":"Jersey Place","ELEVTYP_F":0,"ELEVTYP_T":0},"geometry":{"type":"LineString","coordinates":[[-74.053610281264,40.8739981228885],[-74.0537024075794,40.8740381161552],[-74.0548806901155,40.874549523279]]}},{"type":"Feature","id":316402,"properties":{"OBJECTID":316402,"PRIMENAME":"River Road","ELEVTYP_F":0,"ELEVTYP_T":0},"geometry":{"type":"LineString","coordinates":[[-74.0310517909457,40.8890253378363],[-74.031101561962,40.8894043960364],[-74.0311557488903,40.8898344451182]]}},{"type":"Feature","id":316638,"properties":{"OBJECTID":316638,"PRIMENAME":"Court Street","ELEVTYP_F":0,"ELEVTYP_T":0},"geometry":{"type":"LineString","coordinates":[[-74.0408281938864,40.8791257548122],[-74.0406564378079,40.8791374501409],[-74.040471781573,40.8791498800154],[-74.0403430267763,40.8791567993666],[-74.0402224710081,40.8791619791736],[-74.040101833285,40.8791659090415],[-74.0399811361041,40.8791685882375],[-74.0398604019732,40.8791700162619]]}},{"type":"Feature","id":316834,"properties":{"OBJECTID":316834,"PRIMENAME":"Maywood Avenue","ELEVTYP_F":0,"ELEVTYP_T":0},"geometry":{"type":"LineString","coordinates":[[-74.0660238090736,40.8947288462863],[-74.0659241493257,40.8949727147951],[-74.065745223672,40.8954058774352]]}},{"type":"Feature","id":316853,"properties":{"OBJECTID":316853,"PRIMENAME":"South River Street","ELEVTYP_F":0,"ELEVTYP_T":0},"geometry":{"type":"LineString","coordinates":[[-74.0376137697208,40.8668969915431],[-74.0376256790658,40.866926306019],[-74.0376620463182,40.8670158216949]]}},{"type":"Feature","id":317368,"properties":{"OBJECTID":317368,"PRIMENAME":"Newman Street","ELEVTYP_F":0,"ELEVTYP_T":0},"geometry":{"type":"LineString","coordinates":[[-74.052209681286,40.8812542401942],[-74.0518695623565,40.8819372043976]]}},{"type":"Feature","id":317700,"properties":{"OBJECTID":317700,"PRIMENAME":"Rowland Avenue","ELEVTYP_F":0,"ELEVTYP_T":0},"geometry":{"type":"LineString","coordinates":[[-74.0619179452174,40.8845876439705],[-74.0613318022737,40.8851526848704]]}},{"type":"Feature","id":317703,"properties":{"OBJECTID":317703,"PRIMENAME":"Grand Avenue","ELEVTYP_F":0,"ELEVTYP_T":0},"geometry":{"type":"LineString","coordinates":[[-74.0425346873126,40.9034861552859],[-74.0427759898326,40.902399544126],[-74.042794307438,40.9023244330794]]}},{"type":"Feature","id":317772,"properties":{"OBJECTID":317772,"PRIMENAME":"Collins Avenue","ELEVTYP_F":0,"ELEVTYP_T":0},"geometry":{"type":"LineString","coordinates":[[-74.0675515185043,40.870275619757],[-74.0680916383633,40.8697531116113],[-74.0681464070823,40.8696996255634]]}},{"type":"Feature","id":318040,"properties":{"OBJECTID":318040,"PRIMENAME":"Maywood Avenue","ELEVTYP_F":0,"ELEVTYP_T":0},"geometry":{"type":"LineString","coordinates":[[-74.0666251350285,40.8932573408159],[-74.0662759529335,40.8941118277697]]}},{"type":"Feature","id":318079,"properties":{"OBJECTID":318079,"PRIMENAME":"Huyler Street","ELEVTYP_F":0,"ELEVTYP_T":0},"geometry":{"type":"LineString","coordinates":[[-74.0490168971407,40.8702132883673],[-74.0488986585685,40.870574883996],[-74.0488801046203,40.870627677475],[-74.0488639409596,40.8706809219185],[-74.0488501865181,40.8707345549833],[-74.0488388574066,40.8707885138708],[-74.0488278677191,40.8708583226985],[-74.0488209367096,40.8709284310745],[-74.0488012119752,40.871192005678]]}},{"type":"Feature","id":318337,"properties":{"OBJECTID":318337,"PRIMENAME":"Clarendon Place","ELEVTYP_F":0,"ELEVTYP_T":0},"geometry":{"type":"LineString","coordinates":[[-74.0475805396788,40.8965093188033],[-74.0482666344895,40.895843068614],[-74.0483179381505,40.8957938329743]]}},{"type":"Feature","id":318420,"properties":{"OBJECTID":318420,"PRIMENAME":"Kansas Street","ELEVTYP_F":0,"ELEVTYP_T":0},"geometry":{"type":"LineString","coordinates":[[-74.044167203684,40.8762460801581],[-74.0432879683999,40.8759611085121],[-74.0432616544352,40.8759561087598],[-74.0432346755463,40.8759539683391],[-74.0432075682441,40.875954729815],[-74.0431808715931,40.8759583780446]]}},{"type":"Feature","id":318754,"properties":{"OBJECTID":318754,"PRIMENAME":"Lincoln Avenue","ELEVTYP_F":0,"ELEVTYP_T":0},"geometry":{"type":"LineString","coordinates":[[-74.0260169146006,40.8598608520906],[-74.0259001138974,40.8603303072753],[-74.025822954806,40.860640278317]]}},{"type":"Feature","id":318836,"properties":{"OBJECTID":318836,"PRIMENAME":"East Mercer Street","ELEVTYP_F":0,"ELEVTYP_T":0},"geometry":{"type":"LineString","coordinates":[[-74.0420231783381,40.8835613564421],[-74.0428778070738,40.8837882118732]]}},{"type":"Feature","id":318877,"properties":{"OBJECTID":318877,"PRIMENAME":"Clinton Place","ELEVTYP_F":0,"ELEVTYP_T":0},"geometry":{"type":"LineString","coordinates":[[-74.0430989605183,40.8959575699624],[-74.0444210775294,40.8967553440677]]}},{"type":"Feature","id":318896,"properties":{"OBJECTID":318896,"PRIMENAME":"Berry Street","ELEVTYP_F":0,"ELEVTYP_T":0},"geometry":{"type":"LineString","coordinates":[[-74.0445059625102,40.8902231257237],[-74.045629550539,40.8908934241799]]}},{"type":"Feature","id":319099,"properties":{"OBJECTID":319099,"PRIMENAME":"Hudson Street","ELEVTYP_F":0,"ELEVTYP_T":0},"geometry":{"type":"LineString","coordinates":[[-74.0414022994315,40.8714976533433],[-74.0416271530523,40.8720682871318],[-74.0417003873599,40.8722506778219]]}},{"type":"Feature","id":319655,"properties":{"OBJECTID":319655,"PRIMENAME":"Phillips Avenue","ELEVTYP_F":0,"ELEVTYP_T":0},"geometry":{"type":"LineString","coordinates":[[-74.0459332131671,40.8590042276706],[-74.0459220315723,40.8590831976622],[-74.045913224951,40.8591623407225],[-74.0458877966469,40.8592808568859],[-74.0458591560136,40.8593989499093],[-74.0458273152048,40.8595165696091],[-74.0457922877345,40.8596336660027],[-74.0457790247955,40.8596820491668],[-74.0457620799985,40.8597297652006],[-74.0457415106375,40.8597766527435],[-74.0457173862643,40.8598225532364]]}},{"type":"Feature","id":320046,"properties":{"OBJECTID":320046,"PRIMENAME":"Loughlin Place","ELEVTYP_F":0,"ELEVTYP_T":0},"geometry":{"type":"LineString","coordinates":[[-74.0643280817751,40.9138457880326],[-74.0644299473785,40.9138609681824],[-74.0646512127879,40.9138940285549],[-74.0646965266235,40.9139003725666],[-74.0647424006382,40.9139036665522],[-74.0647884787993,40.9139038849467],[-74.0648344034898,40.9139010260551],[-74.0648798182837,40.9138951120655],[-74.0649243707128,40.9138861888769],[-74.0649677150018,40.913874325743],[-74.0650095147527,40.9138596147345],[-74.0652787672812,40.9137534134356],[-74.0653196042013,40.9137393299946],[-74.0653620378799,40.9137282925501],[-74.0654056745815,40.9137204035169],[-74.0654501094081,40.9137157360959],[-74.0654949300568,40.9137143335954],[-74.0655397206447,40.913716209029],[-74.0655840655677,40.9137213449949],[-74.0656275533569,40.9137296938373],[-74.0659183088153,40.9138043250544]]}},{"type":"Feature","id":320048,"properties":{"OBJECTID":320048,"PRIMENAME":"Eighth Street","ELEVTYP_F":0,"ELEVTYP_T":0},"geometry":{"type":"LineString","coordinates":[[-74.0251313169315,40.8621583255537],[-74.0248236390547,40.8627744520595],[-74.0242547781727,40.8639339875664]]}},{"type":"Feature","id":320294,"properties":{"OBJECTID":320294,"PRIMENAME":"Linden Avenue","ELEVTYP_F":0,"ELEVTYP_T":0},"geometry":{"type":"LineString","coordinates":[[-74.0259220371967,40.8831721501297],[-74.0259900426733,40.8830085020046],[-74.0261522905635,40.882607447045]]}},{"type":"Feature","id":320864,"properties":{"OBJECTID":320864,"PRIMENAME":"Terheun Place","ELEVTYP_F":0,"ELEVTYP_T":0},"geometry":{"type":"LineString","coordinates":[[-74.0382911838172,40.8967770543364],[-74.0374884945734,40.8964931686865]]}},{"type":"Feature","id":320958,"properties":{"OBJECTID":320958,"PRIMENAME":"James Street","ELEVTYP_F":0,"ELEVTYP_T":0},"geometry":{"type":"LineString","coordinates":[[-74.0507415191245,40.8929609226188],[-74.0501490672025,40.8925951293322],[-74.0496876764503,40.8923250941141]]}},{"type":"Feature","id":321109,"properties":{"OBJECTID":321109,"PRIMENAME":"Maywood Avenue","ELEVTYP_F":0,"ELEVTYP_T":0},"geometry":{"type":"LineString","coordinates":[[-74.0657138339963,40.8954819039355],[-74.0654981850512,40.896004028998],[-74.0654911914146,40.8960210395643],[-74.0653449297248,40.8963865504789],[-74.0652056929919,40.8967536378557]]}},{"type":"Feature","id":321131,"properties":{"OBJECTID":321131,"PRIMENAME":"Johnson Avenue","ELEVTYP_F":0,"ELEVTYP_T":0},"geometry":{"type":"LineString","coordinates":[[-74.0413962138523,40.9034151792456],[-74.0413893656112,40.903464640044],[-74.0413796628124,40.9035138251326],[-74.0413671241492,40.9035626397196],[-74.0413517737806,40.903610989727],[-74.0409710298646,40.9048567974642],[-74.0409568853631,40.9048826251907]]}},{"type":"Feature","id":321171,"properties":{"OBJECTID":321171,"PRIMENAME":"Cornwall Avenue","ELEVTYP_F":0,"ELEVTYP_T":0},"geometry":{"type":"LineString","coordinates":[[-74.0254395379596,40.8999027198518],[-74.0261554127413,40.9000824370461]]}},{"type":"Feature","id":321277,"properties":{"OBJECTID":321277,"PRIMENAME":"Cedar Lane","ELEVTYP_F":0,"ELEVTYP_T":0},"geometry":{"type":"LineString","coordinates":[[-74.0257569643997,40.8903824949175],[-74.0244730254782,40.8899493834219]]}},{"type":"Feature","id":321331,"properties":{"OBJECTID":321331,"PRIMENAME":"Linden Avenue","ELEVTYP_F":0,"ELEVTYP_T":0},"geometry":{"type":"LineString","coordinates":[[-74.0286039816661,40.8786550945582],[-74.0284689410252,40.8789814641997],[-74.0282883734555,40.8793986156827],[-74.0282632440743,40.8794335657267],[-74.0282239182784,40.879471147696],[-74.02816680111,40.8795086568724],[-74.028161522198,40.8795120115078],[-74.0281207283383,40.8795379313808]]}},{"type":"Feature","id":321661,"properties":{"OBJECTID":321661,"PRIMENAME":"Franklin Street","ELEVTYP_F":0,"ELEVTYP_T":0},"geometry":{"type":"LineString","coordinates":[[-74.0415554974162,40.8694760911463],[-74.0423796763662,40.8692883980053]]}},{"type":"Feature","id":321741,"properties":{"OBJECTID":321741,"PRIMENAME":"Interstate 80","ELEVTYP_F":0,"ELEVTYP_T":0},"geometry":{"type":"LineString","coordinates":[[-74.0449137978435,40.867230849538],[-74.0452033973534,40.8672405561656],[-74.0457218409085,40.867266645263]]}},{"type":"Feature","id":321842,"properties":{"OBJECTID":321842,"PRIMENAME":"Jefferson Street","ELEVTYP_F":0,"ELEVTYP_T":0},"geometry":{"type":"LineString","coordinates":[[-74.039091652239,40.9082161449572],[-74.0387475765159,40.9081061792995],[-74.0381231961278,40.9079047556569]]}},{"type":"Feature","id":321966,"properties":{"OBJECTID":321966,"PRIMENAME":"West Anderson Street","ELEVTYP_F":0,"ELEVTYP_T":0},"geometry":{"type":"LineString","coordinates":[[-74.0567344731502,40.9019841433976],[-74.0555284042667,40.9012681441174]]}},{"type":"Feature","id":321989,"properties":{"OBJECTID":321989,"PRIMENAME":"Green Street","ELEVTYP_F":0,"ELEVTYP_T":0},"geometry":{"type":"LineString","coordinates":[[-74.0622770462191,40.865046495661],[-74.0622118827028,40.8651381588502]]}},{"type":"Feature","id":322328,"properties":{"OBJECTID":322328,"PRIMENAME":"Catalpa Avenue","ELEVTYP_F":0,"ELEVTYP_T":0},"geometry":{"type":"LineString","coordinates":[[-74.0473690288158,40.908915725943],[-74.0472856035152,40.9088615708682],[-74.0468849797478,40.9086245783447],[-74.0467468535227,40.9085428686191],[-74.0464644614684,40.9083758141628],[-74.0463902995829,40.9083323170204]]}},{"type":"Feature","id":322549,"properties":{"OBJECTID":322549,"PRIMENAME":"Interstate 80","ELEVTYP_F":1,"ELEVTYP_T":0},"geometry":{"type":"LineString","coordinates":[[-74.0607904395792,40.8739961240679],[-74.0610047002198,40.8742534823186],[-74.061213469792,40.8744883104359],[-74.0613003297013,40.8745982734766]]}},{"type":"Feature","id":322771,"properties":{"OBJECTID":322771,"PRIMENAME":"West Passaic Street","ELEVTYP_F":0,"ELEVTYP_T":0},"geometry":{"type":"LineString","coordinates":[[-74.0655835343199,40.9049537812388],[-74.0660705518306,40.9052452877433],[-74.0661607208693,40.9052992078906]]}},{"type":"Feature","id":322792,"properties":{"OBJECTID":322792,"PRIMENAME":"Palisade Avenue","ELEVTYP_F":0,"ELEVTYP_T":0},"geometry":{"type":"LineString","coordinates":[[-74.0295372169887,40.8673865844586],[-74.0295204158235,40.8674240688065],[-74.0292317120535,40.8680030345445]]}},{"type":"Feature","id":323318,"properties":{"OBJECTID":323318,"PRIMENAME":"Standish Avenue","ELEVTYP_F":0,"ELEVTYP_T":0},"geometry":{"type":"LineString","coordinates":[[-74.0606542999812,40.8792162256208],[-74.0606147359037,40.8791932229752],[-74.0606133518133,40.879192418898]]}},{"type":"Feature","id":323396,"properties":{"OBJECTID":323396,"PRIMENAME":"Maywood Avenue","ELEVTYP_F":0,"ELEVTYP_T":0},"geometry":{"type":"LineString","coordinates":[[-74.0599373878379,40.9068544277271],[-74.0594843679803,40.90790806791],[-74.0592017180715,40.9085519081499]]}},{"type":"Feature","id":323445,"properties":{"OBJECTID":323445,"PRIMENAME":"Kramer Court","ELEVTYP_F":0,"ELEVTYP_T":0},"geometry":{"type":"LineString","coordinates":[[-74.0325831738808,40.8800031870213],[-74.0329556350203,40.8801379628067]]}},{"type":"Feature","id":323562,"properties":{"OBJECTID":323562,"PRIMENAME":"Emerald Street","ELEVTYP_F":0,"ELEVTYP_T":0},"geometry":{"type":"LineString","coordinates":[[-74.0361685178507,40.9001143034415],[-74.037390135357,40.9007614706411],[-74.0376249243235,40.9008858490509]]}},{"type":"Feature","id":323712,"properties":{"OBJECTID":323712,"PRIMENAME":"Polifly Road","ELEVTYP_F":0,"ELEVTYP_T":0},"geometry":{"type":"LineString","coordinates":[[-74.0580641014432,40.876970587493],[-74.0575764218899,40.87738504293]]}},{"type":"Feature","id":323729,"properties":{"OBJECTID":323729,"PRIMENAME":"Rosalie Street","ELEVTYP_F":0,"ELEVTYP_T":0},"geometry":{"type":"LineString","coordinates":[[-74.0658313232668,40.8926550109286],[-74.0657751125385,40.8927100274769],[-74.0648429579608,40.8936223365949],[-74.0648365343151,40.8936286226291],[-74.0645751357818,40.8938844245387]]}},{"type":"Feature","id":323766,"properties":{"OBJECTID":323766,"PRIMENAME":"Mendez Avenue","ELEVTYP_F":0,"ELEVTYP_T":0},"geometry":{"type":"LineString","coordinates":[[-74.0611224742728,40.9090312510025],[-74.0602647741522,40.9088163223404]]}},{"type":"Feature","id":324101,"properties":{"OBJECTID":324101,"PRIMENAME":"West Spring Valley Avenue","ELEVTYP_F":0,"ELEVTYP_T":0},"geometry":{"type":"LineString","coordinates":[[-74.0592756472645,40.9133127130057],[-74.0585155998179,40.9128574698652]]}},{"type":"Feature","id":324296,"properties":{"OBJECTID":324296,"PRIMENAME":"Essex Street","ELEVTYP_F":0,"ELEVTYP_T":0},"geometry":{"type":"LineString","coordinates":[[-74.0474585706983,40.878366110796],[-74.0459605199959,40.8783935742514]]}},{"type":"Feature","id":324423,"properties":{"OBJECTID":324423,"PRIMENAME":"Thoma Avenue","ELEVTYP_F":0,"ELEVTYP_T":0},"geometry":{"type":"LineString","coordinates":[[-74.0670318290423,40.9019840555114],[-74.067994611846,40.9025801858035],[-74.0683371020506,40.9027923338013]]}},{"type":"Feature","id":324465,"properties":{"OBJECTID":324465,"PRIMENAME":"Essex Street","ELEVTYP_F":0,"ELEVTYP_T":0},"geometry":{"type":"LineString","coordinates":[[-74.064101725318,40.8868096813079],[-74.0635309277744,40.8864658157192]]}},{"type":"Feature","id":324466,"properties":{"OBJECTID":324466,"PRIMENAME":"Union Street","ELEVTYP_F":0,"ELEVTYP_T":0},"geometry":{"type":"LineString","coordinates":[[-74.045221919195,40.8862996797461],[-74.0447871287183,40.887076098033],[-74.04448212368,40.8875967059609],[-74.0444418418189,40.8876794990155]]}},{"type":"Feature","id":324478,"properties":{"OBJECTID":324478,"PRIMENAME":"Jay Street","ELEVTYP_F":0,"ELEVTYP_T":0},"geometry":{"type":"LineString","coordinates":[[-74.0400664185992,40.8634431986518],[-74.0401664079914,40.863419770888],[-74.0409523696694,40.863235569101],[-74.0410811628126,40.8632053829087]]}},{"type":"Feature","id":324509,"properties":{"OBJECTID":324509,"PRIMENAME":"Broadway","ELEVTYP_F":0,"ELEVTYP_T":0},"geometry":{"type":"LineString","coordinates":[[-74.0424864038597,40.8742129178107],[-74.0426435529589,40.8742461785712],[-74.044026164186,40.8745387180313]]}},{"type":"Feature","id":324678,"properties":{"OBJECTID":324678,"PRIMENAME":"Wesley Street","ELEVTYP_F":0,"ELEVTYP_T":0},"geometry":{"type":"LineString","coordinates":[[-74.0524887254671,40.8694955302096],[-74.0521852652466,40.8694420437524],[-74.0520345561306,40.869415481602],[-74.0506519585539,40.8691742300481],[-74.0505814137365,40.8691621121459],[-74.0505103034766,40.8691520779478],[-74.0504387345341,40.8691441425184],[-74.0503668143573,40.8691383177713],[-74.0502946509217,40.8691346124513],[-74.0502223525679,40.8691330321212],[-74.0501500278392,40.8691335791536],[-74.0500777853183,40.8691362527272],[-74.0495463970094,40.8691493416729],[-74.0494515052919,40.8691516781765],[-74.0493626811155,40.8691566311772],[-74.0492736319897,40.8691578456068]]}},{"type":"Feature","id":324682,"properties":{"OBJECTID":324682,"PRIMENAME":"Lincoln Avenue","ELEVTYP_F":0,"ELEVTYP_T":0},"geometry":{"type":"LineString","coordinates":[[-74.065548308646,40.9063670121411],[-74.0661454664716,40.9053258036245],[-74.0661607208693,40.9052992078906]]}},{"type":"Feature","id":324771,"properties":{"OBJECTID":324771,"PRIMENAME":"River Road","ELEVTYP_F":0,"ELEVTYP_T":0},"geometry":{"type":"LineString","coordinates":[[-74.0314740609452,40.8692611406933],[-74.0315069772249,40.8693057148142],[-74.0315592700566,40.869360548561],[-74.0315805605352,40.8693828718948],[-74.0318125648713,40.8695389243794],[-74.0318630748689,40.8695728989556],[-74.0321785763708,40.8697928679761]]}},{"type":"Feature","id":324784,"properties":{"OBJECTID":324784,"PRIMENAME":"South State Street","ELEVTYP_F":0,"ELEVTYP_T":0},"geometry":{"type":"LineString","coordinates":[[-74.0486020666601,40.8731659085488],[-74.0484521297419,40.8738141172084]]}},{"type":"Feature","id":324955,"properties":{"OBJECTID":324955,"PRIMENAME":"Standish Avenue","ELEVTYP_F":0,"ELEVTYP_T":0},"geometry":{"type":"LineString","coordinates":[[-74.0591857081849,40.8783519333982],[-74.0590562793639,40.8782749920726],[-74.0584777579986,40.877931719978]]}},{"type":"Feature","id":325049,"properties":{"OBJECTID":325049,"PRIMENAME":"East State Highway 4","ELEVTYP_F":0,"ELEVTYP_T":0},"geometry":{"type":"LineString","coordinates":[[-74.0338493078104,40.9067013410592],[-74.03385641856,40.906708863395],[-74.0344081362678,40.9073008111948],[-74.0349038518844,40.9078210536076],[-74.0352172050278,40.9081475627873],[-74.0354698942897,40.9083951850199],[-74.0355525440724,40.908471003171]]}},{"type":"Feature","id":325079,"properties":{"OBJECTID":325079,"PRIMENAME":"Dorchester Road","ELEVTYP_F":0,"ELEVTYP_T":0},"geometry":{"type":"LineString","coordinates":[[-74.0605388251924,40.8898088643501],[-74.0604253148139,40.8898755456592],[-74.0597482370689,40.8902733670191]]}},{"type":"Feature","id":325663,"properties":{"OBJECTID":325663,"PRIMENAME":"Main Street","ELEVTYP_F":0,"ELEVTYP_T":0},"geometry":{"type":"LineString","coordinates":[[-74.0378206628583,40.9120240583834],[-74.0377026152211,40.9120649097924],[-74.0375857917006,40.9121077386656],[-74.0374702498454,40.9121525239059],[-74.037356046573,40.9121992434523],[-74.0373102913887,40.9122177303642],[-74.036576456215,40.9125142219756],[-74.036289562046,40.9126642039589]]}},{"type":"Feature","id":325839,"properties":{"OBJECTID":325839,"PRIMENAME":"Gray Street","ELEVTYP_F":0,"ELEVTYP_T":0},"geometry":{"type":"LineString","coordinates":[[-74.0243158505945,40.8787728421131],[-74.0246064589445,40.878870524444],[-74.0266291876379,40.8795513808267]]}},{"type":"Feature","id":326001,"properties":{"OBJECTID":326001,"PRIMENAME":"Leonia Avenue","ELEVTYP_F":0,"ELEVTYP_T":0},"geometry":{"type":"LineString","coordinates":[[-74.0274514719159,40.8783671011407],[-74.0273047042781,40.878734733155],[-74.0272663455945,40.8788346561065],[-74.0272320175657,40.8788916924894],[-74.0271788430476,40.8789543882252],[-74.02716168092,40.8789724616207]]}},{"type":"Feature","id":326038,"properties":{"OBJECTID":326038,"PRIMENAME":"Main Street","ELEVTYP_F":0,"ELEVTYP_T":0},"geometry":{"type":"LineString","coordinates":[[-74.0393986803681,40.8940424814875],[-74.0396390712815,40.8952082794216]]}},{"type":"Feature","id":326369,"properties":{"OBJECTID":326369,"PRIMENAME":"Palmer Avenue","ELEVTYP_F":0,"ELEVTYP_T":0},"geometry":{"type":"LineString","coordinates":[[-74.0592756472645,40.9133127130057],[-74.0593263847121,40.9131970710079],[-74.0597808749061,40.9121623237941],[-74.0598129228324,40.9120873724297]]}},{"type":"Feature","id":326436,"properties":{"OBJECTID":326436,"PRIMENAME":"Hammell Place","ELEVTYP_F":0,"ELEVTYP_T":0},"geometry":{"type":"LineString","coordinates":[[-74.0670419573963,40.8922359361614],[-74.0668903321536,40.8921459369653],[-74.0659709731983,40.8916004935239],[-74.0650230430469,40.8910380817575],[-74.0644140566034,40.890672636903]]}},{"type":"Feature","id":326497,"properties":{"OBJECTID":326497,"PRIMENAME":"Ross Avenue","ELEVTYP_F":0,"ELEVTYP_T":0},"geometry":{"type":"LineString","coordinates":[[-74.0474387207694,40.901134544628],[-74.0484196896004,40.9017151541627]]}},{"type":"Feature","id":326903,"properties":{"OBJECTID":326903,"PRIMENAME":"Church Street","ELEVTYP_F":0,"ELEVTYP_T":0},"geometry":{"type":"LineString","coordinates":[[-74.0433296000594,40.8790015676725],[-74.0433748264915,40.8792722604233],[-74.0433776275331,40.8793113019522],[-74.043379286757,40.8793503810368],[-74.0433798033445,40.8793894784417],[-74.0433791770392,40.8794285749226]]}},{"type":"Feature","id":326967,"properties":{"OBJECTID":326967,"PRIMENAME":"Summit Avenue","ELEVTYP_F":0,"ELEVTYP_T":0},"geometry":{"type":"LineString","coordinates":[[-74.0523259895837,40.9004239901182],[-74.0522851460915,40.9006171019144],[-74.0521306983677,40.9013586482336]]}},{"type":"Feature","id":326973,"properties":{"OBJECTID":326973,"PRIMENAME":"Poplar Avenue","ELEVTYP_F":0,"ELEVTYP_T":0},"geometry":{"type":"LineString","coordinates":[[-74.0465291272457,40.9020080041983],[-74.0455497674616,40.901416240474]]}},{"type":"Feature","id":326974,"properties":{"OBJECTID":326974,"PRIMENAME":"Linden Street","ELEVTYP_F":0,"ELEVTYP_T":0},"geometry":{"type":"LineString","coordinates":[[-74.0403526394316,40.8986045185709],[-74.040455546269,40.8985017733822],[-74.0405286922291,40.8984287209581]]}},{"type":"Feature","id":327022,"properties":{"OBJECTID":327022,"PRIMENAME":"East Camden Street","ELEVTYP_F":0,"ELEVTYP_T":0},"geometry":{"type":"LineString","coordinates":[[-74.0390239214211,40.8861845339596],[-74.0386339622368,40.8859686072552]]}},{"type":"Feature","id":327439,"properties":{"OBJECTID":327439,"PRIMENAME":"Main Street","ELEVTYP_F":0,"ELEVTYP_T":0},"geometry":{"type":"LineString","coordinates":[[-74.0332634510705,40.9112233741527],[-74.0333523042414,40.9112661151411]]}},{"type":"Feature","id":327441,"properties":{"OBJECTID":327441,"PRIMENAME":"State Street","ELEVTYP_F":0,"ELEVTYP_T":0},"geometry":{"type":"LineString","coordinates":[[-74.0437192711382,40.8858485440115],[-74.0435007544064,40.8862465181816]]}},{"type":"Feature","id":327465,"properties":{"OBJECTID":327465,"PRIMENAME":"Stone Street","ELEVTYP_F":0,"ELEVTYP_T":0},"geometry":{"type":"LineString","coordinates":[[-74.0674537660641,40.904394176293],[-74.0667747768629,40.9039873820111],[-74.0666673828683,40.9039232689572]]}},{"type":"Feature","id":327957,"properties":{"OBJECTID":327957,"PRIMENAME":"Johnson Avenue","ELEVTYP_F":0,"ELEVTYP_T":0},"geometry":{"type":"LineString","coordinates":[[-74.0385813566648,40.9091427118408],[-74.0385217183914,40.9092485371137],[-74.0385014461613,40.9092855547173]]}},{"type":"Feature","id":328327,"properties":{"OBJECTID":328327,"PRIMENAME":"West Passaic Street","ELEVTYP_F":0,"ELEVTYP_T":0},"geometry":{"type":"LineString","coordinates":[[-74.0646394576233,40.9043887468417],[-74.0648660241631,40.9045243777701]]}},{"type":"Feature","id":328366,"properties":{"OBJECTID":328366,"PRIMENAME":"East Kansas Street","ELEVTYP_F":0,"ELEVTYP_T":0},"geometry":{"type":"LineString","coordinates":[[-74.0424252384028,40.8760953475065],[-74.0421247624817,40.8761619193208],[-74.0417097149793,40.8762521254031]]}},{"type":"Feature","id":328371,"properties":{"OBJECTID":328371,"PRIMENAME":"Coolidge Avenue","ELEVTYP_F":0,"ELEVTYP_T":0},"geometry":{"type":"LineString","coordinates":[[-74.063229573514,40.9129387448004],[-74.0623841617828,40.9127281886117]]}},{"type":"Feature","id":328591,"properties":{"OBJECTID":328591,"PRIMENAME":"Bogota Gardens","ELEVTYP_F":0,"ELEVTYP_T":0},"geometry":{"type":"LineString","coordinates":[[-74.0338019333367,40.8753353831918],[-74.0330733783223,40.8752090789535]]}},{"type":"Feature","id":329090,"properties":{"OBJECTID":329090,"PRIMENAME":"Edel Avenue","ELEVTYP_F":0,"ELEVTYP_T":0},"geometry":{"type":"LineString","coordinates":[[-74.0606589308175,40.912298279349],[-74.0600279304069,40.9137617175106]]}},{"type":"Feature","id":329275,"properties":{"OBJECTID":329275,"PRIMENAME":"Coolidge Avenue","ELEVTYP_F":0,"ELEVTYP_T":0},"geometry":{"type":"LineString","coordinates":[[-74.0606589308175,40.912298279349],[-74.0598129228324,40.9120873724297]]}},{"type":"Feature","id":329282,"properties":{"OBJECTID":329282,"PRIMENAME":"Prospect Avenue","ELEVTYP_F":0,"ELEVTYP_T":0},"geometry":{"type":"LineString","coordinates":[[-74.0522817315068,40.8952057056526],[-74.0519933114509,40.8957803347328],[-74.0515870731252,40.896600671132]]}},{"type":"Feature","id":329615,"properties":{"OBJECTID":329615,"PRIMENAME":"Starview Court","ELEVTYP_F":0,"ELEVTYP_T":0},"geometry":{"type":"LineString","coordinates":[[-74.0243673388163,40.904080034534],[-74.0244989788887,40.904086917344],[-74.0249487342556,40.904110399696],[-74.0250920486494,40.9041178810625]]}},{"type":"Feature","id":329621,"properties":{"OBJECTID":329621,"PRIMENAME":"Central Avenue","ELEVTYP_F":0,"ELEVTYP_T":0},"geometry":{"type":"LineString","coordinates":[[-74.0303497035705,40.8656597593779],[-74.0293345371826,40.8653744842092]]}},{"type":"Feature","id":329746,"properties":{"OBJECTID":329746,"PRIMENAME":"Kansas Street","ELEVTYP_F":0,"ELEVTYP_T":0},"geometry":{"type":"LineString","coordinates":[[-74.0487443605159,40.8771792130417],[-74.0485971885048,40.8771663128781],[-74.0478945549729,40.8771072789594]]}},{"type":"Feature","id":329824,"properties":{"OBJECTID":329824,"PRIMENAME":"North Avenue","ELEVTYP_F":0,"ELEVTYP_T":0},"geometry":{"type":"LineString","coordinates":[[-74.0298600515467,40.8667035331054],[-74.0287984151712,40.8666467177321],[-74.0287316030687,40.866640570363]]}},{"type":"Feature","id":329965,"properties":{"OBJECTID":329965,"PRIMENAME":"Fair Street","ELEVTYP_F":0,"ELEVTYP_T":0},"geometry":{"type":"LineString","coordinates":[[-74.0466249195374,40.8762967760323],[-74.0468384136763,40.8757102800245],[-74.0468633386138,40.8756401623681]]}},{"type":"Feature","id":330097,"properties":{"OBJECTID":330097,"PRIMENAME":"Leonia Avenue","ELEVTYP_F":0,"ELEVTYP_T":0},"geometry":{"type":"LineString","coordinates":[[-74.027912959,40.8772025835702],[-74.0277457736757,40.8776299727347],[-74.027730383218,40.8776684486491]]}},{"type":"Feature","id":330302,"properties":{"OBJECTID":330302,"PRIMENAME":"River Road","ELEVTYP_F":0,"ELEVTYP_T":0},"geometry":{"type":"LineString","coordinates":[[-74.0333888222402,40.8770902695959],[-74.0333877872738,40.8772319167631],[-74.0333671134337,40.8774001250994],[-74.0333424683236,40.8775622511293],[-74.0332908553779,40.8777482042457],[-74.03325486732,40.8778778665812],[-74.0331865543788,40.878181482488],[-74.0330751526649,40.8785439120511],[-74.0330063463785,40.8787733297833]]}},{"type":"Feature","id":330609,"properties":{"OBJECTID":330609,"PRIMENAME":"English Street","ELEVTYP_F":0,"ELEVTYP_T":0},"geometry":{"type":"LineString","coordinates":[[-74.0491294942749,40.8755979049836],[-74.0496639930714,40.8756606013816]]}},{"type":"Feature","id":330639,"properties":{"OBJECTID":330639,"PRIMENAME":"Euclid Avenue","ELEVTYP_F":0,"ELEVTYP_T":0},"geometry":{"type":"LineString","coordinates":[[-74.0422284157728,40.8967415835273],[-74.041309368671,40.8962067881551],[-74.0396390712815,40.8952082794216]]}},{"type":"Feature","id":331037,"properties":{"OBJECTID":331037,"PRIMENAME":"Orchard Street","ELEVTYP_F":0,"ELEVTYP_T":0},"geometry":{"type":"LineString","coordinates":[[-74.0406301959507,40.9054777151096],[-74.0398512351955,40.9052238880609],[-74.0390897653664,40.9049757523794]]}},{"type":"Feature","id":331047,"properties":{"OBJECTID":331047,"PRIMENAME":"Cedar Avenue","ELEVTYP_F":0,"ELEVTYP_T":0},"geometry":{"type":"LineString","coordinates":[[-74.0518145123429,40.9102111253307],[-74.0518057330226,40.9101967351466],[-74.0517963382545,40.9101825704086],[-74.0517863380836,40.9101686462608],[-74.0517757432022,40.9101549775906],[-74.051763132207,40.9101399389546],[-74.0517497988193,40.9101252633402],[-74.0517357611759,40.9101109707096],[-74.0517210383716,40.9100970805038],[-74.0517056504331,40.9100836116167],[-74.0516896182917,40.9100705823688],[-74.0516729637551,40.9100580104829],[-74.0516557094773,40.9100459130593],[-74.0516378789283,40.9100343065532],[-74.0516194963618,40.910023206752],[-74.0516005867823,40.9100126287538],[-74.0515811759111,40.910002586947],[-74.0515612901514,40.9099930949906],[-74.0515409565523,40.9099841657956],[-74.051520202772,40.9099758115076],[-74.0514990570403,40.9099680434904]]}},{"type":"Feature","id":331087,"properties":{"OBJECTID":331087,"PRIMENAME":"Linden Street","ELEVTYP_F":0,"ELEVTYP_T":0},"geometry":{"type":"LineString","coordinates":[[-74.0456557270858,40.8934383808399],[-74.0446727298885,40.8943938586087],[-74.0446681537984,40.8943985099783],[-74.0445661075746,40.8945022467336]]}},{"type":"Feature","id":331121,"properties":{"OBJECTID":331121,"PRIMENAME":"Pine Street","ELEVTYP_F":0,"ELEVTYP_T":0},"geometry":{"type":"LineString","coordinates":[[-74.0250763445327,40.8812794959173],[-74.0247069386298,40.8811487427611],[-74.0232268753772,40.8806603485581]]}},{"type":"Feature","id":331125,"properties":{"OBJECTID":331125,"PRIMENAME":"Sussex Street","ELEVTYP_F":0,"ELEVTYP_T":0},"geometry":{"type":"LineString","coordinates":[[-74.0485308328028,40.8803646202928],[-74.0508413000189,40.8808316618766]]}},{"type":"Feature","id":331219,"properties":{"OBJECTID":331219,"PRIMENAME":"Van Wetering Place","ELEVTYP_F":0,"ELEVTYP_T":0},"geometry":{"type":"LineString","coordinates":[[-74.0417160761994,40.8750413571275],[-74.0427206285106,40.87480664457]]}},{"type":"Feature","id":331228,"properties":{"OBJECTID":331228,"PRIMENAME":"Main Street","ELEVTYP_F":0,"ELEVTYP_T":0},"geometry":{"type":"LineString","coordinates":[[-74.0399440295499,40.8966944763521],[-74.040194672063,40.8978453821349],[-74.0402883342893,40.8982888968241]]}},{"type":"Feature","id":331314,"properties":{"OBJECTID":331314,"PRIMENAME":"Beech Street","ELEVTYP_F":0,"ELEVTYP_T":0},"geometry":{"type":"LineString","coordinates":[[-74.0563655520867,40.8871871759268],[-74.0560221016061,40.8869957949737],[-74.0555724078112,40.8867309559144],[-74.0552701416223,40.8865529400264]]}},{"type":"Feature","id":331398,"properties":{"OBJECTID":331398,"PRIMENAME":"Bonhomme Avenue","ELEVTYP_F":0,"ELEVTYP_T":0},"geometry":{"type":"LineString","coordinates":[[-74.0435539435757,40.8733977551823],[-74.043582270442,40.8733170564724],[-74.043964306782,40.8722281389776]]}},{"type":"Feature","id":331555,"properties":{"OBJECTID":331555,"PRIMENAME":"Spring Valley Avenue","ELEVTYP_F":0,"ELEVTYP_T":0},"geometry":{"type":"LineString","coordinates":[[-74.0520364576206,40.9090714918055],[-74.0510893554493,40.9085098005734]]}},{"type":"Feature","id":331678,"properties":{"OBJECTID":331678,"PRIMENAME":"South Newman Street","ELEVTYP_F":0,"ELEVTYP_T":0},"geometry":{"type":"LineString","coordinates":[[-74.0561376658013,40.875696893516],[-74.0560941842755,40.8757564334826],[-74.0560476640362,40.8758146351939],[-74.0556419075568,40.8763400462613],[-74.0546925895848,40.8775692750689],[-74.0544901459488,40.8778320349241],[-74.0534772908315,40.8791466222962],[-74.053371883663,40.8792869570037],[-74.0532707339222,40.8794290853449],[-74.0531738945844,40.8795729329207],[-74.0530814163698,40.8797184244319],[-74.0528244954147,40.8800843725382]]}},{"type":"Feature","id":331719,"properties":{"OBJECTID":331719,"PRIMENAME":"Crestwood Avenue","ELEVTYP_F":0,"ELEVTYP_T":0},"geometry":{"type":"LineString","coordinates":[[-74.0586346152692,40.8972438189072],[-74.0584976291374,40.8971665744655],[-74.0575403501379,40.8966267926136],[-74.0566065768534,40.8960906350825],[-74.0555851843281,40.8955143039227]]}},{"type":"Feature","id":331723,"properties":{"OBJECTID":331723,"PRIMENAME":"West Pleasant Avenue","ELEVTYP_F":0,"ELEVTYP_T":0},"geometry":{"type":"LineString","coordinates":[[-74.0613320269983,40.9036561364491],[-74.0614312513781,40.9037621393015],[-74.0619039640014,40.9040737915912],[-74.0623320127142,40.9043559950723]]}},{"type":"Feature","id":331966,"properties":{"OBJECTID":331966,"PRIMENAME":"Railroad Place","ELEVTYP_F":0,"ELEVTYP_T":0},"geometry":{"type":"LineString","coordinates":[[-74.0474871602186,40.8886592692752],[-74.0475198661577,40.8885997224058],[-74.0479104889763,40.8878896574893]]}},{"type":"Feature","id":332669,"properties":{"OBJECTID":332669,"PRIMENAME":"Liberty Street","ELEVTYP_F":0,"ELEVTYP_T":0},"geometry":{"type":"LineString","coordinates":[[-74.0521543285952,40.8746891182076],[-74.0521823245731,40.8746183800061],[-74.0524798189384,40.8742011435529],[-74.0530997410482,40.873331677751]]}},{"type":"Feature","id":332706,"properties":{"OBJECTID":332706,"PRIMENAME":"Spring Valley Road","ELEVTYP_F":0,"ELEVTYP_T":0},"geometry":{"type":"LineString","coordinates":[[-74.0665799692667,40.9080082420428],[-74.066280517996,40.9085262916558]]}},{"type":"Feature","id":332763,"properties":{"OBJECTID":332763,"PRIMENAME":"John Street","ELEVTYP_F":0,"ELEVTYP_T":0},"geometry":{"type":"LineString","coordinates":[[-74.0514797497186,40.8794258831369],[-74.0513227757825,40.8793963679621],[-74.0490112718568,40.8789611192901]]}},{"type":"Feature","id":333012,"properties":{"OBJECTID":333012,"PRIMENAME":"Herman Street","ELEVTYP_F":0,"ELEVTYP_T":0},"geometry":{"type":"LineString","coordinates":[[-74.0417478697329,40.9097720402893],[-74.0414523468331,40.9100640936826]]}},{"type":"Feature","id":333045,"properties":{"OBJECTID":333045,"PRIMENAME":"Old River Street","ELEVTYP_F":0,"ELEVTYP_T":0},"geometry":{"type":"LineString","coordinates":[[-74.0419840494003,40.8817979627351],[-74.0419706329263,40.881787834785],[-74.0419594564405,40.8817762456388],[-74.0419507922452,40.8817634776543],[-74.041944851433,40.8817498419101],[-74.0419417787439,40.8817356706268],[-74.0419416490389,40.8817213090725],[-74.041944465476,40.881707107151],[-74.0419501594342,40.8816934108764],[-74.0419818390566,40.8815855306394],[-74.0420948202722,40.8812007755895],[-74.0421637023608,40.8810820551486]]}},{"type":"Feature","id":333125,"properties":{"OBJECTID":333125,"PRIMENAME":"Prospect Avenue","ELEVTYP_F":0,"ELEVTYP_T":0},"geometry":{"type":"LineString","coordinates":[[-74.0500996755181,40.8980171917166],[-74.0494613237939,40.8986307992844],[-74.0494101407424,40.8986779762844]]}},{"type":"Feature","id":333205,"properties":{"OBJECTID":333205,"PRIMENAME":"Highview Place","ELEVTYP_F":0,"ELEVTYP_T":0},"geometry":{"type":"LineString","coordinates":[[-74.0250164071213,40.8773853632192],[-74.0229896975217,40.8768622955982]]}},{"type":"Feature","id":333492,"properties":{"OBJECTID":333492,"PRIMENAME":"Williams Avenue","ELEVTYP_F":0,"ELEVTYP_T":0},"geometry":{"type":"LineString","coordinates":[[-74.0416856318624,40.8604662707786],[-74.0416560333247,40.8605275028042],[-74.0408870495209,40.8621149491417]]}},{"type":"Feature","id":333505,"properties":{"OBJECTID":333505,"PRIMENAME":"Grant Avenue","ELEVTYP_F":0,"ELEVTYP_T":0},"geometry":{"type":"LineString","coordinates":[[-74.0615247399158,40.912514113891],[-74.0607866036766,40.9142144472421]]}},{"type":"Feature","id":333596,"properties":{"OBJECTID":333596,"PRIMENAME":"Palisade Avenue","ELEVTYP_F":0,"ELEVTYP_T":0},"geometry":{"type":"LineString","coordinates":[[-74.0280257717049,40.8705143120863],[-74.0278693638905,40.8708421043264],[-74.027722384008,40.8711406466136]]}},{"type":"Feature","id":333605,"properties":{"OBJECTID":333605,"PRIMENAME":"Clinton Place","ELEVTYP_F":0,"ELEVTYP_T":0},"geometry":{"type":"LineString","coordinates":[[-74.0407844772456,40.8940571753481],[-74.0407286140495,40.8940360597177],[-74.0406737695123,40.8940134586852],[-74.040619491795,40.8939891577617],[-74.0405762193241,40.8939770008131],[-74.0405310466193,40.8939698584299],[-74.0405017615122,40.8939680014173],[-74.0404723763012,40.8939682594225],[-74.0393986803681,40.8940424814875]]}},{"type":"Feature","id":333685,"properties":{"OBJECTID":333685,"PRIMENAME":"Hobart Street","ELEVTYP_F":0,"ELEVTYP_T":0},"geometry":{"type":"LineString","coordinates":[[-74.0509386258093,40.8744842850616],[-74.0509193275032,40.8745467670834],[-74.0504475215046,40.8760746569424],[-74.050361769059,40.8763487351217]]}},{"type":"Feature","id":333940,"properties":{"OBJECTID":333940,"PRIMENAME":"Washington Avenue","ELEVTYP_F":0,"ELEVTYP_T":0},"geometry":{"type":"LineString","coordinates":[[-74.0575704425616,40.9092767449227],[-74.0556946424166,40.9081650850124],[-74.0554299913185,40.9080066518665],[-74.0550034683298,40.9077513124861]]}},{"type":"Feature","id":334054,"properties":{"OBJECTID":334054,"PRIMENAME":"River Street","ELEVTYP_F":0,"ELEVTYP_T":0},"geometry":{"type":"LineString","coordinates":[[-74.0412176164352,40.8833475085438],[-74.0410554357244,40.8836886900697],[-74.0408326543964,40.884147717057]]}},{"type":"Feature","id":334101,"properties":{"OBJECTID":334101,"PRIMENAME":"Webster Place","ELEVTYP_F":0,"ELEVTYP_T":0},"geometry":{"type":"LineString","coordinates":[[-74.0287954774495,40.8597253814126],[-74.029386843223,40.8598496437837]]}},{"type":"Feature","id":334140,"properties":{"OBJECTID":334140,"PRIMENAME":"Ardale Road","ELEVTYP_F":0,"ELEVTYP_T":0},"geometry":{"type":"LineString","coordinates":[[-74.0685828296578,40.913780067226],[-74.0680414990308,40.91346064529],[-74.067939098238,40.913395254495],[-74.0678726084059,40.9133527959475],[-74.0678428566625,40.913335496946],[-74.0678118107949,40.9133195603234],[-74.0677795790639,40.9133050416525],[-74.0677462738657,40.9132919915612],[-74.0677120113392,40.9132804555564],[-74.0676769109618,40.9132704738654],[-74.067641095132,40.9132620812952],[-74.0676046887431,40.9132553071115],[-74.0673834603815,40.9132223074766],[-74.0672923305991,40.9132087074798]]}},{"type":"Feature","id":334266,"properties":{"OBJECTID":334266,"PRIMENAME":"Railroad Place","ELEVTYP_F":0,"ELEVTYP_T":0},"geometry":{"type":"LineString","coordinates":[[-74.0479104889763,40.8878896574893],[-74.0482899338427,40.8871999425247]]}},{"type":"Feature","id":334339,"properties":{"OBJECTID":334339,"PRIMENAME":"Maywood Avenue","ELEVTYP_F":0,"ELEVTYP_T":0},"geometry":{"type":"LineString","coordinates":[[-74.0586159006716,40.9099083775267],[-74.0583374247424,40.9105587100361]]}},{"type":"Feature","id":334379,"properties":{"OBJECTID":334379,"PRIMENAME":"Maybrook Drive","ELEVTYP_F":0,"ELEVTYP_T":0},"geometry":{"type":"LineString","coordinates":[[-74.0649169462275,40.889006841113],[-74.0651643847675,40.8888691283014],[-74.0652902639972,40.8887880279116],[-74.065410531294,40.8887021628884],[-74.0655248738951,40.8886117565447],[-74.0656329944497,40.8885170440035],[-74.066149493546,40.8880257507732]]}},{"type":"Feature","id":334559,"properties":{"OBJECTID":334559,"PRIMENAME":"East Berry Street","ELEVTYP_F":0,"ELEVTYP_T":0},"geometry":{"type":"LineString","coordinates":[[-74.0391176957854,40.8878171959381],[-74.0404632515117,40.8883181082929],[-74.0405550626129,40.8883949205023]]}},{"type":"Feature","id":335064,"properties":{"OBJECTID":335064,"PRIMENAME":"American Legion Drive","ELEVTYP_F":0,"ELEVTYP_T":0},"geometry":{"type":"LineString","coordinates":[[-74.055046361799,40.8897714739009],[-74.0549153239308,40.8896988933751],[-74.0547852867035,40.889625283856],[-74.054656264146,40.8895506532867],[-74.0545282701773,40.8894750097202],[-74.0544013186052,40.8893983613191],[-74.0542754231252,40.8893207163544],[-74.0541505973183,40.8892420832043],[-74.0540268546503,40.8891624703539]]}},{"type":"Feature","id":335100,"properties":{"OBJECTID":335100,"PRIMENAME":"Christopher Street","ELEVTYP_F":0,"ELEVTYP_T":0},"geometry":{"type":"LineString","coordinates":[[-74.055893636283,40.8714868058643],[-74.0559973739827,40.8715312340982],[-74.0568759600159,40.8719075135286]]}},{"type":"Feature","id":335486,"properties":{"OBJECTID":335486,"PRIMENAME":"Summit Street","ELEVTYP_F":0,"ELEVTYP_T":0},"geometry":{"type":"LineString","coordinates":[[-74.027599219767,40.8602520201687],[-74.026999594705,40.8601045466781],[-74.0260169146006,40.8598608520906]]}},{"type":"Feature","id":335537,"properties":{"OBJECTID":335537,"PRIMENAME":"Orchard Terrace","ELEVTYP_F":0,"ELEVTYP_T":0},"geometry":{"type":"LineString","coordinates":[[-74.0326340116139,40.8769094088912],[-74.0323011693889,40.8777441954225],[-74.0319717272459,40.8785704302518]]}},{"type":"Feature","id":336249,"properties":{"OBJECTID":336249,"PRIMENAME":"Penn Avenue","ELEVTYP_F":0,"ELEVTYP_T":0},"geometry":{"type":"LineString","coordinates":[[-74.0312684209434,40.8907210768629],[-74.0309618466154,40.8907346538304],[-74.030868119296,40.8907298177448],[-74.0307752709785,40.8907189627082],[-74.0306839716257,40.8907021670472],[-74.0305948800224,40.8906795519538],[-74.0304172426211,40.8906301767135],[-74.0302375965075,40.8905851813209],[-74.0286342695627,40.8902033529564],[-74.0279721068054,40.8900479168486]]}},{"type":"Feature","id":336303,"properties":{"OBJECTID":336303,"PRIMENAME":"Thoma Avenue","ELEVTYP_F":0,"ELEVTYP_T":0},"geometry":{"type":"LineString","coordinates":[[-74.063763691085,40.8999764774829],[-74.0638518240696,40.9000305565752],[-74.0646252747935,40.900505003465]]}},{"type":"Feature","id":336435,"properties":{"OBJECTID":336435,"PRIMENAME":"Hoffman Street","ELEVTYP_F":0,"ELEVTYP_T":0},"geometry":{"type":"LineString","coordinates":[[-74.0463228611204,40.8706317030379],[-74.0468531955018,40.8707499711524]]}},{"type":"Feature","id":336747,"properties":{"OBJECTID":336747,"PRIMENAME":"South River Street","ELEVTYP_F":0,"ELEVTYP_T":0},"geometry":{"type":"LineString","coordinates":[[-74.037696031173,40.8670995965799],[-74.0377416761319,40.8672120473137]]}},{"type":"Feature","id":336750,"properties":{"OBJECTID":336750,"PRIMENAME":"Passaic Street","ELEVTYP_F":0,"ELEVTYP_T":0},"geometry":{"type":"LineString","coordinates":[[-74.0529848918493,40.8974389093346],[-74.0548693444633,40.8985517181976],[-74.0554908138119,40.8989231318816],[-74.0561454766311,40.8993143743308],[-74.0570251100505,40.899838085126]]}},{"type":"Feature","id":336802,"properties":{"OBJECTID":336802,"PRIMENAME":"Division Place","ELEVTYP_F":0,"ELEVTYP_T":0},"geometry":{"type":"LineString","coordinates":[[-74.0505223299474,40.8729755261833],[-74.0504238809413,40.8729887023812],[-74.0503574033126,40.8729958819597]]}},{"type":"Feature","id":336875,"properties":{"OBJECTID":336875,"PRIMENAME":"South Street","ELEVTYP_F":0,"ELEVTYP_T":0},"geometry":{"type":"LineString","coordinates":[[-74.0312490414334,40.8803094332859],[-74.03002432201,40.8800191134191]]}},{"type":"Feature","id":336886,"properties":{"OBJECTID":336886,"PRIMENAME":"Hasbrouck Avenue","ELEVTYP_F":0,"ELEVTYP_T":0},"geometry":{"type":"LineString","coordinates":[[-74.0679921467584,40.8634571787007],[-74.0679485600955,40.8635157300107],[-74.0673613409195,40.8641563127935],[-74.0672031061283,40.8643289260855]]}},{"type":"Feature","id":337085,"properties":{"OBJECTID":337085,"PRIMENAME":"US Highway 46","ELEVTYP_F":0,"ELEVTYP_T":0},"geometry":{"type":"LineString","coordinates":[[-74.066011436593,40.8699407986133],[-74.066041813089,40.869979315024],[-74.0662659150182,40.8702702982935],[-74.0664199902529,40.8704703800081],[-74.0666403939011,40.8707575608291]]}},{"type":"Feature","id":337087,"properties":{"OBJECTID":337087,"PRIMENAME":"Lone Pine Lane","ELEVTYP_F":0,"ELEVTYP_T":0},"geometry":{"type":"LineString","coordinates":[[-74.0310646494038,40.8946413509475],[-74.0310331525073,40.8948614418689]]}},{"type":"Feature","id":337297,"properties":{"OBJECTID":337297,"PRIMENAME":"Van Cleve Street","ELEVTYP_F":0,"ELEVTYP_T":0},"geometry":{"type":"LineString","coordinates":[[-74.0626463087807,40.8937447709972],[-74.0630414773627,40.8933792897068],[-74.0630354779638,40.8933392908199],[-74.0632530761341,40.8931160855421],[-74.0632548120709,40.8931157697129]]}},{"type":"Feature","id":337497,"properties":{"OBJECTID":337497,"PRIMENAME":"River Road","ELEVTYP_F":0,"ELEVTYP_T":0},"geometry":{"type":"LineString","coordinates":[[-74.0248690243625,40.9015273719323],[-74.0248058001668,40.9016434512966],[-74.0247463946134,40.9017606861508],[-74.0246908443631,40.9018790041862],[-74.0246391836991,40.9019983324259],[-74.0246066971492,40.9020807891827],[-74.0245784918,40.90216414805],[-74.0245546109485,40.9022482811144],[-74.0245350912564,40.9023330592741]]}},{"type":"Feature","id":337662,"properties":{"OBJECTID":337662,"PRIMENAME":"Lenox Avenue","ELEVTYP_F":0,"ELEVTYP_T":0},"geometry":{"type":"LineString","coordinates":[[-74.0678400542417,40.9014361515705],[-74.0675649421494,40.9012672684307]]}},{"type":"Feature","id":337712,"properties":{"OBJECTID":337712,"PRIMENAME":"State Street","ELEVTYP_F":0,"ELEVTYP_T":0},"geometry":{"type":"LineString","coordinates":[[-74.0446861802511,40.8839679937908],[-74.0446250587777,40.8840888527381],[-74.0445635064302,40.8842095856935]]}},{"type":"Feature","id":337721,"properties":{"OBJECTID":337721,"PRIMENAME":"Library Circle","ELEVTYP_F":0,"ELEVTYP_T":0},"geometry":{"type":"LineString","coordinates":[[-74.0297684679197,40.8957901737929],[-74.0297631181725,40.895644974476],[-74.0297464921696,40.8954664865926],[-74.0295096284356,40.8953144236304]]}},{"type":"Feature","id":337794,"properties":{"OBJECTID":337794,"PRIMENAME":"West Fort Lee Road","ELEVTYP_F":0,"ELEVTYP_T":0},"geometry":{"type":"LineString","coordinates":[[-74.0300482959829,40.8762918589449],[-74.0294225019706,40.8761366890225]]}},{"type":"Feature","id":338306,"properties":{"OBJECTID":338306,"PRIMENAME":"Union Street","ELEVTYP_F":0,"ELEVTYP_T":0},"geometry":{"type":"LineString","coordinates":[[-74.0461279476631,40.8846640822685],[-74.0458646757301,40.8851505998214],[-74.0458455238162,40.8851859905676],[-74.045221919195,40.8862996797461]]}},{"type":"Feature","id":338372,"properties":{"OBJECTID":338372,"PRIMENAME":"River Street","ELEVTYP_F":0,"ELEVTYP_T":0},"geometry":{"type":"LineString","coordinates":[[-74.0386397047404,40.8888756810164],[-74.0386278141415,40.8889368449896],[-74.0386223426259,40.8890319625994],[-74.0386310225345,40.8891673777507],[-74.0386494484023,40.8892955021692],[-74.0386725973778,40.8894309751879],[-74.0386813395757,40.8895627396773],[-74.0386653216261,40.889785865796],[-74.038614362407,40.8901808225651],[-74.0385432594406,40.890700099374],[-74.0385241922823,40.8908309555754]]}},{"type":"Feature","id":338491,"properties":{"OBJECTID":338491,"PRIMENAME":"East Grove Street","ELEVTYP_F":0,"ELEVTYP_T":0},"geometry":{"type":"LineString","coordinates":[[-74.0255863481793,40.8807035931465],[-74.0247610594727,40.8804284474371],[-74.0235871257113,40.8800345914988]]}},{"type":"Feature","id":338719,"properties":{"OBJECTID":338719,"PRIMENAME":"Stanley Avenue","ELEVTYP_F":0,"ELEVTYP_T":0},"geometry":{"type":"LineString","coordinates":[[-74.0662793706974,40.867554171244],[-74.0663729504721,40.8676093948545],[-74.0673717607975,40.868198642429]]}},{"type":"Feature","id":338814,"properties":{"OBJECTID":338814,"PRIMENAME":"Bruce Court","ELEVTYP_F":0,"ELEVTYP_T":0},"geometry":{"type":"LineString","coordinates":[[-74.0488278752733,40.8639447428099],[-74.0487178091707,40.8639507900598],[-74.0484011319747,40.8639665438288],[-74.0480842640068,40.8639799058636],[-74.0477672366192,40.8639908748424],[-74.0474500811796,40.86399944968],[-74.0473097684506,40.8640024779779]]}},{"type":"Feature","id":338816,"properties":{"OBJECTID":338816,"PRIMENAME":"Main Street","ELEVTYP_F":0,"ELEVTYP_T":0},"geometry":{"type":"LineString","coordinates":[[-74.0396312721351,40.8909323583289],[-74.0396178764238,40.8910176173408]]}},{"type":"Feature","id":339263,"properties":{"OBJECTID":339263,"PRIMENAME":"Hillside Avenue","ELEVTYP_F":0,"ELEVTYP_T":0},"geometry":{"type":"LineString","coordinates":[[-74.0679142436852,40.8647402317375],[-74.0686405185803,40.865160291815]]}},{"type":"Feature","id":339275,"properties":{"OBJECTID":339275,"PRIMENAME":"Kinderkamack Road","ELEVTYP_F":0,"ELEVTYP_T":0},"geometry":{"type":"LineString","coordinates":[[-74.0362381843685,40.9088991707768],[-74.0362181089715,40.908923439055],[-74.0361986166264,40.9089479793853],[-74.0361797137372,40.9089727837061],[-74.0361614065143,40.9089978438691]]}},{"type":"Feature","id":339599,"properties":{"OBJECTID":339599,"PRIMENAME":"River Road","ELEVTYP_F":0,"ELEVTYP_T":0},"geometry":{"type":"LineString","coordinates":[[-74.029981658841,40.8947700497213],[-74.0297196916431,40.8950721672286]]}},{"type":"Feature","id":339808,"properties":{"OBJECTID":339808,"PRIMENAME":"Madison Street","ELEVTYP_F":0,"ELEVTYP_T":0},"geometry":{"type":"LineString","coordinates":[[-74.0370515727449,40.9086451027221],[-74.037328934987,40.9087231284664],[-74.0373346384654,40.9087250380294],[-74.0385813566648,40.9091427118408]]}},{"type":"Feature","id":340079,"properties":{"OBJECTID":340079,"PRIMENAME":"Bell Avenue","ELEVTYP_F":0,"ELEVTYP_T":0},"geometry":{"type":"LineString","coordinates":[[-74.0682980278488,40.8655400638141],[-74.0694294054468,40.8661978099633]]}},{"type":"Feature","id":340459,"properties":{"OBJECTID":340459,"PRIMENAME":"Terhune Street","ELEVTYP_F":0,"ELEVTYP_T":0},"geometry":{"type":"LineString","coordinates":[[-74.0267183884912,40.8844941144961],[-74.0254919604655,40.8842070888295]]}},{"type":"Feature","id":340739,"properties":{"OBJECTID":340739,"PRIMENAME":"Elmwood Avenue","ELEVTYP_F":0,"ELEVTYP_T":0},"geometry":{"type":"LineString","coordinates":[[-74.0271334875423,40.8723380202417],[-74.0272581719057,40.8723074040496],[-74.0291009678545,40.8727181188355],[-74.030124170003,40.8729618150812]]}},{"type":"Feature","id":340972,"properties":{"OBJECTID":340972,"PRIMENAME":"Coolidge Avenue","ELEVTYP_F":0,"ELEVTYP_T":0},"geometry":{"type":"LineString","coordinates":[[-74.066712636484,40.8739922809328],[-74.0666189063205,40.8739365086349],[-74.0648693724544,40.8728940080712]]}},{"type":"Feature","id":341170,"properties":{"OBJECTID":341170,"PRIMENAME":"Hudson Street","ELEVTYP_F":0,"ELEVTYP_T":0},"geometry":{"type":"LineString","coordinates":[[-74.0378605215484,40.8626360420446],[-74.0381989641236,40.8634760326127]]}},{"type":"Feature","id":341203,"properties":{"OBJECTID":341203,"PRIMENAME":"Railroad Avenue","ELEVTYP_F":0,"ELEVTYP_T":0},"geometry":{"type":"LineString","coordinates":[[-74.0317335512127,40.8674273099464],[-74.0317336146101,40.867628816385],[-74.0317153809039,40.8679740560767],[-74.0317108185474,40.8679970975528]]}},{"type":"Feature","id":341381,"properties":{"OBJECTID":341381,"PRIMENAME":"River Road","ELEVTYP_F":0,"ELEVTYP_T":0},"geometry":{"type":"LineString","coordinates":[[-74.0297196916431,40.8950721672286],[-74.0295096284356,40.8953144236304]]}},{"type":"Feature","id":341554,"properties":{"OBJECTID":341554,"PRIMENAME":"Kinderkamack Road","ELEVTYP_F":0,"ELEVTYP_T":0},"geometry":{"type":"LineString","coordinates":[[-74.0357804383758,40.9102261739075],[-74.0357832062407,40.9103004328289],[-74.0357888252731,40.9103745990253],[-74.0357972907104,40.9104486095052],[-74.0358085953721,40.9105224014093],[-74.0358227296662,40.9105959120638],[-74.0358396815973,40.9106690790332],[-74.0358594367768,40.9107418401742],[-74.0358819784351,40.9108141336876],[-74.0360091701548,40.9112317090632]]}},{"type":"Feature","id":341695,"properties":{"OBJECTID":341695,"PRIMENAME":"Vassar Drive","ELEVTYP_F":0,"ELEVTYP_T":0},"geometry":{"type":"LineString","coordinates":[[-74.0675663820592,40.9126261097853],[-74.067526441299,40.9126973123895],[-74.0674881035886,40.9127690203302],[-74.0674513800373,40.9128412128383],[-74.0674162812869,40.9129138690042],[-74.0673828175084,40.9129869677839],[-74.0673509983998,40.9130604880053],[-74.0673208331825,40.913134408374],[-74.0672923305991,40.9132087074798]]}},{"type":"Feature","id":341931,"properties":{"OBJECTID":341931,"PRIMENAME":"Larch Avenue","ELEVTYP_F":0,"ELEVTYP_T":0},"geometry":{"type":"LineString","coordinates":[[-74.03002432201,40.8800191134191],[-74.0299660297416,40.8801612557141],[-74.0297032458859,40.8808109269478]]}},{"type":"Feature","id":342012,"properties":{"OBJECTID":342012,"PRIMENAME":"Railroad Avenue","ELEVTYP_F":0,"ELEVTYP_T":0},"geometry":{"type":"LineString","coordinates":[[-74.0317326583684,40.8668354686663],[-74.03173269985,40.866983503677]]}},{"type":"Feature","id":342105,"properties":{"OBJECTID":342105,"PRIMENAME":"Maywood Avenue","ELEVTYP_F":0,"ELEVTYP_T":0},"geometry":{"type":"LineString","coordinates":[[-74.0666682937149,40.8931517251035],[-74.0666673650874,40.8931539964462],[-74.0666251350285,40.8932573408159]]}},{"type":"Feature","id":342420,"properties":{"OBJECTID":342420,"PRIMENAME":"Phillips Avenue","ELEVTYP_F":0,"ELEVTYP_T":0},"geometry":{"type":"LineString","coordinates":[[-74.0457173862643,40.8598225532364],[-74.0456918169888,40.8598642312725],[-74.0456633162703,40.8599047984243],[-74.0451881362357,40.8605498280316],[-74.0450497331992,40.8607402754543]]}},{"type":"Feature","id":342426,"properties":{"OBJECTID":342426,"PRIMENAME":"Berkshire Place","ELEVTYP_F":0,"ELEVTYP_T":0},"geometry":{"type":"LineString","coordinates":[[-74.0606223175731,40.8890911682501],[-74.0605273726183,40.8891628105938],[-74.0604342501089,40.8892358176212],[-74.0601481607188,40.8894514394425]]}},{"type":"Feature","id":342635,"properties":{"OBJECTID":342635,"PRIMENAME":"Louis Street","ELEVTYP_F":0,"ELEVTYP_T":0},"geometry":{"type":"LineString","coordinates":[[-74.0648701206528,40.8924846404573],[-74.0641376464243,40.893186382692]]}},{"type":"Feature","id":342841,"properties":{"OBJECTID":342841,"PRIMENAME":"Lincoln Place","ELEVTYP_F":0,"ELEVTYP_T":0},"geometry":{"type":"LineString","coordinates":[[-74.0252903194368,40.893328137618],[-74.0256379923014,40.8926825599967]]}},{"type":"Feature","id":343052,"properties":{"OBJECTID":343052,"PRIMENAME":"Franklin Place","ELEVTYP_F":0,"ELEVTYP_T":0},"geometry":{"type":"LineString","coordinates":[[-74.0504309343006,40.8977017184525],[-74.0504456798846,40.8976649129636],[-74.0504586927143,40.8976277331669],[-74.0504699563594,40.8975902260147],[-74.0504794565989,40.8975524388722],[-74.0504891305768,40.8975031006425],[-74.0504957989118,40.8974534766356],[-74.0504994474516,40.897403672218],[-74.0505000684561,40.8973537931388],[-74.050490273786,40.8972860818875],[-74.0504827966146,40.8972182006662],[-74.0504776419644,40.8971501951367],[-74.0504748132958,40.8970821110441]]}},{"type":"Feature","id":343168,"properties":{"OBJECTID":343168,"PRIMENAME":"Terrace Place","ELEVTYP_F":0,"ELEVTYP_T":0},"geometry":{"type":"LineString","coordinates":[[-74.041780182897,40.8977681091262],[-74.0413044599197,40.898352425025],[-74.0412300263049,40.8984413640337],[-74.0411574398598,40.8985311777978],[-74.0410867184423,40.89862184423],[-74.0410178794524,40.8987133410331]]}},{"type":"Feature","id":343314,"properties":{"OBJECTID":343314,"PRIMENAME":"Terrace Avenue","ELEVTYP_F":0,"ELEVTYP_T":0},"geometry":{"type":"LineString","coordinates":[[-74.0669401940693,40.8668846094077],[-74.0662793706974,40.867554171244]]}},{"type":"Feature","id":343458,"properties":{"OBJECTID":343458,"PRIMENAME":"Byrne Street","ELEVTYP_F":0,"ELEVTYP_T":0},"geometry":{"type":"LineString","coordinates":[[-74.0562238993079,40.9006036133099],[-74.0555284042667,40.9012681441174]]}},{"type":"Feature","id":343608,"properties":{"OBJECTID":343608,"PRIMENAME":"Elm Street","ELEVTYP_F":0,"ELEVTYP_T":0},"geometry":{"type":"LineString","coordinates":[[-74.0600048687236,40.9016187364556],[-74.0599161937499,40.9017013771088],[-74.0592077189175,40.9023848481874]]}},{"type":"Feature","id":343772,"properties":{"OBJECTID":343772,"PRIMENAME":"Berry Court","ELEVTYP_F":0,"ELEVTYP_T":0},"geometry":{"type":"LineString","coordinates":[[-74.0662759529335,40.8941118277697],[-74.0661948480789,40.8940626354745],[-74.0660375401592,40.8939671509698],[-74.0660086589715,40.8939488256982],[-74.0659780949712,40.8939321460031],[-74.0659460106396,40.8939172005547],[-74.0659125765398,40.8939040688037],[-74.0658753395958,40.8938908253937],[-74.0658392590012,40.8938758518568],[-74.0658044741871,40.8938592060576],[-74.065771119577,40.8938409523232],[-74.065447357533,40.8936494539665]]}},{"type":"Feature","id":343801,"properties":{"OBJECTID":343801,"PRIMENAME":"South Prospect Avenue","ELEVTYP_F":0,"ELEVTYP_T":0},"geometry":{"type":"LineString","coordinates":[[-74.0588781696942,40.882779990201],[-74.0583894920415,40.8832517866741],[-74.0583262300941,40.8833667775454]]}},{"type":"Feature","id":344023,"properties":{"OBJECTID":344023,"PRIMENAME":"Union Circle","ELEVTYP_F":0,"ELEVTYP_T":0},"geometry":{"type":"LineString","coordinates":[[-74.0324456073394,40.8916569724001],[-74.0324360566607,40.8917410673004],[-74.0323978019701,40.8920778825441],[-74.0323766014954,40.8921157086314]]}},{"type":"Feature","id":344365,"properties":{"OBJECTID":344365,"PRIMENAME":"Oritani Place","ELEVTYP_F":0,"ELEVTYP_T":0},"geometry":{"type":"LineString","coordinates":[[-74.0277254109486,40.8856081565263],[-74.0278268372816,40.8856322882343],[-74.0296492281341,40.8860657207636]]}},{"type":"Feature","id":344405,"properties":{"OBJECTID":344405,"PRIMENAME":"Caruso Street","ELEVTYP_F":0,"ELEVTYP_T":0},"geometry":{"type":"LineString","coordinates":[[-74.0595004994058,40.8736038456566],[-74.0601516188898,40.8739747174884],[-74.0602725252008,40.8740659000728]]}},{"type":"Feature","id":344414,"properties":{"OBJECTID":344414,"PRIMENAME":"Berry Street","ELEVTYP_F":0,"ELEVTYP_T":0},"geometry":{"type":"LineString","coordinates":[[-74.0505356263523,40.8938427260247],[-74.0497904151787,40.8933908033215],[-74.0492618852302,40.8930779300484]]}},{"type":"Feature","id":344502,"properties":{"OBJECTID":344502,"PRIMENAME":"Park Street","ELEVTYP_F":0,"ELEVTYP_T":0},"geometry":{"type":"LineString","coordinates":[[-74.0474309295561,40.8850471255969],[-74.0471892613813,40.8854705714077]]}},{"type":"Feature","id":344511,"properties":{"OBJECTID":344511,"PRIMENAME":"River Road","ELEVTYP_F":0,"ELEVTYP_T":0},"geometry":{"type":"LineString","coordinates":[[-74.0320721775852,40.8822546534056],[-74.0319117662147,40.8830931020849]]}},{"type":"Feature","id":345028,"properties":{"OBJECTID":345028,"PRIMENAME":"South River Street","ELEVTYP_F":0,"ELEVTYP_T":0},"geometry":{"type":"LineString","coordinates":[[-74.0410378838667,40.8763026506789],[-74.0410715413769,40.8764770329911],[-74.0411005386554,40.8766716829634]]}},{"type":"Feature","id":345120,"properties":{"OBJECTID":345120,"PRIMENAME":"Taylor Avenue","ELEVTYP_F":0,"ELEVTYP_T":0},"geometry":{"type":"LineString","coordinates":[[-74.0436918761723,40.8680394317657],[-74.0436336706857,40.8678905074245],[-74.0434531917477,40.8674287255087]]}},{"type":"Feature","id":345197,"properties":{"OBJECTID":345197,"PRIMENAME":"Phillips Avenue","ELEVTYP_F":0,"ELEVTYP_T":0},"geometry":{"type":"LineString","coordinates":[[-74.0463497922402,40.8574177495834],[-74.0460975883891,40.858355310141],[-74.0459672540074,40.8588265995974],[-74.0459487359094,40.8589152481847],[-74.0459332131671,40.8590042276706]]}},{"type":"Feature","id":345278,"properties":{"OBJECTID":345278,"PRIMENAME":"Broadway","ELEVTYP_F":0,"ELEVTYP_T":0},"geometry":{"type":"LineString","coordinates":[[-74.0448812171045,40.8747196107533],[-74.0461529163295,40.8749886576774]]}},{"type":"Feature","id":345503,"properties":{"OBJECTID":345503,"PRIMENAME":"Second Street","ELEVTYP_F":1,"ELEVTYP_T":1},"geometry":{"type":"LineString","coordinates":[[-74.0297069453322,40.8670271691932],[-74.029666384368,40.867112892995]]}},{"type":"Feature","id":345629,"properties":{"OBJECTID":345629,"PRIMENAME":"Latham Street","ELEVTYP_F":0,"ELEVTYP_T":0},"geometry":{"type":"LineString","coordinates":[[-74.0663596535141,40.9054181245961],[-74.0664570507588,40.9053269753722],[-74.0674537660641,40.904394176293]]}},{"type":"Feature","id":345631,"properties":{"OBJECTID":345631,"PRIMENAME":"Pink Street","ELEVTYP_F":0,"ELEVTYP_T":0},"geometry":{"type":"LineString","coordinates":[[-74.043964306782,40.8722281389776],[-74.0432307978986,40.8720776413347],[-74.0431465894625,40.8720603717235]]}},{"type":"Feature","id":345783,"properties":{"OBJECTID":345783,"PRIMENAME":"State Highway 17","ELEVTYP_F":0,"ELEVTYP_T":0},"geometry":{"type":"LineString","coordinates":[[-74.0681012136688,40.8856676272907],[-74.0679621048748,40.8853456188143],[-74.0679433668345,40.8853016576372]]}},{"type":"Feature","id":346199,"properties":{"OBJECTID":346199,"PRIMENAME":"River Road","ELEVTYP_F":0,"ELEVTYP_T":0},"geometry":{"type":"LineString","coordinates":[[-74.0312710941772,40.8864466775178],[-74.0311801959481,40.8869242291754],[-74.0311084475944,40.8872915391057]]}},{"type":"Feature","id":346335,"properties":{"OBJECTID":346335,"PRIMENAME":"Harding Place","ELEVTYP_F":0,"ELEVTYP_T":0},"geometry":{"type":"LineString","coordinates":[[-74.0643046634996,40.9139240395824],[-74.0641612815796,40.9138885820348],[-74.0629608820873,40.913591595479]]}},{"type":"Feature","id":346406,"properties":{"OBJECTID":346406,"PRIMENAME":"Vassar Drive","ELEVTYP_F":0,"ELEVTYP_T":0},"geometry":{"type":"LineString","coordinates":[[-74.0672923305991,40.9132087074798],[-74.0672501050968,40.9133286758113],[-74.0672122128338,40.9134494739707],[-74.0671786820831,40.9135710119008],[-74.0671495378664,40.9136931989926],[-74.0671085738041,40.9138387582253],[-74.0670771946382,40.9139502643886]]}},{"type":"Feature","id":346691,"properties":{"OBJECTID":346691,"PRIMENAME":"Elm Avenue","ELEVTYP_F":0,"ELEVTYP_T":0},"geometry":{"type":"LineString","coordinates":[[-74.0246919761803,40.8894072559944],[-74.024647136865,40.8895168682829],[-74.0244730254782,40.8899493834219]]}},{"type":"Feature","id":346918,"properties":{"OBJECTID":346918,"PRIMENAME":"McKinley Street","ELEVTYP_F":0,"ELEVTYP_T":0},"geometry":{"type":"LineString","coordinates":[[-74.0519338775514,40.8754406778643],[-74.0517811417369,40.8759261586072],[-74.0516169034013,40.876454524522]]}},{"type":"Feature","id":347280,"properties":{"OBJECTID":347280,"PRIMENAME":"Walnut Avenue","ELEVTYP_F":0,"ELEVTYP_T":0},"geometry":{"type":"LineString","coordinates":[[-74.027722384008,40.8711406466136],[-74.0290360730021,40.8715116717248],[-74.0303989879877,40.8718893898076],[-74.0305324794442,40.8719263837594]]}},{"type":"Feature","id":347512,"properties":{"OBJECTID":347512,"PRIMENAME":"Beech Street","ELEVTYP_F":0,"ELEVTYP_T":0},"geometry":{"type":"LineString","coordinates":[[-74.0658313232668,40.8926550109286],[-74.0662073139317,40.8928796438232],[-74.066665842993,40.893150278591],[-74.0666682937149,40.8931517251035]]}},{"type":"Feature","id":347595,"properties":{"OBJECTID":347595,"PRIMENAME":"Railroad Avenue","ELEVTYP_F":0,"ELEVTYP_T":0},"geometry":{"type":"LineString","coordinates":[[-74.0298213292053,40.8607878539035],[-74.0298690490386,40.8609009755264]]}},{"type":"Feature","id":347731,"properties":{"OBJECTID":347731,"PRIMENAME":"Williams Avenue","ELEVTYP_F":0,"ELEVTYP_T":0},"geometry":{"type":"LineString","coordinates":[[-74.0655235208504,40.8660587078634],[-74.0644619092232,40.8654211156215]]}},{"type":"Feature","id":348398,"properties":{"OBJECTID":348398,"PRIMENAME":"Williams Avenue","ELEVTYP_F":0,"ELEVTYP_T":0},"geometry":{"type":"LineString","coordinates":[[-74.0636585818411,40.8649446709767],[-74.0630459389713,40.8645662598245]]}},{"type":"Feature","id":350768,"properties":{"OBJECTID":350768,"PRIMENAME":"Interstate 80 Express","ELEVTYP_F":0,"ELEVTYP_T":0},"geometry":{"type":"LineString","coordinates":[[-74.051588792058,40.8675592355485],[-74.0511911901887,40.867505592094],[-74.0505247795173,40.8674210885314],[-74.0497063525984,40.8673322810329],[-74.0491683598759,40.867277559235]]}},{"type":"Feature","id":350851,"properties":{"OBJECTID":350851,"PRIMENAME":"West Pleasant Avenue","ELEVTYP_F":0,"ELEVTYP_T":0},"geometry":{"type":"LineString","coordinates":[[-74.063684390575,40.9052506128466],[-74.0637840791123,40.9053168959955],[-74.0643792197515,40.9057126032309]]}},{"type":"Feature","id":351268,"properties":{"OBJECTID":351268,"PRIMENAME":"Interstate 80","ELEVTYP_F":1,"ELEVTYP_T":0},"geometry":{"type":"LineString","coordinates":[[-74.03173269985,40.866983503677],[-74.0317022964807,40.8669828038824],[-74.0312080655244,40.8669700633148],[-74.0307609145267,40.8669468350009],[-74.0303232629318,40.8669200197395],[-74.0298667739107,40.8668931260422],[-74.0297738262479,40.8668858028733]]}},{"type":"Feature","id":351395,"properties":{"OBJECTID":351395,"PRIMENAME":"Maywood Avenue","ELEVTYP_F":0,"ELEVTYP_T":0},"geometry":{"type":"LineString","coordinates":[[-74.0575790412647,40.9122966064819],[-74.057443046089,40.9123863922976],[-74.0570015959302,40.9129952776904]]}},{"type":"Feature","id":351461,"properties":{"OBJECTID":351461,"PRIMENAME":"East State Highway 4","ELEVTYP_F":0,"ELEVTYP_T":0},"geometry":{"type":"LineString","coordinates":[[-74.0365589040006,40.9091568361736],[-74.0365370947857,40.9091401142152],[-74.0364044517505,40.9090331947711]]}},{"type":"Feature","id":351583,"properties":{"OBJECTID":351583,"PRIMENAME":"Jackson Avenue","ELEVTYP_F":0,"ELEVTYP_T":0},"geometry":{"type":"LineString","coordinates":[[-74.0420226645227,40.8683927725205],[-74.0420549708662,40.8684738098168],[-74.0421275540411,40.8686557861995]]}},{"type":"Feature","id":352288,"properties":{"OBJECTID":352288,"PRIMENAME":"Interstate 80 Express","ELEVTYP_F":0,"ELEVTYP_T":1},"geometry":{"type":"LineString","coordinates":[[-74.0424902290916,40.8669486893376],[-74.041974878492,40.866951860236],[-74.0417906365534,40.8669511284999],[-74.0415040735835,40.8669499898004],[-74.0411019575177,40.866944684886],[-74.0405280482597,40.8669610105209],[-74.040382309924,40.8669631901505],[-74.0395976702137,40.8669749231096]]}},{"type":"Feature","id":355922,"properties":{"OBJECTID":355922,"PRIMENAME":"Interstate 80","ELEVTYP_F":0,"ELEVTYP_T":0},"geometry":{"type":"LineString","coordinates":[[-74.0438254115393,40.8668327606036],[-74.0436431175995,40.866830502257],[-74.0430263820849,40.8668280605929],[-74.0424590943803,40.866833443216]]}},{"type":"Feature","id":358771,"properties":{"OBJECTID":358771,"PRIMENAME":"Interstate 80","ELEVTYP_F":0,"ELEVTYP_T":0},"geometry":{"type":"LineString","coordinates":[[-74.0568660142677,40.869533414813],[-74.0567096896293,40.8694191045336],[-74.0564800457721,40.8692609641643],[-74.0562128453329,40.8690848088273],[-74.0558845264376,40.8688941165046],[-74.0556924436194,40.868780976584],[-74.0556218858441,40.868739415427],[-74.05530752778,40.8685809463169],[-74.0550118554918,40.8684404175544],[-74.0546597870223,40.8682818011889],[-74.054331093231,40.868148280203],[-74.0539929618623,40.8680254547872],[-74.0536077311225,40.8678952811765],[-74.0533822023377,40.8678262791054]]}},{"type":"Feature","id":358944,"properties":{"OBJECTID":358944,"PRIMENAME":"East State Highway 4","ELEVTYP_F":0,"ELEVTYP_T":0},"geometry":{"type":"LineString","coordinates":[[-74.0346171434809,40.9073274028382],[-74.0345409043711,40.9072459003031],[-74.0342578468348,40.9069443797751],[-74.0339493951841,40.9066169268407],[-74.0338588062866,40.9065204606186],[-74.0336662704025,40.906315432481],[-74.0334677009838,40.9061014586196],[-74.0334025934112,40.9060321876845]]}},{"type":"Feature","id":358967,"properties":{"OBJECTID":358967,"PRIMENAME":"Interstate 80","ELEVTYP_F":1,"ELEVTYP_T":0},"geometry":{"type":"LineString","coordinates":[[-74.061111971982,40.87362164827],[-74.0609862697702,40.8734742599545],[-74.060677830429,40.8731263725163],[-74.0603365926628,40.8727462151816],[-74.0600748386232,40.872459276298],[-74.0598550515133,40.8722297020628],[-74.0596258877002,40.871996522644],[-74.0595160004945,40.8718809804913]]}},{"type":"Feature","id":359035,"properties":{"OBJECTID":359035,"PRIMENAME":"State Highway 17","ELEVTYP_F":0,"ELEVTYP_T":0},"geometry":{"type":"LineString","coordinates":[[-74.0634259559155,40.8715988970562],[-74.0634308762587,40.871670175091],[-74.0634638565368,40.8722973047102],[-74.063464340715,40.8723064968596],[-74.0634946652605,40.872710529868],[-74.0634989783778,40.8728247906922]]}},{"type":"Feature","id":359056,"properties":{"OBJECTID":359056,"PRIMENAME":"Interstate 80","ELEVTYP_F":0,"ELEVTYP_T":1},"geometry":{"type":"LineString","coordinates":[[-74.0340934114493,40.8669621825176],[-74.033369007172,40.8669788254687],[-74.0326344425231,40.866990152565],[-74.0322201022182,40.8669956379395],[-74.03173269985,40.866983503677]]}},{"type":"Feature","id":359146,"properties":{"OBJECTID":359146,"PRIMENAME":"State Highway 17","ELEVTYP_F":0,"ELEVTYP_T":0},"geometry":{"type":"LineString","coordinates":[[-74.0633026838897,40.8660894098021],[-74.0632832542946,40.8661904595557],[-74.0632658993557,40.8663279983878]]}},{"type":"Feature","id":359361,"properties":{"OBJECTID":359361,"PRIMENAME":"State Highway 17","ELEVTYP_F":0,"ELEVTYP_T":1},"geometry":{"type":"LineString","coordinates":[[-74.0635288156745,40.8740520578905],[-74.0635322170241,40.8741617313371],[-74.063522064834,40.8742760742803],[-74.0635118512026,40.8743939859455],[-74.0634970677269,40.8744975783666],[-74.0634773826407,40.8746261601524],[-74.063448165513,40.874769033018],[-74.0634094877965,40.8749261440916],[-74.0633516522062,40.8751260866601],[-74.0633385545217,40.8751639105297],[-74.0632700751414,40.8753616504859],[-74.0631790370709,40.875600774388],[-74.0631021705544,40.8758292468183],[-74.0630823033836,40.8758918665075]]}},{"type":"Feature","id":359590,"properties":{"OBJECTID":359590,"PRIMENAME":"Williams Avenue","ELEVTYP_F":0,"ELEVTYP_T":0},"geometry":{"type":"LineString","coordinates":[[-74.0431106365107,40.8688632762771],[-74.0430813157146,40.8687889918744],[-74.0428453287717,40.8681911687802],[-74.0428023572304,40.8681345354082]]}},{"type":"Feature","id":359658,"properties":{"OBJECTID":359658,"PRIMENAME":"US Highway 46","ELEVTYP_F":0,"ELEVTYP_T":1},"geometry":{"type":"LineString","coordinates":[[-74.0662568979461,40.8701115244455],[-74.0659166515556,40.8696821979694],[-74.06567481682,40.8693662410489]]}},{"type":"Feature","id":360114,"properties":{"OBJECTID":360114,"PRIMENAME":"Pink Street","ELEVTYP_F":0,"ELEVTYP_T":0},"geometry":{"type":"LineString","coordinates":[[-74.0486020666601,40.8731659085488],[-74.0465649015807,40.872696000708]]}},{"type":"Feature","id":360143,"properties":{"OBJECTID":360143,"PRIMENAME":"West Pleasant Avenue","ELEVTYP_F":0,"ELEVTYP_T":0},"geometry":{"type":"LineString","coordinates":[[-74.0660481794646,40.9068470327781],[-74.0663990874346,40.9070965491758]]}},{"type":"Feature","id":360267,"properties":{"OBJECTID":360267,"PRIMENAME":"Interstate 80 Express","ELEVTYP_F":0,"ELEVTYP_T":0},"geometry":{"type":"LineString","coordinates":[[-74.0441113782525,40.8669619460015],[-74.044054251846,40.8669600982802],[-74.0435418770579,40.866950222466],[-74.043217405572,40.8669439677561],[-74.0424902290916,40.8669486893376]]}},{"type":"Feature","id":360341,"properties":{"OBJECTID":360341,"PRIMENAME":"Interstate 80","ELEVTYP_F":1,"ELEVTYP_T":0},"geometry":{"type":"LineString","coordinates":[[-74.0679433668345,40.8853016576372],[-74.0678036728801,40.8851588363971],[-74.0676211886751,40.884972293201],[-74.0674762884659,40.8848073548003],[-74.0674015339701,40.8847177272767],[-74.067326789554,40.884620934821],[-74.0672567845556,40.8845241600976],[-74.0671868250692,40.8844202484982],[-74.067089016365,40.884255487202],[-74.0670051487662,40.8841157842345],[-74.0669074343575,40.8839366950897],[-74.0668423648764,40.8838041995854],[-74.0667866978152,40.8836717663746],[-74.066563875077,40.8831776915601],[-74.0663550323119,40.8827087028406],[-74.0661321928352,40.8822181680905],[-74.0660022936247,40.8819174928706],[-74.0658856120531,40.8816541354699]]}},{"type":"Feature","id":360637,"properties":{"OBJECTID":360637,"PRIMENAME":"Interstate 80 Express","ELEVTYP_F":0,"ELEVTYP_T":0},"geometry":{"type":"LineString","coordinates":[[-74.0228225228785,40.8662334398761],[-74.0233265432074,40.866307030002],[-74.0240055954283,40.8664072245319],[-74.0241187292315,40.8664226047755],[-74.0244241508351,40.8664641244114],[-74.0250092556223,40.8665509142162],[-74.0258463380286,40.8666744501282],[-74.0265382576817,40.8667714162762],[-74.0271191229124,40.8668549395286],[-74.0274351991968,40.8668984247951],[-74.0276829575516,40.86692867297],[-74.0277001249877,40.8669307623429],[-74.0279862442411,40.8669655986373],[-74.0280675471273,40.8669737599637]]}},{"type":"Feature","id":360848,"properties":{"OBJECTID":360848,"PRIMENAME":"East State Highway 4","ELEVTYP_F":0,"ELEVTYP_T":0},"geometry":{"type":"LineString","coordinates":[[-74.0333597161302,40.9059865312028],[-74.0333117749971,40.9059355012593],[-74.0332259485415,40.9058441591019]]}},{"type":"Feature","id":361194,"properties":{"OBJECTID":361194,"PRIMENAME":"Interstate 80 Express","ELEVTYP_F":0,"ELEVTYP_T":0},"geometry":{"type":"LineString","coordinates":[[-74.0657156661408,40.8820469667215],[-74.0658299094367,40.8823070370286],[-74.0661459652249,40.8830222393089],[-74.0663651524017,40.883496647268],[-74.0664363953101,40.8839464814865]]}},{"type":"Feature","id":361522,"properties":{"OBJECTID":361522,"PRIMENAME":"State Highway 17","ELEVTYP_F":0,"ELEVTYP_T":0},"geometry":{"type":"LineString","coordinates":[[-74.0633469337814,40.8693933651499],[-74.063345274137,40.869646004]]}},{"type":"Feature","id":361831,"properties":{"OBJECTID":361831,"PRIMENAME":"State Highway 17","ELEVTYP_F":0,"ELEVTYP_T":0},"geometry":{"type":"LineString","coordinates":[[-74.0637825475337,40.8792994231328],[-74.0640876886923,40.8799253518333],[-74.064177738049,40.8801116325705],[-74.0642642408365,40.8802905746073],[-74.0644731905103,40.8807452945704],[-74.0647427021951,40.8812967269033],[-74.0648449100404,40.8815007986663],[-74.06497046494,40.8817514889701],[-74.0651051312803,40.8820415061887],[-74.0652678093578,40.8823673669805],[-74.0654460608954,40.8827365188903]]}},{"type":"Feature","id":362270,"properties":{"OBJECTID":362270,"PRIMENAME":"State Highway 17","ELEVTYP_F":1,"ELEVTYP_T":0},"geometry":{"type":"LineString","coordinates":[[-74.0628625293478,40.8767949424871],[-74.0628550229121,40.876896971054],[-74.0628646705508,40.8770247839896]]}},{"type":"Feature","id":362917,"properties":{"OBJECTID":362917,"PRIMENAME":"State Highway 17","ELEVTYP_F":1,"ELEVTYP_T":1},"geometry":{"type":"LineString","coordinates":[[-74.0630124706468,40.8761120478501],[-74.0629667114261,40.8762558160883],[-74.0629627304769,40.8762683207201],[-74.062942040932,40.876345896622]]}},{"type":"Feature","id":363256,"properties":{"OBJECTID":363256,"PRIMENAME":"Interstate 80","ELEVTYP_F":0,"ELEVTYP_T":0},"geometry":{"type":"LineString","coordinates":[[-74.0649076510353,40.879458404904],[-74.0647304626023,40.879096282219],[-74.0645119975126,40.878659396662],[-74.0643259517287,40.8783084402465],[-74.0641519770678,40.8779536575796]]}},{"type":"Feature","id":363475,"properties":{"OBJECTID":363475,"PRIMENAME":"State Highway 17","ELEVTYP_F":1,"ELEVTYP_T":1},"geometry":{"type":"LineString","coordinates":[[-74.0630823033836,40.8758918665075],[-74.0630252464245,40.8760719929947],[-74.0630124706468,40.8761120478501]]}},{"type":"Feature","id":363509,"properties":{"OBJECTID":363509,"PRIMENAME":"Interstate 80 Express","ELEVTYP_F":1,"ELEVTYP_T":0},"geometry":{"type":"LineString","coordinates":[[-74.031733036859,40.8671923130653],[-74.0320354590295,40.8671975046938],[-74.0321915440418,40.8672001848186],[-74.0323714639746,40.8671981730313],[-74.0326724374143,40.8671948071024],[-74.0328329004973,40.8671930120525],[-74.0328594248364,40.8671923530896],[-74.033393057017,40.8671790844102],[-74.033914731938,40.8671714493463],[-74.0342701484063,40.867164127781],[-74.0348894373601,40.8671514492536],[-74.0351034310972,40.8671470670076],[-74.0353684349364,40.8671422729581],[-74.0355990234665,40.8671380989267]]}},{"type":"Feature","id":363889,"properties":{"OBJECTID":363889,"PRIMENAME":"Interstate 80 Express","ELEVTYP_F":0,"ELEVTYP_T":0},"geometry":{"type":"LineString","coordinates":[[-74.0425108211009,40.867024834093],[-74.0430094140816,40.8670293357147],[-74.0435388297119,40.8670398504915],[-74.0438259039476,40.86704555115],[-74.0440369895018,40.8670511533696],[-74.0441786668182,40.8670549157517]]}},{"type":"Feature","id":364345,"properties":{"OBJECTID":364345,"PRIMENAME":"South Forest Avenue","ELEVTYP_F":0,"ELEVTYP_T":0},"geometry":{"type":"LineString","coordinates":[[-74.0570015959302,40.9129952776904],[-74.0569071971988,40.9131254814343],[-74.0565211910339,40.9136578832279],[-74.0559311855915,40.9144716358005],[-74.055832145056,40.9146021044288]]}},{"type":"Feature","id":364560,"properties":{"OBJECTID":364560,"PRIMENAME":"Washington Avenue","ELEVTYP_F":0,"ELEVTYP_T":0},"geometry":{"type":"LineString","coordinates":[[-74.0407170259323,40.867377595212],[-74.0407216815413,40.8673893616898],[-74.0407505033611,40.8674620804286],[-74.0411653627622,40.8685077823652]]}},{"type":"Feature","id":364880,"properties":{"OBJECTID":364880,"PRIMENAME":"Interstate 80","ELEVTYP_F":0,"ELEVTYP_T":0},"geometry":{"type":"LineString","coordinates":[[-74.0515547170857,40.8674278061953],[-74.0512477084619,40.8673821798607],[-74.0505703204808,40.8673009002235],[-74.0497375666047,40.867208276341],[-74.0491735515824,40.8671517238907]]}},{"type":"Feature","id":365388,"properties":{"OBJECTID":365388,"PRIMENAME":"State Highway 17","ELEVTYP_F":0,"ELEVTYP_T":0},"geometry":{"type":"LineString","coordinates":[[-74.0666630837454,40.8851073813693],[-74.0666813796075,40.8851354928965],[-74.0667513855878,40.8852322679624],[-74.0668261630406,40.8853183279347],[-74.0669103335283,40.88541156013],[-74.0670084926893,40.8855227417669],[-74.0671673965199,40.8857091983263],[-74.0672936542995,40.8858490601812],[-74.0674714252581,40.8860319902262],[-74.0675905735263,40.8861396495971],[-74.0677335899553,40.8862688732424],[-74.0679769498508,40.8865056852191],[-74.068224872346,40.8867639508724],[-74.0683884975495,40.886953991442],[-74.0684725891452,40.8870543591809],[-74.0686033689053,40.8872228655446],[-74.0687480352295,40.887430731661]]}},{"type":"Feature","id":365530,"properties":{"OBJECTID":365530,"PRIMENAME":"West Pleasant Avenue","ELEVTYP_F":0,"ELEVTYP_T":0},"geometry":{"type":"LineString","coordinates":[[-74.0623320127142,40.9043559950723],[-74.0630003621324,40.9047981295193]]}},{"type":"Feature","id":365621,"properties":{"OBJECTID":365621,"PRIMENAME":"Interstate 80","ELEVTYP_F":0,"ELEVTYP_T":1},"geometry":{"type":"LineString","coordinates":[[-74.0617440193014,40.8743935685024],[-74.0615141929166,40.8741052989363],[-74.0613133532213,40.8738579304549],[-74.061111971982,40.87362164827]]}},{"type":"Feature","id":365743,"properties":{"OBJECTID":365743,"PRIMENAME":"US Highway 46","ELEVTYP_F":1,"ELEVTYP_T":1},"geometry":{"type":"LineString","coordinates":[[-74.0642327052162,40.8675504649553],[-74.0639507254545,40.8671943132766],[-74.0636317204383,40.8667963099878],[-74.0635771589704,40.8667282365449],[-74.0632658993557,40.8663279983878]]}},{"type":"Feature","id":365759,"properties":{"OBJECTID":365759,"PRIMENAME":"State Highway 17","ELEVTYP_F":0,"ELEVTYP_T":0},"geometry":{"type":"LineString","coordinates":[[-74.0632658993557,40.8663279983878],[-74.0632501874311,40.866451982638]]}},{"type":"Feature","id":366154,"properties":{"OBJECTID":366154,"PRIMENAME":"US Highway 46","ELEVTYP_F":0,"ELEVTYP_T":0},"geometry":{"type":"LineString","coordinates":[[-74.0649039978451,40.8684001163824],[-74.0648799682446,40.8683701339982],[-74.0645157652367,40.8679076907835],[-74.0644851033719,40.8678690089781]]}},{"type":"Feature","id":366237,"properties":{"OBJECTID":366237,"PRIMENAME":"US Highway 46","ELEVTYP_F":0,"ELEVTYP_T":0},"geometry":{"type":"LineString","coordinates":[[-74.0677627056944,40.8719920013028],[-74.0675605782622,40.871739916172],[-74.0673411522586,40.8714567213364],[-74.06708429358,40.871130509436],[-74.0669968973081,40.8710243355633]]}},{"type":"Feature","id":366380,"properties":{"OBJECTID":366380,"PRIMENAME":"East State Highway 4","ELEVTYP_F":0,"ELEVTYP_T":0},"geometry":{"type":"LineString","coordinates":[[-74.0501488013572,40.9148527894293],[-74.0500874955072,40.9148361834328],[-74.0491610649249,40.9145806643193],[-74.0482856142174,40.9143479271882],[-74.047163727854,40.9140399114153],[-74.0460970428065,40.9137515091474],[-74.0449453838366,40.913440143191],[-74.0441677412118,40.9132271399175],[-74.0436323417343,40.9130732279562],[-74.0432330444553,40.9129489219452],[-74.043016345306,40.9128802086955],[-74.042782721523,40.9128050051209],[-74.0425746287633,40.912726636001],[-74.0423580330743,40.9126482876971],[-74.0421032553142,40.9125503802465],[-74.0419558807403,40.9124937457261],[-74.0418466597305,40.9124517742785]]}},{"type":"Feature","id":366482,"properties":{"OBJECTID":366482,"PRIMENAME":"South River Street","ELEVTYP_F":0,"ELEVTYP_T":0},"geometry":{"type":"LineString","coordinates":[[-74.0351253909652,40.857691843988],[-74.0351141293304,40.8579124810115],[-74.0350994911982,40.8583927878666],[-74.0351124687996,40.8586930826505],[-74.0351276523386,40.858756584609]]}},{"type":"Feature","id":366861,"properties":{"OBJECTID":366861,"PRIMENAME":"Interstate 80 Express","ELEVTYP_F":1,"ELEVTYP_T":0},"geometry":{"type":"LineString","coordinates":[[-74.0609987449034,40.873753550706],[-74.0608274896574,40.8735554551655],[-74.0605208068656,40.8732043067335],[-74.0601945678007,40.8728419392518],[-74.0601026488493,40.8727439246304],[-74.0599072312407,40.8725355500983],[-74.0597172994604,40.872330052777],[-74.0594736991696,40.8720871287216],[-74.0592203893981,40.8718255288436],[-74.058947496751,40.8715564418302],[-74.0587037817153,40.8713209264761],[-74.0584113787437,40.8710443248218],[-74.0581201938648,40.8707808033614]]}},{"type":"Feature","id":367139,"properties":{"OBJECTID":367139,"PRIMENAME":"Interstate 80 Express","ELEVTYP_F":0,"ELEVTYP_T":0},"geometry":{"type":"LineString","coordinates":[[-74.0448509487641,40.8670733718598],[-74.0451379242056,40.8670815868584],[-74.0452023393799,40.8670834312618],[-74.0456445184848,40.8671075692372],[-74.0459074546378,40.8671219213775],[-74.0460177093708,40.8671277957126],[-74.0465618942606,40.8671567831169],[-74.046565660578,40.8671569834399],[-74.0472322984871,40.8672017640829],[-74.0480783985749,40.8672667612919],[-74.0487535187866,40.8673245778202],[-74.0491648391785,40.8673648071573]]}},{"type":"Feature","id":367235,"properties":{"OBJECTID":367235,"PRIMENAME":"State Highway 17","ELEVTYP_F":0,"ELEVTYP_T":0},"geometry":{"type":"LineString","coordinates":[[-74.063345274137,40.869646004],[-74.0633439534771,40.8698470387372],[-74.0633548755189,40.8703367228888],[-74.063375949392,40.8707120910159],[-74.0633857027429,40.8709173949115]]}},{"type":"Feature","id":367788,"properties":{"OBJECTID":367788,"PRIMENAME":"State Highway 17","ELEVTYP_F":0,"ELEVTYP_T":0},"geometry":{"type":"LineString","coordinates":[[-74.0628646705508,40.8770247839896],[-74.0628679988372,40.8770685786788],[-74.0628905192152,40.8772294903843],[-74.0629181043757,40.8773296751782],[-74.0629642013829,40.8774799711357],[-74.0630242262337,40.8776624620523],[-74.0630996355392,40.8778649678198],[-74.0631028697499,40.8778736543525],[-74.0631678085849,40.8780240206832],[-74.0632606391947,40.8782281016657],[-74.0633668578816,40.8784559821557],[-74.0633674464158,40.8784572415781],[-74.0635068939578,40.8787329769734],[-74.0635318496325,40.8787877233427]]}},{"type":"Feature","id":367791,"properties":{"OBJECTID":367791,"PRIMENAME":"Interstate 80 Express","ELEVTYP_F":1,"ELEVTYP_T":1},"geometry":{"type":"LineString","coordinates":[[-74.037696031173,40.8670995965799],[-74.0383445942541,40.8670853948961],[-74.0392126297059,40.8670726428776],[-74.0396330647688,40.8670643028012]]}},{"type":"Feature","id":367818,"properties":{"OBJECTID":367818,"PRIMENAME":"US Highway 46","ELEVTYP_F":0,"ELEVTYP_T":1},"geometry":{"type":"LineString","coordinates":[[-74.0686544336809,40.8731236483759],[-74.0683917995874,40.8727938209903],[-74.0682051141811,40.8725464894707],[-74.0680688317484,40.8723622980445]]}},{"type":"Feature","id":367821,"properties":{"OBJECTID":367821,"PRIMENAME":"Interstate 80","ELEVTYP_F":0,"ELEVTYP_T":1},"geometry":{"type":"LineString","coordinates":[[-74.0424590943803,40.866833443216],[-74.0422306669353,40.8668356384731],[-74.0416374102568,40.8668368515183],[-74.0411243649163,40.8668205097144],[-74.040502844639,40.8668252004609],[-74.0395451836242,40.8668422153766]]}},{"type":"Feature","id":367841,"properties":{"OBJECTID":367841,"PRIMENAME":"Interstate 80","ELEVTYP_F":0,"ELEVTYP_T":0},"geometry":{"type":"LineString","coordinates":[[-74.0595160004945,40.8718809804913],[-74.0593733981836,40.8717310555792],[-74.0590879809911,40.8714583529899],[-74.0588493853532,40.8712251089334],[-74.0585499299698,40.8709487553267],[-74.0582229264512,40.870646839009]]}},{"type":"Feature","id":367966,"properties":{"OBJECTID":367966,"PRIMENAME":"East State Highway 4","ELEVTYP_F":0,"ELEVTYP_T":0},"geometry":{"type":"LineString","coordinates":[[-74.0334025934112,40.9060321876845],[-74.0333597161302,40.9059865312028]]}},{"type":"Feature","id":371678,"properties":{"OBJECTID":371678,"PRIMENAME":"Interstate 80","ELEVTYP_F":0,"ELEVTYP_T":1},"geometry":{"type":"LineString","coordinates":[[-74.0388444838118,40.8668665908593],[-74.0384309126832,40.8668812424116],[-74.0376258845811,40.8668967591283],[-74.0376137697208,40.8668969915431]]}},{"type":"Feature","id":371806,"properties":{"OBJECTID":371806,"PRIMENAME":"Interstate 80","ELEVTYP_F":0,"ELEVTYP_T":0},"geometry":{"type":"LineString","coordinates":[[-74.0630124706468,40.8761120478501],[-74.0629231199504,40.8759786897954],[-74.0625618682227,40.8754649215061],[-74.0621679150137,40.8749370024498],[-74.0618457709274,40.874521155128],[-74.0617440193014,40.8743935685024]]}},{"type":"Feature","id":372723,"properties":{"OBJECTID":372723,"PRIMENAME":"West Pleasant Avenue","ELEVTYP_F":0,"ELEVTYP_T":0},"geometry":{"type":"LineString","coordinates":[[-74.0663990874346,40.9070965491758],[-74.0664021133165,40.9070987011946],[-74.0668113700218,40.9073503025641],[-74.0669564371749,40.907347113637]]}},{"type":"Feature","id":374241,"properties":{"OBJECTID":374241,"PRIMENAME":"State Highway 17","ELEVTYP_F":0,"ELEVTYP_T":0},"geometry":{"type":"LineString","coordinates":[[-74.0697010367352,40.8567656436677],[-74.0696513450548,40.8568284254267],[-74.0693014232391,40.8572705406361],[-74.0688508034328,40.8578014323803],[-74.068774940692,40.8578835745946],[-74.0686896207074,40.857975957828],[-74.0685663727094,40.8581041526971],[-74.0684099573603,40.85826798957],[-74.0682251445965,40.8584567270259],[-74.0681393452377,40.8585456174289],[-74.067912333133,40.8587808054928],[-74.0676800500781,40.8590301096252],[-74.0674809107951,40.8592473943351],[-74.0672106161486,40.8595537602043],[-74.0670112642728,40.8598032135161],[-74.0667643720752,40.8601239402117],[-74.0665127545227,40.8604482436836],[-74.0663465333163,40.8606727871034],[-74.0661707338577,40.8609187593806],[-74.0659759103004,40.8611932349419],[-74.0656908815687,40.8615888901112],[-74.0654137745753,40.861990518163],[-74.065410478917,40.8619952940861],[-74.0652012784008,40.8623054532974],[-74.0649955790354,40.8626106847781]]}},{"type":"Feature","id":374282,"properties":{"OBJECTID":374282,"PRIMENAME":"Interstate 80 Express","ELEVTYP_F":0,"ELEVTYP_T":1},"geometry":{"type":"LineString","coordinates":[[-74.0581201938648,40.8707808033614],[-74.0579238674423,40.8706031295744],[-74.0578909741425,40.8705740988022]]}},{"type":"Feature","id":375950,"properties":{"OBJECTID":375950,"PRIMENAME":"Interstate 80 Express","ELEVTYP_F":1,"ELEVTYP_T":0},"geometry":{"type":"LineString","coordinates":[[-74.060924548619,40.8738399535318],[-74.0609761768154,40.8739019111225],[-74.0612010413147,40.8741689166507],[-74.0613875683016,40.8744098359448],[-74.0617013694463,40.8748069867417],[-74.061930272202,40.8751096903272],[-74.0621124940571,40.8753570968794],[-74.0622904645077,40.8756076443982],[-74.0624344902719,40.8758126615578],[-74.0626293397082,40.8760925338693],[-74.0627767544844,40.8763169103698],[-74.0628452430497,40.8764211533065],[-74.0628996252903,40.876504750326]]}},{"type":"Feature","id":376884,"properties":{"OBJECTID":376884,"PRIMENAME":"West Pleasant Avenue","ELEVTYP_F":0,"ELEVTYP_T":0},"geometry":{"type":"LineString","coordinates":[[-74.0630003621324,40.9047981295193],[-74.063684390575,40.9052506128466]]}},{"type":"Feature","id":377106,"properties":{"OBJECTID":377106,"PRIMENAME":"Interstate 80","ELEVTYP_F":0,"ELEVTYP_T":0},"geometry":{"type":"LineString","coordinates":[[-74.0447670226613,40.8668572324525],[-74.0440668192083,40.8668357737645],[-74.044019633714,40.8668351846913]]}},{"type":"Feature","id":378120,"properties":{"OBJECTID":378120,"PRIMENAME":"Interstate 80 Express","ELEVTYP_F":0,"ELEVTYP_T":1},"geometry":{"type":"LineString","coordinates":[[-74.062942040932,40.876345896622],[-74.0627435355594,40.8760497340974],[-74.0623839328376,40.8755383048852],[-74.0620810512747,40.8751224358786],[-74.0619951190613,40.8750044483785],[-74.0616789810287,40.8745937017158],[-74.0614922366508,40.8743583403881],[-74.0613530472655,40.874182917811],[-74.0611536016445,40.8739327256672],[-74.0609987449034,40.873753550706]]}},{"type":"Feature","id":378247,"properties":{"OBJECTID":378247,"PRIMENAME":"Interstate 80 Express","ELEVTYP_F":0,"ELEVTYP_T":1},"geometry":{"type":"LineString","coordinates":[[-74.0516137711402,40.8676555793262],[-74.0519019426704,40.8677068420281],[-74.0521453257267,40.8677499771828],[-74.0523801174298,40.867796344854],[-74.0526533816717,40.8678590841368],[-74.0528185363175,40.8678994712081],[-74.0529094704554,40.8679217282833],[-74.053178352572,40.8679909550584],[-74.0534855120068,40.8680894520344],[-74.0536476429368,40.8681388031001],[-74.0538651888308,40.8682175728821],[-74.0540468169298,40.8682820392223],[-74.0541424473754,40.8683159812729],[-74.0543641746677,40.8684077227826],[-74.0545009905018,40.8684619153718],[-74.0546455777156,40.8685191844337],[-74.0549013233896,40.8686337299107],[-74.0550656072163,40.8687136085216],[-74.055157005745,40.8687580457646],[-74.0553998877028,40.8688823126129],[-74.0556681765393,40.8690359381548],[-74.0556906529777,40.8690488659679],[-74.0558726676946,40.8691535503911],[-74.056085570377,40.8692841781585],[-74.0562856378532,40.8694147840752],[-74.0563027995502,40.8694270294044]]}},{"type":"Feature","id":379109,"properties":{"OBJECTID":379109,"PRIMENAME":"East State Highway 4","ELEVTYP_F":0,"ELEVTYP_T":0},"geometry":{"type":"LineString","coordinates":[[-74.0329463925269,40.9055505834417],[-74.0327741455141,40.9053725186984],[-74.0327704299948,40.9053686780483],[-74.0326017526315,40.9051947349791],[-74.0323774113803,40.9049633891364],[-74.0320421444694,40.9046106614116],[-74.0319675414363,40.9045321725699],[-74.0318252804772,40.9043791142723]]}},{"type":"Feature","id":380131,"properties":{"OBJECTID":380131,"PRIMENAME":"Demarest Place","ELEVTYP_F":0,"ELEVTYP_T":0},"geometry":{"type":"LineString","coordinates":[[-74.042675656047,40.8820716879986],[-74.0426405186705,40.8819642486814],[-74.0420246539495,40.8818152797926],[-74.0420137215003,40.8818120904265],[-74.0420032455971,40.881808115226],[-74.0419933240264,40.8818033912971],[-74.0419840494003,40.8817979627351]]}},{"type":"Feature","id":380133,"properties":{"OBJECTID":380133,"PRIMENAME":"Interstate 80 Express","ELEVTYP_F":0,"ELEVTYP_T":0},"geometry":{"type":"LineString","coordinates":[[-74.0640432546198,40.8781539574372],[-74.0638939923998,40.8778858430923],[-74.0638840200096,40.8778679362933],[-74.0637194588644,40.8775724252847],[-74.0633894240032,40.8770387950511],[-74.0632701571937,40.8768476038495],[-74.0631612829733,40.8766730736877],[-74.0630408352389,40.8764933276049],[-74.062942040932,40.876345896622]]}},{"type":"Feature","id":380217,"properties":{"OBJECTID":380217,"PRIMENAME":"Hackensack Avenue","ELEVTYP_F":0,"ELEVTYP_T":0},"geometry":{"type":"LineString","coordinates":[[-74.033391363964,40.9046650594806],[-74.0333651120245,40.9048722244681],[-74.0333238726337,40.9051976593502],[-74.0332973664203,40.9054068252283]]}},{"type":"Feature","id":380847,"properties":{"OBJECTID":380847,"PRIMENAME":"East State Highway 4","ELEVTYP_F":0,"ELEVTYP_T":0},"geometry":{"type":"LineString","coordinates":[[-74.0318252804772,40.9043791142723],[-74.0315999335093,40.9041366462412],[-74.0311985415774,40.9037151514013],[-74.0308309339484,40.9033260724228],[-74.0305223265532,40.9029997100196],[-74.0303281292672,40.9027943380409],[-74.030072364254,40.9025236292629]]}},{"type":"Feature","id":381472,"properties":{"OBJECTID":381472,"PRIMENAME":"Lincoln Street","ELEVTYP_F":0,"ELEVTYP_T":0},"geometry":{"type":"LineString","coordinates":[[-74.0448233819592,40.8663149988827],[-74.0450124328663,40.8663019930276],[-74.0454806795624,40.866196072271],[-74.0456909936302,40.8661190815891]]}},{"type":"Feature","id":381512,"properties":{"OBJECTID":381512,"PRIMENAME":"East State Highway 4","ELEVTYP_F":0,"ELEVTYP_T":0},"geometry":{"type":"LineString","coordinates":[[-74.0332259485415,40.9058441591019],[-74.0330747281266,40.9056832158907],[-74.0329463925269,40.9055505834417]]}},{"type":"Feature","id":381607,"properties":{"OBJECTID":381607,"PRIMENAME":"Vreeland Avenue","ELEVTYP_F":0,"ELEVTYP_T":0},"geometry":{"type":"LineString","coordinates":[[-74.0424037361932,40.8659403754505],[-74.0420333818023,40.8660281990128],[-74.0420032155602,40.8660349686056]]}},{"type":"Feature","id":381749,"properties":{"OBJECTID":381749,"PRIMENAME":"Interstate 80 Express","ELEVTYP_F":0,"ELEVTYP_T":1},"geometry":{"type":"LineString","coordinates":[[-74.058057496672,40.8708625609705],[-74.0584413824045,40.8712146267213],[-74.0588025467314,40.8715535270934],[-74.059019148481,40.8717718367519],[-74.0595118292912,40.8722703070821],[-74.059762364041,40.872530907787],[-74.0600106556631,40.872793901202],[-74.0600298899571,40.8728142734156],[-74.0602845456186,40.8730976442844],[-74.0606749478827,40.8735405452989],[-74.060924548619,40.8738399535318]]}},{"type":"Feature","id":381830,"properties":{"OBJECTID":381830,"PRIMENAME":"Interstate 80 Express","ELEVTYP_F":0,"ELEVTYP_T":1},"geometry":{"type":"LineString","coordinates":[[-74.0693437506725,40.8868051356988],[-74.0691788057913,40.8866511601914],[-74.0687106150189,40.8862249889565],[-74.0683472935538,40.8858958698841]]}},{"type":"Feature","id":381990,"properties":{"OBJECTID":381990,"PRIMENAME":"Washington Avenue","ELEVTYP_F":0,"ELEVTYP_T":0},"geometry":{"type":"LineString","coordinates":[[-74.0411954392335,40.8685829438144],[-74.0415554974162,40.8694760911463]]}},{"type":"Feature","id":382956,"properties":{"OBJECTID":382956,"PRIMENAME":"Division Place","ELEVTYP_F":0,"ELEVTYP_T":0},"geometry":{"type":"LineString","coordinates":[[-74.0544388840318,40.8735320848524],[-74.0544294599526,40.8735293221714],[-74.0544199845757,40.8735266625116],[-74.0544104598554,40.8735241064219],[-74.0544008877566,40.8735216544294],[-74.0543912702534,40.8735193070398],[-74.0543816093298,40.8735170647373],[-74.0543719069784,40.8735149279845],[-74.0543621652005,40.8735128972221]]}},{"type":"Feature","id":383356,"properties":{"OBJECTID":383356,"PRIMENAME":"Hackensack Avenue","ELEVTYP_F":0,"ELEVTYP_T":0},"geometry":{"type":"LineString","coordinates":[[-74.0331288825512,40.9105298458599],[-74.0331494010906,40.9106365097157],[-74.0331878742951,40.9108365004942]]}},{"type":"Feature","id":383933,"properties":{"OBJECTID":383933,"PRIMENAME":"State Highway 17","ELEVTYP_F":1,"ELEVTYP_T":1},"geometry":{"type":"LineString","coordinates":[[-74.062942040932,40.876345896622],[-74.0628996252903,40.876504750326]]}},{"type":"Feature","id":384048,"properties":{"OBJECTID":384048,"PRIMENAME":"Interstate 80","ELEVTYP_F":0,"ELEVTYP_T":1},"geometry":{"type":"LineString","coordinates":[[-74.0582229264512,40.870646839009],[-74.0580679048428,40.8705037110261],[-74.0579939792192,40.8704405679672]]}},{"type":"Feature","id":384049,"properties":{"OBJECTID":384049,"PRIMENAME":"Interstate 80 Express","ELEVTYP_F":0,"ELEVTYP_T":0},"geometry":{"type":"LineString","coordinates":[[-74.0628996252903,40.876504750326],[-74.0630484534918,40.8767335013843],[-74.063272687641,40.8770881185637],[-74.0633996654746,40.8772963362875],[-74.063526465348,40.8775207490282],[-74.0637082951046,40.8778297756353],[-74.0637289733402,40.877867349948],[-74.063860431245,40.8781062178449],[-74.0639653543765,40.8782976621707]]}},{"type":"Feature","id":384187,"properties":{"OBJECTID":384187,"PRIMENAME":"State Highway 17","ELEVTYP_F":0,"ELEVTYP_T":0},"geometry":{"type":"LineString","coordinates":[[-74.063610154751,40.8789517007498],[-74.0636734742706,40.8790790484053],[-74.0637577828183,40.8792486031243],[-74.0637825475337,40.8792994231328]]}},{"type":"Feature","id":384450,"properties":{"OBJECTID":384450,"PRIMENAME":"Interstate 80 Express","ELEVTYP_F":1,"ELEVTYP_T":0},"geometry":{"type":"LineString","coordinates":[[-74.0396330647688,40.8670643028012],[-74.0401661489664,40.8670537752526],[-74.040385908176,40.8670482606632],[-74.0409486791198,40.8670341365323],[-74.0417912837801,40.8670264088548],[-74.0419363354205,40.8670250793595],[-74.0423724517371,40.8670235989802],[-74.0425108211009,40.867024834093]]}},{"type":"Feature","id":384695,"properties":{"OBJECTID":384695,"PRIMENAME":"Hackensack Avenue","ELEVTYP_F":1,"ELEVTYP_T":1},"geometry":{"type":"LineString","coordinates":[[-74.0332259485415,40.9058441591019],[-74.0331943039791,40.9060069701058]]}},{"type":"Feature","id":385446,"properties":{"OBJECTID":385446,"PRIMENAME":"South River Street","ELEVTYP_F":0,"ELEVTYP_T":0},"geometry":{"type":"LineString","coordinates":[[-74.0351895715562,40.8590155404286],[-74.0352286502928,40.8592716409562],[-74.0352754424153,40.8595269949796],[-74.0354073728403,40.8601997287289],[-74.0355437851817,40.8608719471137],[-74.0357797364439,40.8621453166628],[-74.035835254899,40.8623811409638],[-74.0358997317339,40.86261564794],[-74.035973113126,40.8628486414911],[-74.0360553378048,40.8630799267804]]}},{"type":"Feature","id":385536,"properties":{"OBJECTID":385536,"PRIMENAME":"Interstate 80 Express","ELEVTYP_F":0,"ELEVTYP_T":1},"geometry":{"type":"LineString","coordinates":[[-74.035583920445,40.8670537447373],[-74.034886823491,40.8670660619468],[-74.034593079114,40.8670712522562],[-74.0333619550798,40.8670923282343],[-74.0326409437276,40.8671043414986],[-74.0321602615911,40.8671135095409],[-74.0320371563827,40.8671121014974],[-74.0317329039678,40.8671086189307]]}},{"type":"Feature","id":385637,"properties":{"OBJECTID":385637,"PRIMENAME":"East Grove Street","ELEVTYP_F":0,"ELEVTYP_T":0},"geometry":{"type":"LineString","coordinates":[[-74.0445386672683,40.8588213793465],[-74.0440348736218,40.8587657248867]]}},{"type":"Feature","id":385704,"properties":{"OBJECTID":385704,"PRIMENAME":"East State Highway 4","ELEVTYP_F":0,"ELEVTYP_T":1},"geometry":{"type":"LineString","coordinates":[[-74.0364044517505,40.9090331947711],[-74.0362381843685,40.9088991707768]]}},{"type":"Feature","id":385782,"properties":{"OBJECTID":385782,"PRIMENAME":"Interstate 80 Express","ELEVTYP_F":0,"ELEVTYP_T":0},"geometry":{"type":"LineString","coordinates":[[-74.0491683598759,40.867277559235],[-74.0487163651203,40.8672315980542],[-74.0474566805133,40.867129875815],[-74.0465705125788,40.8670717581096],[-74.0461281993688,40.8670427474673],[-74.0460254921381,40.8670380664799],[-74.04565217899,40.8670210482812],[-74.0451430395972,40.8669978368621],[-74.0449662513203,40.866989776526],[-74.0448165884407,40.8669849038152]]}},{"type":"Feature","id":385815,"properties":{"OBJECTID":385815,"PRIMENAME":"Hackensack Avenue","ELEVTYP_F":0,"ELEVTYP_T":0},"geometry":{"type":"LineString","coordinates":[[-74.033460484931,40.9045542247785],[-74.033391363964,40.9046650594806]]}},{"type":"Feature","id":386144,"properties":{"OBJECTID":386144,"PRIMENAME":"Interstate 80","ELEVTYP_F":0,"ELEVTYP_T":1},"geometry":{"type":"LineString","coordinates":[[-74.0708501835744,40.8879492953511],[-74.07063653235,40.887752786111],[-74.0703096972751,40.8874573948815],[-74.0699400710611,40.8871181431126],[-74.0693351831278,40.8865534481196],[-74.0688615455925,40.8861528395856],[-74.0685103496283,40.885840579952],[-74.0684823868973,40.8858149640471]]}},{"type":"Feature","id":386254,"properties":{"OBJECTID":386254,"PRIMENAME":"Interstate 80 Express","ELEVTYP_F":0,"ELEVTYP_T":0},"geometry":{"type":"LineString","coordinates":[[-74.0280675471273,40.8669737599637],[-74.0282895784266,40.8669960459001],[-74.0286100140401,40.8670265622547],[-74.028968921622,40.867057233928],[-74.0292551760998,40.8670843704542],[-74.0295414766743,40.8671050268555],[-74.029666384368,40.867112892995]]}},{"type":"Feature","id":386696,"properties":{"OBJECTID":386696,"PRIMENAME":"State Highway 17","ELEVTYP_F":0,"ELEVTYP_T":0},"geometry":{"type":"LineString","coordinates":[[-74.0661694114793,40.8842392681448],[-74.0662296144317,40.8843582128774],[-74.0663320423357,40.8845408892562],[-74.0664391499383,40.8847271520816],[-74.0665194306491,40.8848800262819],[-74.0665220337858,40.8848849819854],[-74.0665275307319,40.8848954465329],[-74.0665974429412,40.8850065223645],[-74.0666630837454,40.8851073813693]]}},{"type":"Feature","id":386889,"properties":{"OBJECTID":386889,"PRIMENAME":"Interstate 80 Express","ELEVTYP_F":0,"ELEVTYP_T":0},"geometry":{"type":"LineString","coordinates":[[-74.0297069453322,40.8670271691932],[-74.029292056683,40.8669976159354],[-74.0289097603021,40.8669662724826],[-74.0285029387537,40.866931094653],[-74.0280815181948,40.8668846831873],[-74.0277721175467,40.8668494447245],[-74.027674776794,40.866838358209],[-74.0275164107282,40.8668189417423]]}},{"type":"Feature","id":387008,"properties":{"OBJECTID":387008,"PRIMENAME":"Interstate 80","ELEVTYP_F":0,"ELEVTYP_T":0},"geometry":{"type":"LineString","coordinates":[[-74.0533822023377,40.8678262791054],[-74.0532882380555,40.8677975319631],[-74.0529545357022,40.8677104597951],[-74.0526490368894,40.8676342290458],[-74.052334053912,40.8675650968007],[-74.0520143221097,40.8675031101916],[-74.0516427782743,40.867440893397],[-74.0516186931717,40.8674373136672],[-74.0515547170857,40.8674278061953]]}},{"type":"Feature","id":387134,"properties":{"OBJECTID":387134,"PRIMENAME":"West Pleasant Avenue","ELEVTYP_F":0,"ELEVTYP_T":0},"geometry":{"type":"LineString","coordinates":[[-74.0654971478419,40.9064558645384],[-74.0656254908075,40.9065700154912],[-74.0660481794646,40.9068470327781]]}},{"type":"Feature","id":387260,"properties":{"OBJECTID":387260,"PRIMENAME":"Interstate 80 Express","ELEVTYP_F":1,"ELEVTYP_T":0},"geometry":{"type":"LineString","coordinates":[[-74.0565385258516,40.8694715559409],[-74.0563823250749,40.8693611901918],[-74.0561283667766,40.8692000737824],[-74.055825577325,40.8690090400549],[-74.0556914205559,40.8689340326906],[-74.0555372709113,40.8688478441005],[-74.0551511536277,40.8686490217528],[-74.0551280165488,40.8686382355443],[-74.0548773787077,40.868521396715],[-74.0545888275021,40.8683973909979],[-74.0545550433446,40.8683835997829],[-74.0542758241703,40.8682696130435],[-74.0540970620147,40.8682009038476],[-74.0539627341791,40.8681492717151],[-74.0535320767794,40.8680098642465],[-74.053258032574,40.8679231616441],[-74.0529495772982,40.8678400569935],[-74.0528651820555,40.8678187033535],[-74.0526656356077,40.8677682190654],[-74.052362035326,40.8677000370145],[-74.052033860719,40.8676354645778],[-74.0516708361189,40.8675723767863],[-74.0516175112996,40.8675631097737],[-74.051588792058,40.8675592355485]]}},{"type":"Feature","id":387673,"properties":{"OBJECTID":387673,"PRIMENAME":"Interstate 80 Express","ELEVTYP_F":0,"ELEVTYP_T":1},"geometry":{"type":"LineString","coordinates":[[-74.029666384368,40.867112892995],[-74.0299816530373,40.8671327613454],[-74.0305458143475,40.8671610258455],[-74.0309860243155,40.8671790665043],[-74.0313464272947,40.8671855205283],[-74.0314519755623,40.8671874109436],[-74.031733036859,40.8671923130653]]}},{"type":"Feature","id":387689,"properties":{"OBJECTID":387689,"PRIMENAME":"East State Highway 4","ELEVTYP_F":1,"ELEVTYP_T":0},"geometry":{"type":"LineString","coordinates":[[-74.0362381843685,40.9088991707768],[-74.0362068825195,40.9088739560884],[-74.0360484844979,40.9087386207248],[-74.0359106283864,40.9086208351449],[-74.0358082923108,40.9085300606989],[-74.0355848942263,40.9083256248391],[-74.0354115378242,40.9081569921402],[-74.0352001627637,40.9079461811375],[-74.0350016189607,40.9077322379851],[-74.0347987119418,40.9075214873951],[-74.0346171434809,40.9073274028382]]}},{"type":"Feature","id":387792,"properties":{"OBJECTID":387792,"PRIMENAME":"Interstate 80","ELEVTYP_F":0,"ELEVTYP_T":0},"geometry":{"type":"LineString","coordinates":[[-74.0658856120531,40.8816541354699],[-74.0658769802087,40.8816346488982],[-74.0656636097117,40.8811406077641],[-74.0654826505748,40.8807288994231],[-74.0651949704077,40.8800737511031],[-74.0649441586554,40.8795331223276],[-74.0649076510353,40.879458404904]]}},{"type":"Feature","id":387866,"properties":{"OBJECTID":387866,"PRIMENAME":"US Highway 46","ELEVTYP_F":0,"ELEVTYP_T":0},"geometry":{"type":"LineString","coordinates":[[-74.0669968973081,40.8710243355633],[-74.0669161034253,40.8709261753716],[-74.0668632781694,40.8708588052823],[-74.0666406089098,40.8705748314148],[-74.0665671977577,40.8704870192456],[-74.0663228899062,40.8701948069712],[-74.0662568979461,40.8701115244455]]}},{"type":"Feature","id":387907,"properties":{"OBJECTID":387907,"PRIMENAME":"Interstate 80 Express","ELEVTYP_F":1,"ELEVTYP_T":0},"geometry":{"type":"LineString","coordinates":[[-74.0681012136688,40.8856676272907],[-74.0679888644084,40.8855633106973],[-74.067832842191,40.8854175186022],[-74.0677256201893,40.885309158498],[-74.067564874579,40.885133566546],[-74.0674334235799,40.8849804273314],[-74.067316595701,40.8848422481254],[-74.0672387076019,40.884745142131],[-74.0672301072708,40.8847314437398],[-74.067170765887,40.8846369288778],[-74.0670395955456,40.8844353694073],[-74.0669086082498,40.8842114952889],[-74.0667874955778,40.8839765126711],[-74.0667099860014,40.8838272810363],[-74.0666617210046,40.8837079698359],[-74.0665795109989,40.8835252319136],[-74.0664295313338,40.8832082049045],[-74.0662313036989,40.8827644258544],[-74.066013732144,40.8822758874404],[-74.0658637953589,40.881947687342],[-74.0658112496767,40.8818260244638]]}},{"type":"Feature","id":387974,"properties":{"OBJECTID":387974,"PRIMENAME":"Interstate 80 Express","ELEVTYP_F":1,"ELEVTYP_T":1},"geometry":{"type":"LineString","coordinates":[[-74.0395976702137,40.8669749231096],[-74.0395470787712,40.8669757099933],[-74.0384974060951,40.8670012978399],[-74.0376620463182,40.8670158216949]]}},{"type":"Feature","id":388199,"properties":{"OBJECTID":388199,"PRIMENAME":"State Highway 17","ELEVTYP_F":0,"ELEVTYP_T":0},"geometry":{"type":"LineString","coordinates":[[-74.0632501874311,40.866451982638],[-74.0632385543986,40.8665441138252],[-74.063222960605,40.8667656546561],[-74.0632256072739,40.8670837760209],[-74.0632422715244,40.867409087469],[-74.0632719367803,40.8679131447652],[-74.0633054684665,40.8685387621608],[-74.0633269408123,40.8688533587189],[-74.0633474283891,40.8693180730267],[-74.0633469337814,40.8693933651499]]}},{"type":"Feature","id":388323,"properties":{"OBJECTID":388323,"PRIMENAME":"Interstate 80","ELEVTYP_F":1,"ELEVTYP_T":0},"geometry":{"type":"LineString","coordinates":[[-74.0579939792192,40.8704405679672],[-74.0575341769244,40.8700477603873],[-74.0571126430317,40.8697137304279],[-74.0568660142677,40.869533414813]]}},{"type":"Feature","id":388332,"properties":{"OBJECTID":388332,"PRIMENAME":"State Highway 17","ELEVTYP_F":0,"ELEVTYP_T":0},"geometry":{"type":"LineString","coordinates":[[-74.0635186014503,40.8733457788931],[-74.0635246931418,40.8735075397857],[-74.0635307556174,40.8736685143654],[-74.0635291595221,40.8739115450938],[-74.0635283380284,40.8740366293233],[-74.0635288156745,40.8740520578905]]}},{"type":"Feature","id":388357,"properties":{"OBJECTID":388357,"PRIMENAME":"Interstate 80 Express","ELEVTYP_F":1,"ELEVTYP_T":0},"geometry":{"type":"LineString","coordinates":[[-74.0376620463182,40.8670158216949],[-74.0376250519386,40.8670164677112],[-74.0372809998002,40.8670224736361],[-74.0361438392174,40.8670435509496],[-74.0357948070838,40.8670500178218],[-74.035583920445,40.8670537447373]]}},{"type":"Feature","id":388507,"properties":{"OBJECTID":388507,"PRIMENAME":"State Highway 17","ELEVTYP_F":0,"ELEVTYP_T":0},"geometry":{"type":"LineString","coordinates":[[-74.0654460608954,40.8827365188903],[-74.065565196034,40.8829832434244],[-74.0657742909589,40.8834129273896],[-74.0659322511349,40.8837423383655],[-74.066122706908,40.884146944522],[-74.0661694114793,40.8842392681448]]}},{"type":"Feature","id":388512,"properties":{"OBJECTID":388512,"PRIMENAME":"US Highway 46","ELEVTYP_F":1,"ELEVTYP_T":0},"geometry":{"type":"LineString","coordinates":[[-74.0651980650305,40.8687672639732],[-74.0649039978451,40.8684001163824]]}},{"type":"Feature","id":388525,"properties":{"OBJECTID":388525,"PRIMENAME":"US Highway 46","ELEVTYP_F":1,"ELEVTYP_T":0},"geometry":{"type":"LineString","coordinates":[[-74.0680688317484,40.8723622980445],[-74.0679762888906,40.8722454185946],[-74.0677847654439,40.8720195333435],[-74.0677627056944,40.8719920013028]]}},{"type":"Feature","id":388676,"properties":{"OBJECTID":388676,"PRIMENAME":"Interstate 80 Express","ELEVTYP_F":0,"ELEVTYP_T":1},"geometry":{"type":"LineString","coordinates":[[-74.0355990234665,40.8671380989267],[-74.0361465572216,40.867128186673],[-74.036424718639,40.867123151322],[-74.0374680172477,40.8671046109509],[-74.0376244627738,40.8671011711972],[-74.037696031173,40.8670995965799]]}},{"type":"Feature","id":388818,"properties":{"OBJECTID":388818,"PRIMENAME":"West Pleasant Avenue","ELEVTYP_F":0,"ELEVTYP_T":0},"geometry":{"type":"LineString","coordinates":[[-74.0643792197515,40.9057126032309],[-74.0654971478419,40.9064558645384]]}},{"type":"Feature","id":389379,"properties":{"OBJECTID":389379,"PRIMENAME":"Interstate 80","ELEVTYP_F":0,"ELEVTYP_T":0},"geometry":{"type":"LineString","coordinates":[[-74.0641519770678,40.8779536575796],[-74.0641103931382,40.877868792002],[-74.0640889543395,40.8778250387796],[-74.0639120591581,40.8775133954609],[-74.0635725906293,40.8769732522823],[-74.0633431249346,40.8766053306731],[-74.0630124706468,40.8761120478501]]}},{"type":"Feature","id":389594,"properties":{"OBJECTID":389594,"PRIMENAME":"Interstate 80","ELEVTYP_F":0,"ELEVTYP_T":0},"geometry":{"type":"LineString","coordinates":[[-74.044019633714,40.8668351846913],[-74.0438254115393,40.8668327606036]]}},{"type":"Feature","id":389689,"properties":{"OBJECTID":389689,"PRIMENAME":"State Highway 17","ELEVTYP_F":0,"ELEVTYP_T":0},"geometry":{"type":"LineString","coordinates":[[-74.0634989783778,40.8728247906922],[-74.0635186014503,40.8733457788931]]}},{"type":"Feature","id":389708,"properties":{"OBJECTID":389708,"PRIMENAME":"Hackensack Avenue","ELEVTYP_F":1,"ELEVTYP_T":0},"geometry":{"type":"LineString","coordinates":[[-74.0331943039791,40.9060069701058],[-74.0331286047822,40.9064856692179],[-74.0330868425692,40.9067899367476]]}},{"type":"Feature","id":389765,"properties":{"OBJECTID":389765,"PRIMENAME":"Interstate 80","ELEVTYP_F":0,"ELEVTYP_T":0},"geometry":{"type":"LineString","coordinates":[[-74.0491735515824,40.8671517238907],[-74.0487730435759,40.867111618834],[-74.0474884364316,40.8670065060595],[-74.0462084227014,40.8669228342337],[-74.0450035198914,40.8668644794691],[-74.0447670226613,40.8668572324525]]}},{"type":"Feature","id":389833,"properties":{"OBJECTID":389833,"PRIMENAME":"Interstate 80 Express","ELEVTYP_F":1,"ELEVTYP_T":0},"geometry":{"type":"LineString","coordinates":[[-74.0317329039678,40.8671086189307],[-74.0316502513793,40.867107734917],[-74.0313491605962,40.8671020496731],[-74.0311501027276,40.8670982913752],[-74.0306794029247,40.8670814448262],[-74.0302627033989,40.8670574045843],[-74.0298459765958,40.8670370964902],[-74.0297069453322,40.8670271691932]]}},{"type":"Feature","id":389846,"properties":{"OBJECTID":389846,"PRIMENAME":"Interstate 80 Express","ELEVTYP_F":0,"ELEVTYP_T":0},"geometry":{"type":"LineString","coordinates":[[-74.0658112496767,40.8818260244638],[-74.0656850176979,40.881533736161],[-74.0655254538638,40.8811794494843],[-74.0653368195495,40.8807692213596],[-74.0650271239675,40.8801239544539],[-74.065023650182,40.8801162847174],[-74.0648186829389,40.8796637510966],[-74.0647804975794,40.8795794434501],[-74.0645626164928,40.8791467595798],[-74.0644789329522,40.8789753247138],[-74.0643496450435,40.8787103609545],[-74.0641557763617,40.8783559435526],[-74.0640432546198,40.8781539574372]]}},{"type":"Feature","id":390170,"properties":{"OBJECTID":390170,"PRIMENAME":"Interstate 80","ELEVTYP_F":1,"ELEVTYP_T":0},"geometry":{"type":"LineString","coordinates":[[-74.0395451836242,40.8668422153766],[-74.0395187483829,40.8668427141304],[-74.0388444838118,40.8668665908593]]}},{"type":"Feature","id":390615,"properties":{"OBJECTID":390615,"PRIMENAME":"Interstate 80","ELEVTYP_F":1,"ELEVTYP_T":0},"geometry":{"type":"LineString","coordinates":[[-74.0376137697208,40.8668969915431],[-74.0372019081313,40.8669049200811],[-74.0357704697941,40.866931338177],[-74.0355626223217,40.8669347963076]]}},{"type":"Feature","id":390879,"properties":{"OBJECTID":390879,"PRIMENAME":"River Street Extension","ELEVTYP_F":0,"ELEVTYP_T":0},"geometry":{"type":"LineString","coordinates":[[-74.0351895715562,40.8590155404286],[-74.0352257227963,40.8587936195478],[-74.0352269107504,40.8587607786865]]}},{"type":"Feature","id":391011,"properties":{"OBJECTID":391011,"PRIMENAME":"Interstate 80 Express","ELEVTYP_F":0,"ELEVTYP_T":0},"geometry":{"type":"LineString","coordinates":[[-74.0275164107282,40.8668189417423],[-74.0272168698655,40.8667822148101],[-74.0267340820083,40.8667116385391],[-74.0260138615683,40.8666081614261],[-74.0248772514374,40.8664433729144],[-74.0241815607781,40.8663437182632],[-74.0241400207101,40.8663375842251],[-74.0235593980406,40.8662518297718],[-74.0228428285233,40.8661498032651]]}},{"type":"Feature","id":391067,"properties":{"OBJECTID":391067,"PRIMENAME":"State Highway 17","ELEVTYP_F":0,"ELEVTYP_T":0},"geometry":{"type":"LineString","coordinates":[[-74.0633857027429,40.8709173949115],[-74.0634007622936,40.8712340266577],[-74.0634259559155,40.8715988970562]]}},{"type":"Feature","id":391176,"properties":{"OBJECTID":391176,"PRIMENAME":"Interstate 80 Express","ELEVTYP_F":0,"ELEVTYP_T":0},"geometry":{"type":"LineString","coordinates":[[-74.0639653543765,40.8782976621707],[-74.0640886098133,40.8785225264543],[-74.0642447470763,40.8788346953136],[-74.0643390102415,40.8790140484913],[-74.0643883755928,40.8791078923133],[-74.0645107442416,40.8793582541795],[-74.0646499216437,40.8796541346657],[-74.0649153417564,40.8802555643406],[-74.0652272385666,40.8809513194062],[-74.0654928630628,40.8815397649032],[-74.0657156661408,40.8820469667215]]}},{"type":"Feature","id":391679,"properties":{"OBJECTID":391679,"PRIMENAME":"Interstate 80 Express","ELEVTYP_F":0,"ELEVTYP_T":0},"geometry":{"type":"LineString","coordinates":[[-74.0441786668182,40.8670549157517],[-74.0445439868505,40.8670646107362],[-74.0448509487641,40.8670733718598]]}},{"type":"Feature","id":391968,"properties":{"OBJECTID":391968,"PRIMENAME":"Jackson Avenue","ELEVTYP_F":0,"ELEVTYP_T":0},"geometry":{"type":"LineString","coordinates":[[-74.0407170259323,40.867377595212],[-74.0408235687393,40.8673795677909],[-74.0409299496803,40.8673844415906],[-74.041036031718,40.8673922103328],[-74.0411416782003,40.8674028640102],[-74.0412271106578,40.8674106410142],[-74.0413119672842,40.8674214573501],[-74.0413960605644,40.8674352891161],[-74.04147920467,40.867452105747],[-74.0415066962534,40.8674547193831],[-74.0415336485873,40.8674595928267],[-74.0415597403357,40.8674666679749],[-74.0415846604223,40.8674758604749],[-74.0416081117397,40.8674870607303],[-74.0416298146911,40.8675001352072],[-74.0416495105241,40.8675149280264],[-74.0416669644156,40.8675312628218],[-74.0416815321744,40.8675483658816],[-74.0416936397303,40.8675665409971],[-74.0417031517264,40.8675855849819],[-74.0417099618223,40.8676052849361],[-74.0418862996258,40.8680314238405],[-74.0418960414958,40.8680643755149],[-74.0419014708828,40.8680978944143],[-74.041902535228,40.8681316561021],[-74.0418992242228,40.8681653337914],[-74.0418915699086,40.8681986015075],[-74.0418796463671,40.8682311372438],[-74.0418635690031,40.8682626260781],[-74.0418434934285,40.868292763221],[-74.0418245606105,40.8683158406784],[-74.0418032813211,40.8683377083157],[-74.0417797890432,40.868358228957],[-74.041754231142,40.8683772738764]]}},{"type":"Feature","id":392779,"properties":{"OBJECTID":392779,"PRIMENAME":"Interstate 80 Express","ELEVTYP_F":0,"ELEVTYP_T":0},"geometry":{"type":"LineString","coordinates":[[-74.0448165884407,40.8669849038152],[-74.0441818629405,40.8669642256231],[-74.0441113782525,40.8669619460015]]}},{"type":"Feature","id":392815,"properties":{"OBJECTID":392815,"PRIMENAME":"US Highway 46","ELEVTYP_F":0,"ELEVTYP_T":1},"geometry":{"type":"LineString","coordinates":[[-74.062438836209,40.8652603431264],[-74.0623446861605,40.8651330900715],[-74.0622878145008,40.8650602792389]]}},{"type":"Feature","id":393313,"properties":{"OBJECTID":393313,"PRIMENAME":"Interstate 80","ELEVTYP_F":0,"ELEVTYP_T":0},"geometry":{"type":"LineString","coordinates":[[-74.0264696678666,40.8665248945053],[-74.0260233371182,40.8664556644781],[-74.0249150307484,40.8662923642058],[-74.0242196664399,40.8661927390457],[-74.0235973973043,40.8661008233028],[-74.0228794934461,40.8659986537253]]}},{"type":"Feature","id":394012,"properties":{"OBJECTID":394012,"PRIMENAME":"State Highway 17","ELEVTYP_F":0,"ELEVTYP_T":0},"geometry":{"type":"LineString","coordinates":[[-74.0635318496325,40.8787877233427],[-74.0635672512435,40.8788654296138],[-74.063610154751,40.8789517007498]]}},{"type":"Feature","id":394037,"properties":{"OBJECTID":394037,"PRIMENAME":"State Highway 17","ELEVTYP_F":1,"ELEVTYP_T":1},"geometry":{"type":"LineString","coordinates":[[-74.0628996252903,40.876504750326],[-74.0628903190309,40.8765396859679],[-74.062870514413,40.8766861632631],[-74.0628625293478,40.8767949424871]]}},{"type":"Feature","id":395024,"properties":{"OBJECTID":395024,"PRIMENAME":"Interstate 80 Express","ELEVTYP_F":1,"ELEVTYP_T":0},"geometry":{"type":"LineString","coordinates":[[-74.0578296597188,40.8706536047613],[-74.058057496672,40.8708625609705]]}},{"type":"Feature","id":395373,"properties":{"OBJECTID":395373,"PRIMENAME":"Interstate 80","ELEVTYP_F":0,"ELEVTYP_T":0},"geometry":{"type":"LineString","coordinates":[[-74.0297738262479,40.8668858028733],[-74.0293867865439,40.8668554295906],[-74.0290150758495,40.8668253103233],[-74.0285304136574,40.8667840231614],[-74.0281117285168,40.8667394349341],[-74.0277024452229,40.8666948557665],[-74.0272273497756,40.8666357322865],[-74.026757006125,40.8665694623093],[-74.0264696678666,40.8665248945053]]}},{"type":"Feature","id":396281,"properties":{"OBJECTID":396281,"PRIMENAME":"US Highway 46","ELEVTYP_F":0,"ELEVTYP_T":1},"geometry":{"type":"LineString","coordinates":[[-74.0644851033719,40.8678690089781],[-74.0643048751442,40.8676415322234],[-74.0642402719032,40.8675599909602],[-74.0642327052162,40.8675504649553]]}},{"type":"Feature","id":396333,"properties":{"OBJECTID":396333,"PRIMENAME":"US Highway 46","ELEVTYP_F":1,"ELEVTYP_T":0},"geometry":{"type":"LineString","coordinates":[[-74.0632658993557,40.8663279983878],[-74.063189670964,40.8662299896931],[-74.0631318757332,40.8661569947759],[-74.0630449031084,40.8660471496116],[-74.0628907819719,40.8658571368751],[-74.0627273899979,40.865642026792],[-74.0625594670324,40.8654233870608],[-74.062438836209,40.8652603431264]]}},{"type":"Feature","id":396588,"properties":{"OBJECTID":396588,"PRIMENAME":"Hackensack Avenue","ELEVTYP_F":0,"ELEVTYP_T":1},"geometry":{"type":"LineString","coordinates":[[-74.0332973664203,40.9054068252283],[-74.0332259485415,40.9058441591019]]}},{"type":"Feature","id":401018,"properties":{"OBJECTID":401018,"PRIMENAME":"South River Street","ELEVTYP_F":0,"ELEVTYP_T":0},"geometry":{"type":"LineString","coordinates":[[-74.0351276523386,40.858756584609],[-74.0351895715562,40.8590155404286]]}},{"type":"Feature","id":401594,"properties":{"OBJECTID":401594,"PRIMENAME":"Division Place","ELEVTYP_F":0,"ELEVTYP_T":0},"geometry":{"type":"LineString","coordinates":[[-74.0553601157867,40.8739141888226],[-74.0552821890277,40.8738814435753],[-74.0545356279728,40.8735676158603],[-74.054488148671,40.8735484498898],[-74.0544388840318,40.8735320848524]]}},{"type":"Feature","id":402841,"properties":{"OBJECTID":402841,"PRIMENAME":"Taylor Avenue","ELEVTYP_F":0,"ELEVTYP_T":0},"geometry":{"type":"LineString","coordinates":[[-74.0430875633154,40.8665123053668],[-74.0428291887443,40.8658428601054]]}},{"type":"Feature","id":402842,"properties":{"OBJECTID":402842,"PRIMENAME":"Taylor Avenue","ELEVTYP_F":0,"ELEVTYP_T":0},"geometry":{"type":"LineString","coordinates":[[-74.0428291887443,40.8658428601054],[-74.0423798482455,40.8647106080933]]}},{"type":"Feature","id":402843,"properties":{"OBJECTID":402843,"PRIMENAME":"Taylor Avenue","ELEVTYP_F":0,"ELEVTYP_T":0},"geometry":{"type":"LineString","coordinates":[[-74.0422596466545,40.8644033589078],[-74.0422500802221,40.8643787974997],[-74.0421241852064,40.8640588959568],[-74.0418634627874,40.8633963841582],[-74.0418605082098,40.8633726963925],[-74.0418654934121,40.8633492055927],[-74.0418780981023,40.8633274209716],[-74.0418975124611,40.8633087421236],[-74.0419224891719,40.863294369106],[-74.041951423558,40.8632852253393],[-74.0419824566774,40.8632818982809],[-74.0420135947527,40.8632846016836],[-74.0420515698284,40.86329282157]]}},{"type":"Feature","id":409204,"properties":{"OBJECTID":409204,"PRIMENAME":"Kinderkamack Road","ELEVTYP_F":0,"ELEVTYP_T":0},"geometry":{"type":"LineString","coordinates":[[-74.0361614065143,40.9089978438691],[-74.0361449060101,40.9090213890948],[-74.036128924856,40.9090451396138],[-74.0361285781087,40.9090456677506],[-74.0361099914468,40.9090746055641],[-74.0360921756722,40.9091038211211],[-74.0360918549505,40.9091043619704],[-74.0360863565099,40.9091137084171],[-74.0360703337151,40.9091419045535],[-74.0360700644438,40.9091423870731],[-74.0360692181417,40.9091439065219],[-74.0360507440009,40.9091785669471],[-74.0360386285558,40.9092026548265],[-74.0360270261205,40.9092268876374],[-74.0360266283621,40.9092277505784],[-74.0360159396481,40.9092512591187],[-74.0360105907334,40.9092634951717],[-74.0360083760278,40.909267863001]]}},{"type":"Feature","id":409205,"properties":{"OBJECTID":409205,"PRIMENAME":"East State Highway 4","ELEVTYP_F":1,"ELEVTYP_T":0},"geometry":{"type":"LineString","coordinates":[[-74.0361614065143,40.9089978438691],[-74.0363422908523,40.9091394086238]]}},{"type":"Feature","id":409206,"properties":{"OBJECTID":409206,"PRIMENAME":"Hackensack Avenue","ELEVTYP_F":0,"ELEVTYP_T":0},"geometry":{"type":"LineString","coordinates":[[-74.0331878742951,40.9108365004942],[-74.0332248935351,40.91102163958]]}},{"type":"Feature","id":409231,"properties":{"OBJECTID":409231,"PRIMENAME":"River Road","ELEVTYP_F":0,"ELEVTYP_T":0},"geometry":{"type":"LineString","coordinates":[[-74.0318517196561,40.8834074284908],[-74.0318120777999,40.8836134003236]]}},{"type":"Feature","id":409244,"properties":{"OBJECTID":409244,"PRIMENAME":"Interstate 80","ELEVTYP_F":0,"ELEVTYP_T":0},"geometry":{"type":"LineString","coordinates":[[-74.0558390446498,40.869339427429],[-74.0559422920612,40.8694054197944],[-74.0561345566446,40.869534843201],[-74.056321976895,40.8696642746688],[-74.0565562862944,40.8698331113415],[-74.056785765375,40.870016284965],[-74.0571744173231,40.8703358888149],[-74.0574412921557,40.8705620808291]]}},{"type":"Feature","id":409245,"properties":{"OBJECTID":409245,"PRIMENAME":"Interstate 80 Express","ELEVTYP_F":0,"ELEVTYP_T":1},"geometry":{"type":"LineString","coordinates":[[-74.0563027995502,40.8694270294044],[-74.0564685664834,40.8695452958242],[-74.0567197359279,40.8697182594699],[-74.0569536224982,40.8699074619084],[-74.0573405965643,40.8702237644738],[-74.0576084281865,40.8704584422485],[-74.057742681123,40.8705764814852],[-74.0578123719226,40.8706377550958],[-74.0578296597188,40.8706536047613]]}},{"type":"Feature","id":409246,"properties":{"OBJECTID":409246,"PRIMENAME":"Interstate 80 Express","ELEVTYP_F":1,"ELEVTYP_T":0},"geometry":{"type":"LineString","coordinates":[[-74.0578909741425,40.8705740988022],[-74.0574070290246,40.8701469413936],[-74.0569533854947,40.8697803419001],[-74.0566312686558,40.8695370831343],[-74.0565385258516,40.8694715559409]]}},{"type":"Feature","id":409247,"properties":{"OBJECTID":409247,"PRIMENAME":"Interstate 80","ELEVTYP_F":0,"ELEVTYP_T":0},"geometry":{"type":"LineString","coordinates":[[-74.0516566892012,40.867821115214],[-74.0518557708993,40.8678565094814],[-74.0520967712642,40.8678992788551],[-74.0523253524753,40.8679443320037],[-74.0525929848129,40.868005813988],[-74.052755576727,40.8680455878263],[-74.0528458620679,40.8680676776314],[-74.0531063341058,40.8681347304141],[-74.0534084417128,40.8682316167131],[-74.0535663157063,40.868279660893],[-74.0537787034531,40.8683565448909],[-74.0538710215262,40.8683883859292]]}},{"type":"Feature","id":409248,"properties":{"OBJECTID":409248,"PRIMENAME":"Interstate 80 Express","ELEVTYP_F":0,"ELEVTYP_T":1},"geometry":{"type":"LineString","coordinates":[[-74.0491648391785,40.8673648071573],[-74.0495482266348,40.8674023458144],[-74.0502530846924,40.8674797319245],[-74.0509708451179,40.8675636687767],[-74.0515474696808,40.8676437861688],[-74.0516137711402,40.8676555793262]]}},{"type":"Feature","id":409249,"properties":{"OBJECTID":409249,"PRIMENAME":"Green Street","ELEVTYP_F":0,"ELEVTYP_T":0},"geometry":{"type":"LineString","coordinates":[[-74.0580784882109,40.8703310068972],[-74.0579939792192,40.8704405679672]]}},{"type":"Feature","id":409250,"properties":{"OBJECTID":409250,"PRIMENAME":"South Main Street","ELEVTYP_F":0,"ELEVTYP_T":0},"geometry":{"type":"LineString","coordinates":[[-74.0464596600463,40.8702063038189],[-74.0464808712441,40.8701403484177],[-74.046488703923,40.8701159494501]]}},{"type":"Feature","id":409251,"properties":{"OBJECTID":409251,"PRIMENAME":"West Franklin Street","ELEVTYP_F":0,"ELEVTYP_T":0},"geometry":{"type":"LineString","coordinates":[[-74.046488703923,40.8701159494501],[-74.0463778528964,40.8700932856901]]}},{"type":"Feature","id":409252,"properties":{"OBJECTID":409252,"PRIMENAME":"East Wesley Street","ELEVTYP_F":0,"ELEVTYP_T":0},"geometry":{"type":"LineString","coordinates":[[-74.0451724183867,40.8683437642311],[-74.0451526687736,40.8683395689471],[-74.0451007607653,40.8683289086262]]}},{"type":"Feature","id":409253,"properties":{"OBJECTID":409253,"PRIMENAME":"Porter Avenue","ELEVTYP_F":0,"ELEVTYP_T":0},"geometry":{"type":"LineString","coordinates":[[-74.0643659333834,40.88696884085],[-74.0646490238634,40.8866892333944]]}},{"type":"Feature","id":409254,"properties":{"OBJECTID":409254,"PRIMENAME":"Interstate 80","ELEVTYP_F":0,"ELEVTYP_T":0},"geometry":{"type":"LineString","coordinates":[[-74.0656244312128,40.8822578542103],[-74.0656697468423,40.8823594108638],[-74.0658395526995,40.8827408285273]]}},{"type":"Feature","id":409293,"properties":{"OBJECTID":409293,"PRIMENAME":"Interstate 80","ELEVTYP_F":1,"ELEVTYP_T":0},"geometry":{"type":"LineString","coordinates":[[-74.0355626223217,40.8669347963076],[-74.03456032663,40.866951468528],[-74.0340934114493,40.8669621825176]]}},{"type":"Feature","id":409368,"properties":{"OBJECTID":409368,"PRIMENAME":"Essex Street","ELEVTYP_F":0,"ELEVTYP_T":0},"geometry":{"type":"LineString","coordinates":[[-74.0685027401863,40.8894230774007],[-74.0681058665018,40.8891844851209]]}},{"type":"Feature","id":410426,"properties":{"OBJECTID":410426,"PRIMENAME":"Maple Avenue","ELEVTYP_F":null,"ELEVTYP_T":null},"geometry":{"type":"LineString","coordinates":[[-74.0438583798688,40.8951808470054],[-74.0435702220629,40.8950082689042]]}},{"type":"Feature","id":410427,"properties":{"OBJECTID":410427,"PRIMENAME":"Linden Street","ELEVTYP_F":0,"ELEVTYP_T":0},"geometry":{"type":"LineString","coordinates":[[-74.0445661075746,40.8945022467336],[-74.0444908438704,40.8945787335786],[-74.0444450588444,40.8946252624075],[-74.0438806012377,40.8951598031057],[-74.0438583798688,40.8951808470054]]}},{"type":"Feature","id":410644,"properties":{"OBJECTID":410644,"PRIMENAME":"Interstate 80 Express","ELEVTYP_F":1,"ELEVTYP_T":1},"geometry":{"type":"LineString","coordinates":[[-74.0683472935538,40.8858958698841],[-74.0683350778697,40.8858848039157],[-74.0682688799614,40.8858233301279],[-74.0681012136688,40.8856676272907]]}},{"type":"Feature","id":410645,"properties":{"OBJECTID":410645,"PRIMENAME":"Gregg Street","ELEVTYP_F":0,"ELEVTYP_T":0},"geometry":{"type":"LineString","coordinates":[[-74.0683472935538,40.8858958698841],[-74.068228538177,40.8859669908149]]}},{"type":"Feature","id":410646,"properties":{"OBJECTID":410646,"PRIMENAME":"Interstate 80","ELEVTYP_F":1,"ELEVTYP_T":1},"geometry":{"type":"LineString","coordinates":[[-74.0684823868973,40.8858149640471],[-74.0683183880285,40.885664734489],[-74.0680984620276,40.8854566129964],[-74.0679440126251,40.8853023462892],[-74.0679433668345,40.8853016576372]]}},{"type":"Feature","id":410647,"properties":{"OBJECTID":410647,"PRIMENAME":"Gregg Street","ELEVTYP_F":0,"ELEVTYP_T":0},"geometry":{"type":"LineString","coordinates":[[-74.0684823868973,40.8858149640471],[-74.0683472935538,40.8858958698841]]}},{"type":"Feature","id":410702,"properties":{"OBJECTID":410702,"PRIMENAME":"Oak Avenue","ELEVTYP_F":0,"ELEVTYP_T":0},"geometry":{"type":"LineString","coordinates":[[-74.0631847983804,40.9035176880048],[-74.0631021632157,40.9036006286311],[-74.0630296468916,40.9036717495184],[-74.0629561586218,40.9037422938032],[-74.0628817063676,40.9038122538405],[-74.0628062981949,40.903881622048]]}},{"type":"Feature","id":410804,"properties":{"OBJECTID":410804,"PRIMENAME":"Catherine Street","ELEVTYP_F":0,"ELEVTYP_T":0},"geometry":{"type":"LineString","coordinates":[[-74.0656549489801,40.860339459973],[-74.0641130130187,40.8623103131012]]}},{"type":"Feature","id":410805,"properties":{"OBJECTID":410805,"PRIMENAME":"Teterboro Landing Drive","ELEVTYP_F":0,"ELEVTYP_T":0},"geometry":{"type":"LineString","coordinates":[[-74.0641130130187,40.8623103131012],[-74.0621176602728,40.8614252541574],[-74.0620704375757,40.8614070325119],[-74.0620218932368,40.8613909367682],[-74.0619721931219,40.8613770219215],[-74.0619215070452,40.8613653355158],[-74.0605086375613,40.8610718096925],[-74.0604496497725,40.8610580187095],[-74.0603925009819,40.8610403185382],[-74.0603376396483,40.8610188480762],[-74.0602854962793,40.8609937758071],[-74.0596931162637,40.8606575175242]]}},{"type":"Feature","id":410806,"properties":{"OBJECTID":410806,"PRIMENAME":"Catherine Street","ELEVTYP_F":0,"ELEVTYP_T":0},"geometry":{"type":"LineString","coordinates":[[-74.0641130130187,40.8623103131012],[-74.0627553224409,40.8640455550857]]}},{"type":"Feature","id":410807,"properties":{"OBJECTID":410807,"PRIMENAME":"Green Street","ELEVTYP_F":0,"ELEVTYP_T":0},"geometry":{"type":"LineString","coordinates":[[-74.0625523779895,40.8643489058419],[-74.0625369411368,40.864391266212],[-74.0625239370091,40.8644340946838],[-74.0624401461671,40.8647624907589],[-74.0624299611865,40.8647919887434],[-74.0624183963517,40.8648211920696],[-74.0624054663876,40.8648500635497],[-74.0623911877577,40.8648785664182],[-74.0623755786431,40.864906664379],[-74.062358658919,40.8649343216516],[-74.0623404501297,40.8649615030166],[-74.0623209754611,40.8649881738607],[-74.0622770462191,40.865046495661]]}},{"type":"Feature","id":410809,"properties":{"OBJECTID":410809,"PRIMENAME":"Bergen Town Center","ELEVTYP_F":0,"ELEVTYP_T":0},"geometry":{"type":"LineString","coordinates":[[-74.0619000099788,40.91601578801],[-74.0610220693585,40.9157799329838],[-74.060953677463,40.915762957093],[-74.0608883261209,40.9157401056949],[-74.0608268891157,40.9157116843263],[-74.0607701878905,40.9156780729977],[-74.0597941790299,40.9150893816163],[-74.0597547406316,40.9150627184723],[-74.0597183109704,40.9150336963997],[-74.0596851344334,40.9150025100954],[-74.0596554335832,40.9149693687751],[-74.0596333880854,40.9149425432671],[-74.0595906973512,40.9148987417739],[-74.0595436603042,40.9148575817433],[-74.0594925598713,40.9148193107453],[-74.0594377034185,40.9147841589726],[-74.0593794209019,40.9147523378559],[-74.0593180628829,40.9147240387924],[-74.0592539984203,40.9146994319947],[-74.0591876128498,40.914678665467],[-74.0591157134118,40.9146586259473],[-74.0590697280066,40.9146431157747],[-74.0590254483844,40.914624972711],[-74.05898313602,40.9146043038931],[-74.0589430407706,40.9145812313728],[-74.0583866043414,40.9142500747573],[-74.0583413118456,40.9142146345065],[-74.0583000238944,40.9141764830256],[-74.058263021421,40.9141358799129],[-74.0582305561973,40.9140931014486],[-74.0581447971577,40.9139677900005],[-74.0581330444593,40.9139490711924],[-74.0581191345943,40.9139312236103],[-74.058103178775,40.9139143899475],[-74.0580853045711,40.9138987047904],[-74.0580656548894,40.9138842935431],[-74.0580443868318,40.9138712714246],[-74.0580216704387,40.9138597425476],[-74.0579976873299,40.9138497990863],[-74.0571322903863,40.9134909139969],[-74.0571056979581,40.9134833645078],[-74.0570773814604,40.9134817785344]]}},{"type":"Feature","id":415095,"properties":{"OBJECTID":415095,"PRIMENAME":"Unnamed Segment","ELEVTYP_F":0,"ELEVTYP_T":0},"geometry":{"type":"LineString","coordinates":[[-74.0416005990693,40.8810870654387],[-74.0408265727616,40.8811092385402],[-74.0397478835458,40.881238246701],[-74.039593651408,40.8812566916765],[-74.0387988265506,40.8818262676375],[-74.0394040496987,40.8823824841403],[-74.0399082610541,40.8826054401091],[-74.0413657911246,40.8830314671649]]}},{"type":"Feature","id":415102,"properties":{"OBJECTID":415102,"PRIMENAME":"Midtown Bridge Approach","ELEVTYP_F":0,"ELEVTYP_T":0},"geometry":{"type":"LineString","coordinates":[[-74.039336108315,40.8837774752682],[-74.038411555376,40.8835487432009],[-74.0375371964108,40.8833272105078],[-74.037511604997,40.8833199231633],[-74.0373732319065,40.8832764004392],[-74.0372386142057,40.8832265533123],[-74.0371171265172,40.8831746449552],[-74.0369997062569,40.883117599326],[-74.0368867301457,40.8830555994503],[-74.0367785606431,40.8829888442485]]}},{"type":"Feature","id":415110,"properties":{"OBJECTID":415110,"PRIMENAME":"Salem Street Extension","ELEVTYP_F":0,"ELEVTYP_T":0},"geometry":{"type":"LineString","coordinates":[[-74.0367785606431,40.8829888442485],[-74.0369274244464,40.883113560573],[-74.0370723926344,40.8832408930206],[-74.0372133853987,40.8833707715116],[-74.0373503251173,40.8835031245646],[-74.0375092435824,40.8836591395766],[-74.0377888091527,40.8839358533583],[-74.0380663801428,40.8842137219872],[-74.0381432196905,40.8842892787064],[-74.0382235311066,40.8843627263537],[-74.038307213978,40.8844339730874],[-74.0383941636744,40.8845029298172],[-74.0384842714798,40.8845695103164],[-74.0385774247279,40.8846336313292],[-74.0386735069435,40.884695212675],[-74.0387723979874,40.8847541773488]]}},{"type":"Feature","id":415114,"properties":{"OBJECTID":415114,"PRIMENAME":"West Pleasant Avenue","ELEVTYP_F":0,"ELEVTYP_T":0},"geometry":{"type":"LineString","coordinates":[[-74.0620132284173,40.9040534368727],[-74.0619641337712,40.9040211893957],[-74.0619627652094,40.9040202899365],[-74.0614981170127,40.9037150805717],[-74.0614971254559,40.9037144301959],[-74.061453210064,40.9036855838147],[-74.0613320269983,40.9036561364491]]}},{"type":"Feature","id":415130,"properties":{"OBJECTID":415130,"PRIMENAME":"Passaic Court","ELEVTYP_F":0,"ELEVTYP_T":0},"geometry":{"type":"LineString","coordinates":[[-74.0628529123393,40.903316313189],[-74.0627973014326,40.9033725741238],[-74.0626342225529,40.9035375598078],[-74.062483894957,40.9036842518208]]}},{"type":"Feature","id":415153,"properties":{"OBJECTID":415153,"PRIMENAME":"Haynes Street","ELEVTYP_F":0,"ELEVTYP_T":0},"geometry":{"type":"LineString","coordinates":[[-74.0505356263523,40.8938427260247],[-74.0504746422294,40.8939010098554],[-74.05030868554,40.8940594938826],[-74.0498576968358,40.8944901640113]]}},{"type":"Feature","id":415165,"properties":{"OBJECTID":415165,"PRIMENAME":"State Street","ELEVTYP_F":0,"ELEVTYP_T":0},"geometry":{"type":"LineString","coordinates":[[-74.0469647574199,40.8793910853545],[-74.0467295694857,40.8798788143597],[-74.0466959867526,40.8799484557285],[-74.0466657046766,40.8800085604309]]}},{"type":"Feature","id":415174,"properties":{"OBJECTID":415174,"PRIMENAME":"Park Avenue","ELEVTYP_F":0,"ELEVTYP_T":0},"geometry":{"type":"LineString","coordinates":[[-74.039336108315,40.8837774752682],[-74.0387723979874,40.8847541773488]]}},{"type":"Feature","id":415175,"properties":{"OBJECTID":415175,"PRIMENAME":"Midtown Bridge Approach","ELEVTYP_F":0,"ELEVTYP_T":0},"geometry":{"type":"LineString","coordinates":[[-74.0401146894983,40.8839700869859],[-74.039336108315,40.8837774752682]]}},{"type":"Feature","id":415176,"properties":{"OBJECTID":415176,"PRIMENAME":"Salem Street Extension","ELEVTYP_F":0,"ELEVTYP_T":0},"geometry":{"type":"LineString","coordinates":[[-74.0387723979874,40.8847541773488],[-74.0388487961274,40.8847968896711],[-74.0389266685688,40.8848380399212],[-74.0390059598769,40.8848775988045],[-74.0390866136068,40.8849155381588],[-74.039144927742,40.8849434178717],[-74.0392038648708,40.8849705325555],[-74.0392634075703,40.8849968741942],[-74.0393235382382,40.8850224350003],[-74.0393842390985,40.8850472074172],[-74.0394454922067,40.8850711841213],[-74.0395072794548,40.8850943580243],[-74.0395695825769,40.8851167222751]]}},{"type":"Feature","id":415187,"properties":{"OBJECTID":415187,"PRIMENAME":"Court Plaza","ELEVTYP_F":0,"ELEVTYP_T":0},"geometry":{"type":"LineString","coordinates":[[-74.0469647574199,40.8793910853545],[-74.0468356761455,40.8793670923497],[-74.0463511150248,40.8792770227701]]}},{"type":"Feature","id":415188,"properties":{"OBJECTID":415188,"PRIMENAME":"State Street","ELEVTYP_F":0,"ELEVTYP_T":0},"geometry":{"type":"LineString","coordinates":[[-74.0470850201103,40.8791416822805],[-74.0469647574199,40.8793910853545]]}},{"type":"Feature","id":415222,"properties":{"OBJECTID":415222,"PRIMENAME":"West Pleasant Avenue","ELEVTYP_F":0,"ELEVTYP_T":0},"geometry":{"type":"LineString","coordinates":[[-74.0623753113124,40.9042912691711],[-74.0620132284173,40.9040534368727]]}},{"type":"Feature","id":415257,"properties":{"OBJECTID":415257,"PRIMENAME":"West Magnolia Avenue","ELEVTYP_F":0,"ELEVTYP_T":0},"geometry":{"type":"LineString","coordinates":[[-74.0684469982048,40.9000334869268],[-74.0670882244971,40.8992717003894]]}},{"type":"Feature","id":415258,"properties":{"OBJECTID":415258,"PRIMENAME":"West Passaic Street","ELEVTYP_F":0,"ELEVTYP_T":0},"geometry":{"type":"LineString","coordinates":[[-74.0628529123393,40.903316313189],[-74.0631847983804,40.9035176880048]]}},{"type":"Feature","id":415261,"properties":{"OBJECTID":415261,"PRIMENAME":"University Plaza Drive","ELEVTYP_F":0,"ELEVTYP_T":0},"geometry":{"type":"LineString","coordinates":[[-74.0368549905231,40.8962052091956],[-74.0364695753066,40.8962584215162],[-74.0361946638858,40.8962148185872],[-74.0359211813317,40.8961148939635],[-74.0356291988333,40.8960493552556],[-74.0354135505212,40.8960672554598],[-74.0352047242763,40.8961200328496],[-74.034790756471,40.896204154381],[-74.0346703508426,40.8962438834058],[-74.0345449815764,40.896448394904]]}},{"type":"Feature","id":415266,"properties":{"OBJECTID":415266,"PRIMENAME":"Railroad Avenue","ELEVTYP_F":0,"ELEVTYP_T":0},"geometry":{"type":"LineString","coordinates":[[-74.0310638350692,40.8642116591863],[-74.031441358763,40.865277243629],[-74.0315432660297,40.8656215025645]]}},{"type":"Feature","id":415267,"properties":{"OBJECTID":415267,"PRIMENAME":"University Plaza Drive","ELEVTYP_F":0,"ELEVTYP_T":0},"geometry":{"type":"LineString","coordinates":[[-74.0335164685024,40.8985462927244],[-74.0339714688107,40.8986982915703],[-74.0342074701409,40.8987862918173],[-74.0345524693073,40.8989302919045],[-74.0348874686668,40.8990882931457],[-74.0352114676059,40.8992582923393],[-74.0360954696512,40.8997692930783],[-74.0363045656491,40.8998903477155]]}},{"type":"Feature","id":415284,"properties":{"OBJECTID":415284,"PRIMENAME":"West Passaic Street","ELEVTYP_F":0,"ELEVTYP_T":0},"geometry":{"type":"LineString","coordinates":[[-74.0626317806278,40.903182138002],[-74.0628529123393,40.903316313189]]}},{"type":"Feature","id":415285,"properties":{"OBJECTID":415285,"PRIMENAME":"Pleasant Court","ELEVTYP_F":0,"ELEVTYP_T":0},"geometry":{"type":"LineString","coordinates":[[-74.0620132284173,40.9040534368727],[-74.0620773849712,40.9039461476358],[-74.0622602207173,40.9036403866615],[-74.062483894957,40.9036842518208]]}},{"type":"Feature","id":415286,"properties":{"OBJECTID":415286,"PRIMENAME":"Mount Vernon Court","ELEVTYP_F":0,"ELEVTYP_T":0},"geometry":{"type":"LineString","coordinates":[[-74.0628062981949,40.903881622048],[-74.0627151928848,40.9038258486616],[-74.062483894957,40.9036842518208]]}},{"type":"Feature","id":415305,"properties":{"OBJECTID":415305,"PRIMENAME":"University Plaza Drive","ELEVTYP_F":0,"ELEVTYP_T":0},"geometry":{"type":"LineString","coordinates":[[-74.0339584676419,40.8974812923056],[-74.0335164685024,40.8985462927244]]}},{"type":"Feature","id":415306,"properties":{"OBJECTID":415306,"PRIMENAME":"University Plaza Drive","ELEVTYP_F":0,"ELEVTYP_T":0},"geometry":{"type":"LineString","coordinates":[[-74.0345449815764,40.896448394904],[-74.0344916507525,40.8965353913444],[-74.0342665653353,40.8968910525981],[-74.0339584676419,40.8974812923056]]}},{"type":"Feature","id":415314,"properties":{"OBJECTID":415314,"PRIMENAME":"First Street","ELEVTYP_F":0,"ELEVTYP_T":0},"geometry":{"type":"LineString","coordinates":[[-74.0315432660297,40.8656215025645],[-74.0313749539741,40.8659468506084]]}},{"type":"Feature","id":415315,"properties":{"OBJECTID":415315,"PRIMENAME":"Railroad Avenue","ELEVTYP_F":0,"ELEVTYP_T":0},"geometry":{"type":"LineString","coordinates":[[-74.0315432660297,40.8656215025645],[-74.0315812131245,40.8657496952762],[-74.0316253005085,40.8659071868483],[-74.0316497880961,40.8660239740887]]}},{"type":"Feature","id":415391,"properties":{"OBJECTID":415391,"PRIMENAME":"FR GREEN ST to US 46 EB","ELEVTYP_F":0,"ELEVTYP_T":0},"geometry":{"type":"LineString","coordinates":[[-74.0627553224409,40.8640455550857],[-74.0627088808024,40.8639831873828],[-74.0626926412936,40.8639646733318],[-74.0626730289792,40.8639481483057],[-74.0626504605806,40.8639339634253],[-74.0626254156283,40.8639224200883],[-74.0622975249073,40.863795130593],[-74.062262316604,40.8637774975022],[-74.0622289930682,40.8637578666162],[-74.0621977505432,40.8637363535427],[-74.062168773016,40.8637130849737],[-74.0621422311349,40.8636881979393],[-74.0621182812035,40.8636618390006],[-74.0620970642612,40.8636341633868],[-74.0620787052517,40.8636053340807],[-74.0620501278342,40.8635660498302],[-74.0620205020723,40.8635394018512],[-74.0619878484878,40.8635148777957],[-74.0619524301152,40.8634926752101],[-74.0619145322594,40.8634729729407],[-74.0618744601971,40.8634559296932],[-74.0618325367178,40.8634416827541],[-74.0617890995238,40.863430346885],[-74.0617444985102,40.8634220133985],[-74.0615019852438,40.8633953903469],[-74.0612224559537,40.8633656928265],[-74.0611783617319,40.8633577612441],[-74.0611352034569,40.8633472742143],[-74.0610932376718,40.8633342940745],[-74.0610527138308,40.863318897982],[-74.0610138728167,40.8633011774549],[-74.0609769455082,40.8632812378283],[-74.0609421514082,40.863259197628],[-74.0609096973387,40.8632351878662],[-74.0607449505473,40.8631060798626],[-74.0605785042592,40.8629782346472],[-74.0604112410446,40.8628627656278],[-74.0602415299771,40.8627493742343],[-74.060069415833,40.8626380903753],[-74.0598949440217,40.8625289434036]]}},{"type":"Feature","id":415401,"properties":{"OBJECTID":415401,"PRIMENAME":"FR US 46 EB to GREEN ST","ELEVTYP_F":0,"ELEVTYP_T":0},"geometry":{"type":"LineString","coordinates":[[-74.0614751811706,40.8640411971112],[-74.0614506794556,40.8639731562685],[-74.0614289651942,40.8639045719807],[-74.0614100592099,40.863835510047],[-74.0613939796322,40.8637660367243],[-74.0613937083232,40.8637368649407],[-74.0613970945137,40.8637078059197],[-74.0614039010734,40.8636805761955],[-74.0614143725188,40.8636540250813],[-74.0614283970395,40.8636284360694],[-74.0614458248888,40.8636040823794],[-74.0614669464307,40.8635867158724],[-74.0614901626297,40.8635709657168],[-74.061515259846,40.8635569768476],[-74.061542007131,40.863544877992],[-74.0615701583523,40.8635347804851],[-74.0615994544585,40.8635267772452],[-74.0616296258636,40.8635209419192],[-74.0616603949268,40.8635173282042],[-74.0617028794099,40.8635161662562],[-74.0617452113119,40.8635191342662],[-74.0617866969204,40.8635261835959],[-74.0618266563914,40.8635371987248],[-74.0618644348892,40.8635519991429],[-74.0618994133179,40.8635703423086],[-74.0619310184664,40.8635919276235],[-74.0619587324015,40.8636164013581],[-74.0620144535426,40.8636822898115],[-74.0620408474922,40.8637125647708],[-74.062069243161,40.8637417771359],[-74.0620995664758,40.8637698507004],[-74.0621317383343,40.8637967122286],[-74.0621656748117,40.8638222916467],[-74.0622012873793,40.8638465222251],[-74.062238483136,40.8638693407533],[-74.06227716505,40.8638906877041],[-74.0623713282231,40.8639315058571]]}},{"type":"Feature","id":415402,"properties":{"OBJECTID":415402,"PRIMENAME":"Industrial Avenue","ELEVTYP_F":0,"ELEVTYP_T":0},"geometry":{"type":"LineString","coordinates":[[-74.0596931162637,40.8606575175242],[-74.0591594195291,40.8612013777844],[-74.0590296723113,40.8613432532283],[-74.0589477165865,40.8614312814705]]}},{"type":"Feature","id":415414,"properties":{"OBJECTID":415414,"PRIMENAME":"FR US 46 WB TO GREEN ST","ELEVTYP_F":0,"ELEVTYP_T":0},"geometry":{"type":"LineString","coordinates":[[-74.0617268880209,40.8651898983989],[-74.0617871281296,40.8652389598338],[-74.0618070578537,40.8654093200268],[-74.0618319680787,40.8656222691232]]}},{"type":"Feature","id":415624,"properties":{"OBJECTID":415624,"PRIMENAME":"Locust Drive","ELEVTYP_F":0,"ELEVTYP_T":0},"geometry":{"type":"LineString","coordinates":[[-74.0516060038812,40.9105274150595],[-74.0515988156974,40.9105403093013],[-74.0515906279553,40.9105643877959],[-74.0515864821162,40.9105890548812],[-74.0515864435475,40.9106139216573],[-74.051590512862,40.9106385960757],[-74.051596552513,40.9106575949245],[-74.0516050310867,40.9106760496592],[-74.0516158660183,40.9106937805623],[-74.0516289517958,40.910710614965],[-74.0516441609877,40.9107263889288],[-74.0516613454835,40.9107409488419],[-74.0516803379365,40.9107541529152],[-74.051700953393,40.9107658725631],[-74.0523459825019,40.9111498002851],[-74.0533292486541,40.9117300592212],[-74.0545727127516,40.9124782759242],[-74.0546062997767,40.9124952769466],[-74.0546420933047,40.9125094520027],[-74.0546796817832,40.9125206381077],[-74.0547186330204,40.9125287066436],[-74.0547584991551,40.9125335648384],[-74.0547988218062,40.9125351568325],[-74.0548391373432,40.912533464321],[-74.0548789822175,40.9125285067644]]}},{"type":"Feature","id":415671,"properties":{"OBJECTID":415671,"PRIMENAME":"FR SUMMIT AVE to NJ 17 NB","ELEVTYP_F":0,"ELEVTYP_T":0},"geometry":{"type":"LineString","coordinates":[[-74.0638706247515,40.8804487874899],[-74.0639589979566,40.8806219983932],[-74.0640312630737,40.880764293955],[-74.0641397597345,40.8809684333556],[-74.0642120633896,40.8811107577604],[-74.0643045535201,40.881268556295],[-74.064389085312,40.881404722756],[-74.0644616117206,40.8815130378631],[-74.0645341229252,40.8816182774237],[-74.0646026429735,40.8817142521312],[-74.0647316298898,40.8818937918141],[-74.0650138509123,40.8822838687903],[-74.0651548665177,40.8824881577429],[-74.0652514876608,40.8826397949619],[-74.0652824137137,40.8826959602047],[-74.065351994878,40.8828223281324],[-74.0654085673346,40.8829224674772]]}},{"type":"Feature","id":415674,"properties":{"OBJECTID":415674,"PRIMENAME":"FR SERVICE RD EB to NJ 4 EB","ELEVTYP_F":0,"ELEVTYP_T":0},"geometry":{"type":"LineString","coordinates":[[-74.0293532152827,40.9004968122723],[-74.0292059050341,40.9005751188222],[-74.0290631644088,40.9006581550017],[-74.0290287293145,40.9006830629624],[-74.0289911015619,40.9007051526006],[-74.0289506799635,40.900724189789],[-74.0289078929452,40.9007399727527],[-74.028863194005,40.9007523342081],[-74.0288170569059,40.9007611431364],[-74.028769970655,40.9007663061715],[-74.0287224343198,40.9007677685906],[-74.0286575222226,40.9007616718527],[-74.0285941087673,40.9007495109937],[-74.0285331740493,40.9007314739677],[-74.0284756598515,40.9007078395485],[-74.0284297601972,40.9006834007279],[-74.0283875491803,40.9006553941971],[-74.0281949424257,40.9005190949124],[-74.0280064716453,40.9003795069289],[-74.0276355826358,40.9001331483006],[-74.0272610666017,40.8998899704599]]}},{"type":"Feature","id":415679,"properties":{"OBJECTID":415679,"PRIMENAME":"FR TERRACE AVE to NJ 17 SB","ELEVTYP_F":0,"ELEVTYP_T":0},"geometry":{"type":"LineString","coordinates":[[-74.0638757221034,40.870331885971],[-74.0638699988264,40.8702724084535],[-74.0638662589487,40.8702128400828],[-74.0638645048577,40.8701532189658],[-74.06386473767,40.8700935832429],[-74.0638737841528,40.8700242205411],[-74.0638849526423,40.8699550362547],[-74.0638982370937,40.8698860677878],[-74.0639136303181,40.8698173524278]]}},{"type":"Feature","id":415682,"properties":{"OBJECTID":415682,"PRIMENAME":"FR CO 503 NB to NJ 4 WB","ELEVTYP_F":0,"ELEVTYP_T":0},"geometry":{"type":"LineString","coordinates":[[-74.0341000824608,40.9076224256084],[-74.0342726697229,40.9076421723426],[-74.0343887443884,40.9076617185869],[-74.0344828053057,40.9076835353339],[-74.0345674091552,40.9077124796251],[-74.0346612864385,40.9077605100024],[-74.0347066106154,40.907790475429],[-74.0347519336463,40.907820440833],[-74.0348486919507,40.9079066098564],[-74.0350546128225,40.9081004355912],[-74.0355525440724,40.908471003171]]}},{"type":"Feature","id":415698,"properties":{"OBJECTID":415698,"PRIMENAME":"FR NJ 4 EB to RIVER ROAD","ELEVTYP_F":0,"ELEVTYP_T":0},"geometry":{"type":"LineString","coordinates":[[-74.0293613145234,40.9017682133355],[-74.029224121774,40.9015393023564],[-74.0290843624496,40.9013112871196],[-74.0290477507022,40.9012601172242],[-74.0290170233869,40.9012067648137],[-74.02899240435,40.9011516185819],[-74.0289740729351,40.9010950802899],[-74.0289632968921,40.9010447912663],[-74.0289574978166,40.9009940322482],[-74.0289622839781,40.900955046366],[-74.0289720695875,40.900916602142],[-74.0289867609165,40.9008790677686],[-74.0290062172536,40.9008428027238],[-74.0290302522523,40.9008081543282],[-74.0290586357161,40.9007754544189],[-74.0290910958031,40.9007450161714],[-74.02912732163,40.9007171311],[-74.0292745748877,40.9006283205194],[-74.029416940494,40.9005350347288],[-74.0294671491821,40.9005211699654],[-74.0295192239606,40.9005120955704],[-74.0295723742331,40.9005079493108],[-74.0296257930761,40.900508794135],[-74.0296588669822,40.9005147486731],[-74.0296910805116,40.9005229824762],[-74.0297221614551,40.9005334259676],[-74.0297518471734,40.9005459908982],[-74.0297837439715,40.9005628118296],[-74.0298131392132,40.9005820787818],[-74.0298554036771,40.9006187897461],[-74.0298953706372,40.9006569533867],[-74.0299329534774,40.9006964869995],[-74.0299680707475,40.9007373049112]]}},{"type":"Feature","id":415699,"properties":{"OBJECTID":415699,"PRIMENAME":"FR NJ 4 WB to KINDERAMER RD","ELEVTYP_F":0,"ELEVTYP_T":0},"geometry":{"type":"LineString","coordinates":[[-74.0374900427516,40.9108893269415],[-74.0374583020084,40.9109007145288],[-74.0374261004856,40.9109113315099],[-74.0373191546436,40.9109463297574],[-74.0373046495736,40.9109509463869],[-74.0371862692509,40.9109868275901],[-74.0370667220905,40.9110204086695],[-74.0369460857326,40.9110516678154],[-74.0368244385256,40.911080584726]]}},{"type":"Feature","id":415701,"properties":{"OBJECTID":415701,"PRIMENAME":"FR POLIFLY RD to NJ 17 NB","ELEVTYP_F":0,"ELEVTYP_T":0},"geometry":{"type":"LineString","coordinates":[[-74.0624835963044,40.8720064646124],[-74.0625065267994,40.8719907167971],[-74.0625307907454,40.8719761657985],[-74.0625562799422,40.8719628765033],[-74.0625828807259,40.8719509081723],[-74.062610474476,40.8719403141753],[-74.0626389381445,40.8719311417537],[-74.0626681448041,40.8719234318098],[-74.0626979642144,40.8719172187241],[-74.0627259185458,40.8719128368205],[-74.0627541754345,40.8719097706708],[-74.0627763560861,40.871910429726],[-74.0627984553063,40.871912014675],[-74.0628204060711,40.8719145207109],[-74.0628421418067,40.8719179402331],[-74.0628635965915,40.8719222628707],[-74.0628847053559,40.8719274755138],[-74.0629054040795,40.8719335623529],[-74.0629256299858,40.8719405049277]]}},{"type":"Feature","id":415705,"properties":{"OBJECTID":415705,"PRIMENAME":"FR SUMMIT AVE to NJ 17 SB","ELEVTYP_F":0,"ELEVTYP_T":0},"geometry":{"type":"LineString","coordinates":[[-74.0646558681435,40.8770090226662],[-74.0645313899988,40.8768204148385],[-74.0643840925093,40.8766056708223],[-74.0642669966638,40.8764344661643],[-74.0641877486499,40.876309710772],[-74.0641310703249,40.8762284660709],[-74.0640895773846,40.8761588348382],[-74.0640519747854,40.8760805440089],[-74.0640144695805,40.8759819961253],[-74.0639733756538,40.875851593227],[-74.0639591030693,40.8758081264201],[-74.0639210452991,40.8756922161348],[-74.0638875460011,40.8755618419126],[-74.0638653081317,40.8754752860444]]}},{"type":"Feature","id":415766,"properties":{"OBJECTID":415766,"PRIMENAME":"Unnamed Segment","ELEVTYP_F":0,"ELEVTYP_T":0},"geometry":{"type":"LineString","coordinates":[[-74.0598159521383,40.8867400618529],[-74.0599134672702,40.8868006153154],[-74.0599575432447,40.886827985133],[-74.0606020214818,40.8872281752044]]}},{"type":"Feature","id":415835,"properties":{"OBJECTID":415835,"PRIMENAME":"Unnamed Segment","ELEVTYP_F":0,"ELEVTYP_T":0},"geometry":{"type":"LineString","coordinates":[[-74.0309906437685,40.8935870014174],[-74.0316364657791,40.8937842913613],[-74.0317024666502,40.8938132901305],[-74.0317110021733,40.8938410262009]]}},{"type":"Feature","id":415861,"properties":{"OBJECTID":415861,"PRIMENAME":"Lone Pine Lane","ELEVTYP_F":0,"ELEVTYP_T":0},"geometry":{"type":"LineString","coordinates":[[-74.0317110021733,40.8938410262009],[-74.0317224683069,40.8938782913519],[-74.0315725807718,40.8941418078953],[-74.0313561090517,40.8943186587911]]}},{"type":"Feature","id":415880,"properties":{"OBJECTID":415880,"PRIMENAME":"Huyler Street","ELEVTYP_F":1,"ELEVTYP_T":1},"geometry":{"type":"LineString","coordinates":[[-74.0491735515824,40.8671517238907],[-74.0491683598759,40.867277559235]]}},{"type":"Feature","id":415888,"properties":{"OBJECTID":415888,"PRIMENAME":"Phillips Avenue","ELEVTYP_F":0,"ELEVTYP_T":0},"geometry":{"type":"LineString","coordinates":[[-74.0450497331992,40.8607402754543],[-74.0449543264114,40.8608716014024]]}},{"type":"Feature","id":415890,"properties":{"OBJECTID":415890,"PRIMENAME":"Unnamed Segment","ELEVTYP_F":0,"ELEVTYP_T":0},"geometry":{"type":"LineString","coordinates":[[-74.0680652136596,40.8766155358637],[-74.0679531047606,40.8768109141836],[-74.067746651613,40.8770199508239],[-74.0674785664708,40.8777777060964],[-74.067102954345,40.878391944081]]}},{"type":"Feature","id":415986,"properties":{"OBJECTID":415986,"PRIMENAME":"FR SUMMIT AVE to NJ 17 NB","ELEVTYP_F":0,"ELEVTYP_T":0},"geometry":{"type":"LineString","coordinates":[[-74.0629696422698,40.880155182377],[-74.0631041835198,40.880093931072],[-74.0631694826829,40.8800632978937],[-74.0632387715107,40.8800419574459],[-74.0632998422809,40.8800329110264],[-74.0633771462943,40.8800301291445],[-74.0634462523365,40.8800365938425],[-74.0635112104893,40.8800522394109],[-74.0635761037757,40.880083365475],[-74.0636408805934,40.8801268153459],[-74.0637096170082,40.8801950124788],[-74.0638706247515,40.8804487874899]]}},{"type":"Feature","id":415987,"properties":{"OBJECTID":415987,"PRIMENAME":"FR CO 503 NB to NJ 4 EB","ELEVTYP_F":0,"ELEVTYP_T":0},"geometry":{"type":"LineString","coordinates":[[-74.033391363964,40.9046650594806],[-74.0333289758428,40.9047290389003],[-74.0332658533066,40.904774046725],[-74.0331933711704,40.9048071048647],[-74.0331115158851,40.904835375436],[-74.033042315362,40.9048493962261],[-74.0329480075133,40.9048633152971],[-74.0328474388981,40.9048724332377],[-74.0327626770949,40.9048768385382],[-74.0326715606122,40.9048741080702],[-74.032593068989,40.9048666259883],[-74.0325114998592,40.904854382702],[-74.0324394587197,40.9048350410144],[-74.0323768377704,40.9048085725884],[-74.0323142495464,40.9047725798921],[-74.03226115471,40.9047342373684],[-74.032183186946,40.9046576676318],[-74.0318252804772,40.9043791142723]]}},{"type":"Feature","id":416863,"properties":{"OBJECTID":416863,"PRIMENAME":"Roadway","ELEVTYP_F":0,"ELEVTYP_T":0},"geometry":{"type":"LineString","coordinates":[[-74.033258147796,40.8736366459619],[-74.0329910252557,40.8745313492026]]}},{"type":"Feature","id":416914,"properties":{"OBJECTID":416914,"PRIMENAME":"Essex Street","ELEVTYP_F":0,"ELEVTYP_T":0},"geometry":{"type":"LineString","coordinates":[[-74.066149493546,40.8880257507732],[-74.0654445864785,40.8876044393515],[-74.0652980563341,40.8875186205272],[-74.0645964465933,40.8871077007724],[-74.0645680824312,40.8870906143886]]}},{"type":"Feature","id":416933,"properties":{"OBJECTID":416933,"PRIMENAME":"West Anderson Street","ELEVTYP_F":0,"ELEVTYP_T":0},"geometry":{"type":"LineString","coordinates":[[-74.0571580233437,40.9022382710264],[-74.0568160876233,40.9020325940695],[-74.0567344731502,40.9019841433976]]}},{"type":"Feature","id":416956,"properties":{"OBJECTID":416956,"PRIMENAME":"Essex Street","ELEVTYP_F":0,"ELEVTYP_T":0},"geometry":{"type":"LineString","coordinates":[[-74.0667239194335,40.8883650898209],[-74.066149493546,40.8880257507732]]}},{"type":"Feature","id":416968,"properties":{"OBJECTID":416968,"PRIMENAME":"FR WESLEY ST to I-80 WB LOCAL","ELEVTYP_F":0,"ELEVTYP_T":0},"geometry":{"type":"LineString","coordinates":[[-74.0449343455615,40.8672823432713],[-74.0457218409085,40.867266645263]]}},{"type":"Feature","id":417027,"properties":{"OBJECTID":417027,"PRIMENAME":"FR WESLEY ST to I-80 WB LOCAL","ELEVTYP_F":0,"ELEVTYP_T":0},"geometry":{"type":"LineString","coordinates":[[-74.0443503446364,40.8672921153697],[-74.0444766970767,40.8672914896076],[-74.0449343455615,40.8672823432713]]}},{"type":"Feature","id":417069,"properties":{"OBJECTID":417069,"PRIMENAME":"Unnamed Segment","ELEVTYP_F":0,"ELEVTYP_T":0},"geometry":{"type":"LineString","coordinates":[[-74.0665682195255,40.8902645381623],[-74.0668061378666,40.8900186414574]]}},{"type":"Feature","id":417070,"properties":{"OBJECTID":417070,"PRIMENAME":"FR I-80 EB to N J 17 SB","ELEVTYP_F":0,"ELEVTYP_T":1},"geometry":{"type":"LineString","coordinates":[[-74.0642556086441,40.8777629744695],[-74.0641264391581,40.8775135474761],[-74.0639720609861,40.8772148359424],[-74.06387417384,40.8770263279325],[-74.0637799877224,40.8768522987757],[-74.0637159834549,40.8767247188968],[-74.0636595892374,40.8766058420529],[-74.0636107326408,40.876495667081],[-74.0635770803407,40.8763942239001],[-74.0635549114578,40.8762841777936],[-74.0635531082979,40.8762667953846]]}},{"type":"Feature","id":417081,"properties":{"OBJECTID":417081,"PRIMENAME":"Unnamed Segment","ELEVTYP_F":0,"ELEVTYP_T":0},"geometry":{"type":"LineString","coordinates":[[-74.0665682195255,40.8902645381623],[-74.0658287632275,40.8898313253593],[-74.06581631314,40.8897021245272]]}},{"type":"Feature","id":417104,"properties":{"OBJECTID":417104,"PRIMENAME":"FR NJ 17 NB to SUMMIT AVE","ELEVTYP_F":0,"ELEVTYP_T":0},"geometry":{"type":"LineString","coordinates":[[-74.0637573808707,40.8785410173404],[-74.0637706083943,40.8785533204392],[-74.0637842077098,40.8785653877616],[-74.0637981715247,40.8785772128364],[-74.063812492351,40.8785887893225]]}},{"type":"Feature","id":417112,"properties":{"OBJECTID":417112,"PRIMENAME":"Unnamed Segment","ELEVTYP_F":0,"ELEVTYP_T":0},"geometry":{"type":"LineString","coordinates":[[-74.0535279548869,40.892751626465],[-74.0526954742915,40.8922252904468]]}},{"type":"Feature","id":417113,"properties":{"OBJECTID":417113,"PRIMENAME":"Unnamed Segment","ELEVTYP_F":0,"ELEVTYP_T":0},"geometry":{"type":"LineString","coordinates":[[-74.0619231292864,40.8881994745547],[-74.0616949141344,40.8880143928198],[-74.0614545386879,40.8879701401746],[-74.0605074717542,40.8874619472322]]}},{"type":"Feature","id":417114,"properties":{"OBJECTID":417114,"PRIMENAME":"Unnamed Segment","ELEVTYP_F":0,"ELEVTYP_T":0},"geometry":{"type":"LineString","coordinates":[[-74.0606223175731,40.8890911682501],[-74.0604556592377,40.888935437525],[-74.059862418941,40.888565214134]]}},{"type":"Feature","id":417115,"properties":{"OBJECTID":417115,"PRIMENAME":"Unnamed Segment","ELEVTYP_F":0,"ELEVTYP_T":0},"geometry":{"type":"LineString","coordinates":[[-74.0326178079562,40.907475558039],[-74.0323472219033,40.9074479917302],[-74.0321077199353,40.9074060230058],[-74.0318906862637,40.9073549439238]]}},{"type":"Feature","id":417116,"properties":{"OBJECTID":417116,"PRIMENAME":"Unnamed Segment","ELEVTYP_F":0,"ELEVTYP_T":0},"geometry":{"type":"LineString","coordinates":[[-74.0318370788538,40.908123166711],[-74.03211612024,40.908131204672],[-74.0323323770069,40.908116706518],[-74.0325453119883,40.9080945090818],[-74.0326837833326,40.9080950702757],[-74.0327782034256,40.9081159523801],[-74.0328420309953,40.9081648954346],[-74.0329014115529,40.9082243660449]]}},{"type":"Feature","id":417117,"properties":{"OBJECTID":417117,"PRIMENAME":"Unnamed Segment","ELEVTYP_F":0,"ELEVTYP_T":0},"geometry":{"type":"LineString","coordinates":[[-74.0428023572304,40.8681345354082],[-74.0428193897118,40.8680613217112]]}},{"type":"Feature","id":417124,"properties":{"OBJECTID":417124,"PRIMENAME":"FR I-80 WB to RT 17 NB","ELEVTYP_F":0,"ELEVTYP_T":0},"geometry":{"type":"LineString","coordinates":[[-74.0628603973715,40.8775203402361],[-74.062965589011,40.8777638303953],[-74.0630101171008,40.8778646287015],[-74.0630782984341,40.8780189599651],[-74.0631988683166,40.8782393968408],[-74.0635318496325,40.8787877233427]]}},{"type":"Feature","id":417204,"properties":{"OBJECTID":417204,"PRIMENAME":"Old Hoboken Road","ELEVTYP_F":0,"ELEVTYP_T":0},"geometry":{"type":"LineString","coordinates":[[-74.0433052171692,40.8689043428593],[-74.0432875267336,40.8687002414325]]}},{"type":"Feature","id":417210,"properties":{"OBJECTID":417210,"PRIMENAME":"Old Hoboken Road","ELEVTYP_F":0,"ELEVTYP_T":0},"geometry":{"type":"LineString","coordinates":[[-74.0432875267336,40.8687002414325],[-74.0432226567218,40.8679531398349]]}},{"type":"Feature","id":417211,"properties":{"OBJECTID":417211,"PRIMENAME":"Romanelli Avenue","ELEVTYP_F":0,"ELEVTYP_T":0},"geometry":{"type":"LineString","coordinates":[[-74.055893636283,40.8714868058643],[-74.0560555987648,40.8712705234477]]}},{"type":"Feature","id":417283,"properties":{"OBJECTID":417283,"PRIMENAME":"Passaic Street","ELEVTYP_F":0,"ELEVTYP_T":0},"geometry":{"type":"LineString","coordinates":[[-74.0515870731252,40.896600671132],[-74.0518949011778,40.8967853110645],[-74.0528894565927,40.897375323269],[-74.0529848918493,40.8974389093346]]}},{"type":"Feature","id":417284,"properties":{"OBJECTID":417284,"PRIMENAME":"American Legion Drive","ELEVTYP_F":0,"ELEVTYP_T":0},"geometry":{"type":"LineString","coordinates":[[-74.0540268546503,40.8891624703539],[-74.0538810449168,40.8890664922558],[-74.0538378023092,40.8890363876768],[-74.0537987550772,40.8890031444561],[-74.0537642967545,40.8889670976377],[-74.0537347746232,40.8889286105213],[-74.0537104862144,40.8888880710007],[-74.0536916763095,40.888845887654],[-74.0536785344734,40.8888024856261],[-74.0536711931446,40.8887583023433],[-74.0536467732509,40.8886137145199],[-74.0536380232834,40.8885786646523],[-74.0536263555476,40.8885441076983],[-74.0536118172295,40.8885101833974],[-74.0535944671224,40.8884770289304],[-74.0535743753896,40.8884447783652],[-74.0535516232806,40.8884135621141],[-74.0535263028022,40.8883835064068],[-74.0534985163465,40.88835473278]]}},{"type":"Feature","id":417285,"properties":{"OBJECTID":417285,"PRIMENAME":"Unnamed Segment","ELEVTYP_F":0,"ELEVTYP_T":0},"geometry":{"type":"LineString","coordinates":[[-74.0254139139927,40.9007645766555],[-74.0257696569872,40.9008298936686],[-74.0260043953697,40.9009172687731],[-74.0262918254584,40.9010682289884],[-74.0265261111394,40.9012189676146],[-74.0267210710768,40.9013963136754]]}},{"type":"Feature","id":417286,"properties":{"OBJECTID":417286,"PRIMENAME":"Unnamed Segment","ELEVTYP_F":0,"ELEVTYP_T":0},"geometry":{"type":"LineString","coordinates":[[-74.0292687838417,40.9001135222141],[-74.029499531583,40.9002332303315],[-74.0296115130053,40.9003033089039],[-74.0296635400637,40.9003536123219]]}},{"type":"Feature","id":417288,"properties":{"OBJECTID":417288,"PRIMENAME":"Unnamed Segment","ELEVTYP_F":0,"ELEVTYP_T":0},"geometry":{"type":"LineString","coordinates":[[-74.0294280349066,40.9020212128924],[-74.029540708707,40.9019581476401]]}},{"type":"Feature","id":417290,"properties":{"OBJECTID":417290,"PRIMENAME":"Unnamed Segment","ELEVTYP_F":0,"ELEVTYP_T":0},"geometry":{"type":"LineString","coordinates":[[-74.0271480754917,40.8991456359565],[-74.0292687838417,40.9001135222141]]}},{"type":"Feature","id":417291,"properties":{"OBJECTID":417291,"PRIMENAME":"Unnamed Segment","ELEVTYP_F":0,"ELEVTYP_T":0},"geometry":{"type":"LineString","coordinates":[[-74.029540708707,40.9019581476401],[-74.0300533513928,40.9016712068552],[-74.0302518478189,40.9015164780729],[-74.0303666263317,40.9013902108298],[-74.0306468216911,40.9008150898849]]}},{"type":"Feature","id":417295,"properties":{"OBJECTID":417295,"PRIMENAME":"Unnamed Segment","ELEVTYP_F":0,"ELEVTYP_T":0},"geometry":{"type":"LineString","coordinates":[[-74.0297684679197,40.8957901737929],[-74.0299419471974,40.8956553998609],[-74.0300693368744,40.8955351234029],[-74.0307456072419,40.8957883315015]]}},{"type":"Feature","id":417297,"properties":{"OBJECTID":417297,"PRIMENAME":"Unnamed Segment","ELEVTYP_F":0,"ELEVTYP_T":0},"geometry":{"type":"LineString","coordinates":[[-74.0296635400637,40.9003536123219],[-74.0297468678907,40.9004161523465],[-74.0298232047098,40.9005040525385],[-74.0298819552693,40.9005671766935],[-74.0299258910675,40.9006324855435],[-74.0299680707475,40.9007373049112]]}},{"type":"Feature","id":417344,"properties":{"OBJECTID":417344,"PRIMENAME":"FR WESLEY ST to I-80 WB LOCAL","ELEVTYP_F":0,"ELEVTYP_T":0},"geometry":{"type":"LineString","coordinates":[[-74.0429014222471,40.8679624580038],[-74.0429116843511,40.8678802648913],[-74.042912340992,40.8677847710139],[-74.0429315923475,40.8677354384075]]}},{"type":"Feature","id":417401,"properties":{"OBJECTID":417401,"PRIMENAME":"FR KENNEDY ST to I-80 EB","ELEVTYP_F":0,"ELEVTYP_T":0},"geometry":{"type":"LineString","coordinates":[[-74.0423899790138,40.8683083276335],[-74.0424196333826,40.8682325064888]]}},{"type":"Feature","id":417454,"properties":{"OBJECTID":417454,"PRIMENAME":"Unnamed Segment","ELEVTYP_F":0,"ELEVTYP_T":0},"geometry":{"type":"LineString","coordinates":[[-74.0501488013572,40.9148527894293],[-74.0503040793166,40.9144768533636],[-74.0503496660188,40.9144245859204],[-74.0516715580037,40.9133196297364],[-74.0518237977847,40.9132321571904],[-74.0520390557127,40.9131685636359],[-74.052269867869,40.9131298090713],[-74.0524969307337,40.9131340269918],[-74.0526876791527,40.9131756544088],[-74.0528134412969,40.9132142747064],[-74.0545123914836,40.9142304529709],[-74.0546124122005,40.9143686849335],[-74.0547376601152,40.9145417795581]]}},{"type":"Feature","id":417491,"properties":{"OBJECTID":417491,"PRIMENAME":"FR KENNEDY ST to I-80 EB","ELEVTYP_F":0,"ELEVTYP_T":0},"geometry":{"type":"LineString","coordinates":[[-74.0424196333826,40.8682325064888],[-74.0424511932773,40.8681599061288],[-74.0424912816285,40.8680460952677],[-74.0425276583002,40.8679566994408]]}},{"type":"Feature","id":417492,"properties":{"OBJECTID":417492,"PRIMENAME":"Unnamed Segment","ELEVTYP_F":0,"ELEVTYP_T":0},"geometry":{"type":"LineString","coordinates":[[-74.0318906862637,40.9073549439238],[-74.0317975165198,40.9073330170111],[-74.0316490412547,40.9073144775952],[-74.0313587387403,40.9072927987335],[-74.0312604886001,40.907335959717],[-74.031185753977,40.9073971527456],[-74.0311615880207,40.9074713627391],[-74.0312050702513,40.9080096354485],[-74.0312183249048,40.9080455623893],[-74.0312586908027,40.908068787204],[-74.0313092601009,40.9080818041553],[-74.0318054580532,40.9081222557513],[-74.0318370788538,40.908123166711]]}},{"type":"Feature","id":417531,"properties":{"OBJECTID":417531,"PRIMENAME":"FR PALISADE AVE to I-80 WB","ELEVTYP_F":0,"ELEVTYP_T":1},"geometry":{"type":"LineString","coordinates":[[-74.0303288227891,40.8674739723077],[-74.0305320888814,40.8674662353622],[-74.0309762968459,40.8674509135987],[-74.0314355467039,40.867435624211],[-74.0317335512127,40.8674273099464]]}},{"type":"Feature","id":417546,"properties":{"OBJECTID":417546,"PRIMENAME":"FR I-80 EB to 2ND ST","ELEVTYP_F":0,"ELEVTYP_T":0},"geometry":{"type":"LineString","coordinates":[[-74.0340934114493,40.8669621825176],[-74.0326170626779,40.8669318620762],[-74.0324138833208,40.866922474204],[-74.0322935751441,40.8669133950077],[-74.0321919610782,40.8669044185209],[-74.0320979603752,40.8668926189207],[-74.0319137765909,40.8668661513565],[-74.0317326583684,40.8668354686663]]}},{"type":"Feature","id":417560,"properties":{"OBJECTID":417560,"PRIMENAME":"FR I-80 EB to 2ND ST","ELEVTYP_F":1,"ELEVTYP_T":0},"geometry":{"type":"LineString","coordinates":[[-74.0317326583684,40.8668354686663],[-74.0315754371685,40.8668104824853],[-74.031451377993,40.8667899958645],[-74.0313273392186,40.8667666264676],[-74.0312032399464,40.8667518481321],[-74.0309963568482,40.866739560886],[-74.0306088732111,40.8667208567868],[-74.0300821128993,40.866701556152],[-74.0298970613752,40.8667032039415]]}},{"type":"Feature","id":417567,"properties":{"OBJECTID":417567,"PRIMENAME":"FR PALISADE AVE to I-80 WB","ELEVTYP_F":1,"ELEVTYP_T":0},"geometry":{"type":"LineString","coordinates":[[-74.0317335512127,40.8674273099464],[-74.0318835304358,40.867423142081],[-74.0322010600797,40.8674075950167]]}},{"type":"Feature","id":417630,"properties":{"OBJECTID":417630,"PRIMENAME":"FR I-80 EB to 2ND ST","ELEVTYP_F":0,"ELEVTYP_T":0},"geometry":{"type":"LineString","coordinates":[[-74.0298970613752,40.8667032039415],[-74.0298600515467,40.8667035331054]]}},{"type":"Feature","id":417643,"properties":{"OBJECTID":417643,"PRIMENAME":"FR PALISADE AVE to I-80 WB","ELEVTYP_F":0,"ELEVTYP_T":0},"geometry":{"type":"LineString","coordinates":[[-74.0322010600797,40.8674075950167],[-74.0323691624813,40.8673993645994],[-74.0341979490628,40.8672814570282]]}},{"type":"Feature","id":417693,"properties":{"OBJECTID":417693,"PRIMENAME":"Unnamed Segment","ELEVTYP_F":0,"ELEVTYP_T":0},"geometry":{"type":"LineString","coordinates":[[-74.0267210710768,40.9013963136754],[-74.0268874555337,40.9016525019004],[-74.0270382718699,40.9017971388166],[-74.0271742754592,40.9018898674904],[-74.0274013039407,40.9019944890705],[-74.0276284958679,40.9020760717248],[-74.027833116828,40.9021287542605],[-74.0286750370393,40.9022474127619],[-74.0288419851869,40.9022596149529],[-74.0289559911322,40.9022427997172],[-74.0290928948334,40.9022087951292],[-74.0294280349066,40.9020212128924]]}},{"type":"Feature","id":417694,"properties":{"OBJECTID":417694,"PRIMENAME":"Unnamed Segment","ELEVTYP_F":0,"ELEVTYP_T":0},"geometry":{"type":"LineString","coordinates":[[-74.0299680707475,40.9007373049112],[-74.0300194934315,40.9007900759522],[-74.0300725162639,40.9008262272596],[-74.0301610096353,40.9008692592776],[-74.0302851166307,40.9008989602274],[-74.0303413380413,40.9009014352034],[-74.0304360853248,40.9008973289903],[-74.0305042410237,40.9008863764228],[-74.0305962187538,40.9008553093965],[-74.0306468216911,40.9008150898849]]}},{"type":"Feature","id":417695,"properties":{"OBJECTID":417695,"PRIMENAME":"FR PALISADE AVE to I-80 WB","ELEVTYP_F":0,"ELEVTYP_T":0},"geometry":{"type":"LineString","coordinates":[[-74.030023735236,40.8675070134585],[-74.0303288227891,40.8674739723077]]}},{"type":"Feature","id":417737,"properties":{"OBJECTID":417737,"PRIMENAME":"FR NJ 17 NB to I-80 WB","ELEVTYP_F":0,"ELEVTYP_T":0},"geometry":{"type":"LineString","coordinates":[[-74.0655999983463,40.8823143305019],[-74.0658395526995,40.8827408285273]]}},{"type":"Feature","id":417738,"properties":{"OBJECTID":417738,"PRIMENAME":"FR CO 55 NB TO B100900","ELEVTYP_F":0,"ELEVTYP_T":0},"geometry":{"type":"LineString","coordinates":[[-74.0627335692324,40.8717000335372],[-74.0627388062335,40.8717175106339],[-74.0627450246572,40.8717348014036],[-74.062752213089,40.8717518741054],[-74.0627603583337,40.871768697399],[-74.0627694454399,40.8717852404015],[-74.0627794577268,40.8718014727449],[-74.0627903768155,40.8718173646311],[-74.0628021826623,40.8718328868874],[-74.0628148535957,40.8718480110191],[-74.062828366356,40.8718627092628],[-74.0628426961381,40.8718769546365],[-74.0628578166371,40.8718907209898],[-74.0628737000965,40.8719039830515],[-74.062890317359,40.8719167164762],[-74.0629076379206,40.8719288978888],[-74.0629256299858,40.8719405049277]]}},{"type":"Feature","id":417740,"properties":{"OBJECTID":417740,"PRIMENAME":"FR NJ 4 EB to NJ 4 EB","ELEVTYP_F":0,"ELEVTYP_T":0},"geometry":{"type":"LineString","coordinates":[[-74.0401784243483,40.9117140023249],[-74.0397005736951,40.911320669703]]}},{"type":"Feature","id":417745,"properties":{"OBJECTID":417745,"PRIMENAME":"FR NJ 4 WB to CR 68","ELEVTYP_F":0,"ELEVTYP_T":0},"geometry":{"type":"LineString","coordinates":[[-74.038392113206,40.9109085596917],[-74.0385065616517,40.9109910019606],[-74.0386228072015,40.9110719843221],[-74.0387408175064,40.9111514842357],[-74.0388605597256,40.9112294795733],[-74.038982000536,40.9113059486256],[-74.0391051061413,40.9113808701082],[-74.0392298422816,40.911454223167],[-74.0393561742426,40.9115259873846]]}},{"type":"Feature","id":417756,"properties":{"OBJECTID":417756,"PRIMENAME":"FR US 46 WB to NJ 17 SB","ELEVTYP_F":0,"ELEVTYP_T":0},"geometry":{"type":"LineString","coordinates":[[-74.0638855449308,40.8684038926689],[-74.0639360805648,40.868307937004],[-74.0640355772419,40.8681202298527],[-74.0641321079044,40.8679316323768]]}},{"type":"Feature","id":417767,"properties":{"OBJECTID":417767,"PRIMENAME":"FR NJ 17 SB to TERRACE AVE","ELEVTYP_F":0,"ELEVTYP_T":0},"geometry":{"type":"LineString","coordinates":[[-74.0637968502904,40.8713466402717],[-74.0638037995872,40.8712256021615],[-74.063815725287,40.871104787842],[-74.0638326157278,40.8709843151815],[-74.0638544544042,40.8708643017143],[-74.0638812199836,40.8707448645259],[-74.0639128863271,40.8706261201391],[-74.0639494225151,40.8705081844001],[-74.0639907928776,40.8703911723657]]}},{"type":"Feature","id":417773,"properties":{"OBJECTID":417773,"PRIMENAME":"Unnamed Segment","ELEVTYP_F":0,"ELEVTYP_T":0},"geometry":{"type":"LineString","coordinates":[[-74.0331649821587,40.9116643966316],[-74.0325369908799,40.9115491022338],[-74.0318695501046,40.9114767200323],[-74.0318224671785,40.9116412158162],[-74.0319592462567,40.9117811214852],[-74.0320545236892,40.9118860194038],[-74.0319816580334,40.9121549236867],[-74.0319637311902,40.9123290405738],[-74.0320108939669,40.9126986997305]]}},{"type":"Feature","id":417774,"properties":{"OBJECTID":417774,"PRIMENAME":"Unnamed Segment","ELEVTYP_F":0,"ELEVTYP_T":0},"geometry":{"type":"LineString","coordinates":[[-74.0395706369381,40.911649981478],[-74.039808269188,40.9117891892407],[-74.0400488730248,40.9119254282291],[-74.0402923840174,40.9120586619495],[-74.0405387369545,40.9121888547129]]}},{"type":"Feature","id":417775,"properties":{"OBJECTID":417775,"PRIMENAME":"FR TERRACE AVE to NJ 17 SB Ramp","ELEVTYP_F":0,"ELEVTYP_T":0},"geometry":{"type":"LineString","coordinates":[[-74.0639372088868,40.8698587732467],[-74.0639334660298,40.8698538812058],[-74.0639299430693,40.8698488959518],[-74.0639266440289,40.8698438231787],[-74.0639235726764,40.86983866868],[-74.0639207325195,40.8698334383428],[-74.0639181268021,40.8698281381405],[-74.0639157585001,40.8698227741268],[-74.0639136303181,40.8698173524278]]}},{"type":"Feature","id":417777,"properties":{"OBJECTID":417777,"PRIMENAME":"Unnamed Segment","ELEVTYP_F":0,"ELEVTYP_T":0},"geometry":{"type":"LineString","coordinates":[[-74.0393561742426,40.9115259873846],[-74.0394041914579,40.9115526107553],[-74.0394524140895,40.911579019605],[-74.0395114158169,40.9116146057055],[-74.0395706369381,40.911649981478]]}},{"type":"Feature","id":417778,"properties":{"OBJECTID":417778,"PRIMENAME":"FR NJ 4 EB to NJ 4 EB","ELEVTYP_F":0,"ELEVTYP_T":0},"geometry":{"type":"LineString","coordinates":[[-74.038223031881,40.9103004040006],[-74.0382139236731,40.9102937249717],[-74.0378617747746,40.9100480706636],[-74.0377544130993,40.9099768218544]]}},{"type":"Feature","id":417788,"properties":{"OBJECTID":417788,"PRIMENAME":"FR SUMMIT AVE to NJ 17 NB","ELEVTYP_F":0,"ELEVTYP_T":0},"geometry":{"type":"LineString","coordinates":[[-74.0654085673346,40.8829224674772],[-74.0654725909109,40.8830357894665],[-74.0657177159057,40.8835029135049],[-74.0659387180467,40.883920508614],[-74.0661694114793,40.8842392681448]]}},{"type":"Feature","id":417790,"properties":{"OBJECTID":417790,"PRIMENAME":"FR NJ 4 EB to NJ 4 EB","ELEVTYP_F":0,"ELEVTYP_T":0},"geometry":{"type":"LineString","coordinates":[[-74.0397005736951,40.911320669703],[-74.0389180611227,40.9108092386502],[-74.0387314779733,40.9106726740101]]}},{"type":"Feature","id":417792,"properties":{"OBJECTID":417792,"PRIMENAME":"FR NJ 17 NB to US 46 EB","ELEVTYP_F":0,"ELEVTYP_T":1},"geometry":{"type":"LineString","coordinates":[[-74.0630569572972,40.8658824862419],[-74.0630555936555,40.8658813157375],[-74.063035113451,40.8658634996091],[-74.0630149478116,40.865845473935],[-74.0629951037895,40.8658272486486],[-74.062975070973,40.8658083301042],[-74.0629553799818,40.8657892057202],[-74.0629360379274,40.8657698764241],[-74.0629170483328,40.8657503476329],[-74.0628984123547,40.865730623854],[-74.0628740404672,40.8657053515311],[-74.0628500614797,40.8656798645549],[-74.0628264777524,40.8656541647357],[-74.0628032892379,40.8656282592782],[-74.0627805030473,40.8656021491102],[-74.0627581215292,40.865575837843],[-74.0627361446596,40.8655493290791],[-74.0627145807063,40.8655226282535],[-74.0626137201,40.8654094592302],[-74.0625125122522,40.8652964716158],[-74.06241095956,40.8651836618162],[-74.0622878145008,40.8650602792389]]}},{"type":"Feature","id":417793,"properties":{"OBJECTID":417793,"PRIMENAME":"FR NJ 17 NB to US 46 EB","ELEVTYP_F":0,"ELEVTYP_T":1},"geometry":{"type":"LineString","coordinates":[[-74.063327602402,40.8661106126211],[-74.0633026838897,40.8660894098021]]}},{"type":"Feature","id":417794,"properties":{"OBJECTID":417794,"PRIMENAME":"FR NJ 17 NB to US 46 EB","ELEVTYP_F":1,"ELEVTYP_T":0},"geometry":{"type":"LineString","coordinates":[[-74.0633026838897,40.8660894098021],[-74.063254823237,40.8660486317581],[-74.0632068363267,40.8660079405712],[-74.063158725549,40.8659673335487],[-74.0631104885197,40.8659268124826],[-74.0630969206917,40.8659158596811],[-74.0630834744218,40.8659048226847],[-74.0630701533041,40.8658936961037],[-74.0630569572972,40.8658824862419]]}},{"type":"Feature","id":417797,"properties":{"OBJECTID":417797,"PRIMENAME":"Unnamed Segment","ELEVTYP_F":0,"ELEVTYP_T":0},"geometry":{"type":"LineString","coordinates":[[-74.0664875673752,40.8607316661717],[-74.0670681618057,40.86110495163],[-74.0668884437742,40.8613397711052],[-74.0667694230846,40.8613743978246],[-74.0662125841047,40.8611056098101]]}},{"type":"Feature","id":417798,"properties":{"OBJECTID":417798,"PRIMENAME":"Unnamed Segment","ELEVTYP_F":0,"ELEVTYP_T":0},"geometry":{"type":"LineString","coordinates":[[-74.066184548654,40.862412549123],[-74.0666789127636,40.8618838444979]]}},{"type":"Feature","id":417799,"properties":{"OBJECTID":417799,"PRIMENAME":"Unnamed Segment","ELEVTYP_F":0,"ELEVTYP_T":0},"geometry":{"type":"LineString","coordinates":[[-74.0666789127636,40.8618838444979],[-74.0670134464957,40.8615260652657]]}},{"type":"Feature","id":417801,"properties":{"OBJECTID":417801,"PRIMENAME":"Unnamed Segment","ELEVTYP_F":0,"ELEVTYP_T":0},"geometry":{"type":"LineString","coordinates":[[-74.0670134464957,40.8615260652657],[-74.0673123134407,40.8612064291592]]}},{"type":"Feature","id":417802,"properties":{"OBJECTID":417802,"PRIMENAME":"Unnamed Segment","ELEVTYP_F":0,"ELEVTYP_T":0},"geometry":{"type":"LineString","coordinates":[[-74.0670134464957,40.8615260652657],[-74.0671845205844,40.8616347668913],[-74.0674920246846,40.8616567342953],[-74.0677043219163,40.8617985947602]]}},{"type":"Feature","id":417803,"properties":{"OBJECTID":417803,"PRIMENAME":"Unnamed Segment","ELEVTYP_F":0,"ELEVTYP_T":0},"geometry":{"type":"LineString","coordinates":[[-74.0666789127636,40.8618838444979],[-74.0671444771317,40.862171127723]]}},{"type":"Feature","id":417804,"properties":{"OBJECTID":417804,"PRIMENAME":"Unnamed Segment","ELEVTYP_F":0,"ELEVTYP_T":0},"geometry":{"type":"LineString","coordinates":[[-74.0673123134407,40.8612064291592],[-74.0680604698531,40.8611882101402],[-74.068617115001,40.8605732591467]]}},{"type":"Feature","id":417805,"properties":{"OBJECTID":417805,"PRIMENAME":"FR NJ 17 SB to TERRACE AVE","ELEVTYP_F":0,"ELEVTYP_T":0},"geometry":{"type":"LineString","coordinates":[[-74.0639907928776,40.8703911723657],[-74.0640130561151,40.8703309977529],[-74.0640371937529,40.8702712410335],[-74.0640631921977,40.8702119358474],[-74.0640910368087,40.8701531155802],[-74.0641207119063,40.8700948133446],[-74.0641522007801,40.8700370619613],[-74.0641854856992,40.8699798939411],[-74.0642205479214,40.8699233414661]]}},{"type":"Feature","id":417815,"properties":{"OBJECTID":417815,"PRIMENAME":"FR NJ 4 WB to CR 68","ELEVTYP_F":0,"ELEVTYP_T":0},"geometry":{"type":"LineString","coordinates":[[-74.0381662316475,40.9105595721933],[-74.0381901421147,40.9106047209198],[-74.0382153123669,40.9106494738178],[-74.0382417310297,40.910693810659],[-74.0382693861645,40.9107377114031],[-74.0382982652736,40.9107811562072],[-74.038328355306,40.9108241254341],[-74.0383596426634,40.9108665996618],[-74.038392113206,40.9109085596917]]}},{"type":"Feature","id":417816,"properties":{"OBJECTID":417816,"PRIMENAME":"FR CO 56 I EB TO CO 124 II SB","ELEVTYP_F":0,"ELEVTYP_T":0},"geometry":{"type":"LineString","coordinates":[[-74.0457837692767,40.8783957061273],[-74.0457199877193,40.8783857844237],[-74.045656999757,40.8783732785318],[-74.0455949869951,40.8783582245082],[-74.0455341282267,40.8783406657566],[-74.0454745989178,40.8783206529018],[-74.0454165707003,40.8782982436445],[-74.045360210878,40.8782735025945],[-74.045305681944,40.8782465010844],[-74.044692697867,40.877908102382],[-74.0444466900129,40.877792804704],[-74.0441752233786,40.877665574218]]}},{"type":"Feature","id":417817,"properties":{"OBJECTID":417817,"PRIMENAME":"FR CO 503 NB to NJ 4 WB Ramp","ELEVTYP_F":0,"ELEVTYP_T":0},"geometry":{"type":"LineString","coordinates":[[-74.0326178079562,40.907475558039],[-74.0329957852154,40.9075140637186]]}},{"type":"Feature","id":417855,"properties":{"OBJECTID":417855,"PRIMENAME":"FR CO 503 NB to NJ 4 WB Ramp","ELEVTYP_F":0,"ELEVTYP_T":0},"geometry":{"type":"LineString","coordinates":[[-74.0329957852154,40.9075140637186],[-74.0330272410885,40.907517679899],[-74.0330586579318,40.9075214863766],[-74.0330900337455,40.9075254829089],[-74.0331213665321,40.9075296692418]]}},{"type":"Feature","id":417856,"properties":{"OBJECTID":417856,"PRIMENAME":"Unnamed Segment","ELEVTYP_F":0,"ELEVTYP_T":0},"geometry":{"type":"LineString","coordinates":[[-74.0338355878433,40.8576296128596],[-74.033767117414,40.8585225024308]]}},{"type":"Feature","id":417857,"properties":{"OBJECTID":417857,"PRIMENAME":"Unnamed Segment","ELEVTYP_F":0,"ELEVTYP_T":0},"geometry":{"type":"LineString","coordinates":[[-74.0348720053856,40.8576796203524],[-74.034817177723,40.8585713083701]]}},{"type":"Feature","id":417860,"properties":{"OBJECTID":417860,"PRIMENAME":"Unnamed Segment","ELEVTYP_F":0,"ELEVTYP_T":0},"geometry":{"type":"LineString","coordinates":[[-74.040651114595,40.8588393411386],[-74.0383859822065,40.8587050635662]]}},{"type":"Feature","id":417861,"properties":{"OBJECTID":417861,"PRIMENAME":"FR CO C4 TO CO 124 NB","ELEVTYP_F":0,"ELEVTYP_T":0},"geometry":{"type":"LineString","coordinates":[[-74.0424252384028,40.8760953475065],[-74.0428527651373,40.8760790088517],[-74.0428826029084,40.8760773114186],[-74.0429125114377,40.8760766438832],[-74.0429424290565,40.876077007622],[-74.0429722940772,40.8760784018849],[-74.043002044921,40.8760808237971],[-74.0430316202444,40.8760842683649],[-74.0430609590657,40.8760887284859],[-74.0430900008909,40.8760941949636],[-74.0431181748004,40.8761050866062],[-74.0431453589605,40.8761173420207],[-74.0431714389488,40.8761309096225],[-74.0431963049902,40.8761457323035],[-74.0432198524193,40.8761617476731],[-74.0432419821203,40.8761788883201],[-74.043262600945,40.8761970820971],[-74.0432816221042,40.8762162524236]]}},{"type":"Feature","id":417868,"properties":{"OBJECTID":417868,"PRIMENAME":"FR US 46 WB to INDUSTRIAL AVE","ELEVTYP_F":0,"ELEVTYP_T":0},"geometry":{"type":"LineString","coordinates":[[-74.0572961486155,40.8611357929534],[-74.0573672163364,40.8611597821456],[-74.0574374890315,40.8611850853786],[-74.0575069245566,40.8612116874776],[-74.0575754812697,40.8612395724894],[-74.0576431180558,40.8612687236909],[-74.057709794351,40.8612991236001],[-74.0577754701678,40.8613307539857],[-74.057840106118,40.8613635958786],[-74.0580457250539,40.8614837507928],[-74.0582498390535,40.861605376085],[-74.0582919558381,40.8616274253667],[-74.0583355953664,40.861647696108],[-74.0583806274746,40.8616661278468],[-74.0584269178449,40.861682665606],[-74.058474328406,40.8616972600577],[-74.0585227177452,40.8617098676704],[-74.0585719415298,40.8617204508389],[-74.0586218529383,40.8617289779962]]}},{"type":"Feature","id":417869,"properties":{"OBJECTID":417869,"PRIMENAME":"FR I-80 EB to NORTH ST","ELEVTYP_F":0,"ELEVTYP_T":0},"geometry":{"type":"LineString","coordinates":[[-74.0563898175687,40.8671657028248],[-74.0563979902406,40.8670789120354]]}},{"type":"Feature","id":417870,"properties":{"OBJECTID":417870,"PRIMENAME":"FR SUMMIT AVE to NJ 17 NB Ramp","ELEVTYP_F":0,"ELEVTYP_T":0},"geometry":{"type":"LineString","coordinates":[[-74.0633731883204,40.879394138736],[-74.0633936620602,40.8794354316745]]}},{"type":"Feature","id":417873,"properties":{"OBJECTID":417873,"PRIMENAME":"FR CO 49 SB TO CO 503 NB","ELEVTYP_F":0,"ELEVTYP_T":0},"geometry":{"type":"LineString","coordinates":[[-74.0334673510529,40.9131468522452],[-74.0335875755863,40.9129530807769],[-74.033670605277,40.9128671984398],[-74.0337310610604,40.9128268734198],[-74.0338116105596,40.9127849266331],[-74.033905450322,40.912746438535],[-74.0339546046534,40.912733653771]]}},{"type":"Feature","id":417874,"properties":{"OBJECTID":417874,"PRIMENAME":"FR KENNEDY ST to I-80 EB","ELEVTYP_F":1,"ELEVTYP_T":0},"geometry":{"type":"LineString","coordinates":[[-74.0395290499371,40.8668014713046],[-74.0388444838118,40.8668665908593]]}},{"type":"Feature","id":417879,"properties":{"OBJECTID":417879,"PRIMENAME":"FR KENNEDY ST to I-80 EB","ELEVTYP_F":1,"ELEVTYP_T":1},"geometry":{"type":"LineString","coordinates":[[-74.0424902290916,40.8669486893376],[-74.0424795804522,40.8669092849665],[-74.0424778527602,40.8669028003103],[-74.0424590943803,40.866833443216]]}},{"type":"Feature","id":417882,"properties":{"OBJECTID":417882,"PRIMENAME":"FR NJ 4 EB to NJ 4 EB","ELEVTYP_F":0,"ELEVTYP_T":0},"geometry":{"type":"LineString","coordinates":[[-74.0377544130993,40.9099768218544],[-74.0376048055226,40.9098775968603],[-74.0373280625724,40.9096684386865],[-74.0372008665634,40.9095723055559],[-74.0365589040006,40.9091568361736]]}},{"type":"Feature","id":417883,"properties":{"OBJECTID":417883,"PRIMENAME":"FR LINDEN ST TO CO 621 NB","ELEVTYP_F":0,"ELEVTYP_T":0},"geometry":{"type":"LineString","coordinates":[[-74.0456557270858,40.8934383808399],[-74.0458147070445,40.8933907519671],[-74.0459139180518,40.8933711869689],[-74.0460150496881,40.8933670003132],[-74.0461080092075,40.8933780991422],[-74.0462304569462,40.8933988383097]]}},{"type":"Feature","id":417884,"properties":{"OBJECTID":417884,"PRIMENAME":"FR KENNEDY ST to I-80 EB","ELEVTYP_F":1,"ELEVTYP_T":1},"geometry":{"type":"LineString","coordinates":[[-74.0425548957428,40.8671775448132],[-74.0425265118766,40.8670829786158],[-74.0425108211009,40.867024834093]]}},{"type":"Feature","id":417886,"properties":{"OBJECTID":417886,"PRIMENAME":"FR WESLEY ST to I-80 WB LOCAL","ELEVTYP_F":0,"ELEVTYP_T":0},"geometry":{"type":"LineString","coordinates":[[-74.0428945800472,40.868017252207],[-74.0429014222471,40.8679624580038]]}},{"type":"Feature","id":417893,"properties":{"OBJECTID":417893,"PRIMENAME":"FR NJ 17 SB to ESSEX ST","ELEVTYP_F":0,"ELEVTYP_T":0},"geometry":{"type":"LineString","coordinates":[[-74.0648135739971,40.8782895842021],[-74.0647984022384,40.8782077991741],[-74.0647862418593,40.8781257247663],[-74.0647771023114,40.8780434248446],[-74.0647709906951,40.8779609634503],[-74.0647728499268,40.8778712935895],[-74.064778761131,40.8777887427658],[-74.0647886933339,40.8777064145409],[-74.0648026329123,40.8776244217135],[-74.064820560753,40.8775428766222],[-74.0649647968322,40.8770489942047],[-74.0651043733679,40.8765543411886],[-74.0651314794466,40.8764483497417],[-74.0651619908413,40.8763428929037],[-74.0651958893013,40.8762380336987],[-74.0652331545522,40.8761338347932],[-74.065275221575,40.8759966967412],[-74.0653203989268,40.8758601299067],[-74.0653686731443,40.8757241749308],[-74.0654200298428,40.8755888722718]]}},{"type":"Feature","id":417894,"properties":{"OBJECTID":417894,"PRIMENAME":"FR MADISON ST TO CO 51 I SB","ELEVTYP_F":0,"ELEVTYP_T":0},"geometry":{"type":"LineString","coordinates":[[-74.0370515727449,40.9086451027221],[-74.0368886457865,40.9085625665965],[-74.0367305690951,40.9084695383422]]}},{"type":"Feature","id":417895,"properties":{"OBJECTID":417895,"PRIMENAME":"FR BERGEN ST to CO 56 I WB","ELEVTYP_F":0,"ELEVTYP_T":0},"geometry":{"type":"LineString","coordinates":[[-74.0406870084078,40.8793658957238],[-74.0406766717479,40.8793539853782],[-74.0406678673889,40.8793413856655],[-74.0406606744463,40.8793282098072],[-74.0406551575551,40.879314576202],[-74.0406513662892,40.8793006073619],[-74.040649334716,40.8792864288112],[-74.04064908109,40.8792721679586],[-74.0406506076892,40.8792579529524],[-74.0406539007945,40.8792439115286],[-74.0406589308129,40.8792301698635],[-74.0406656525436,40.8792168514397],[-74.0406740055841,40.8792040759364],[-74.0406839148734,40.879191958154],[-74.0406952913659,40.8791806069828],[-74.040708032832,40.879170124424],[-74.0407220247767,40.8791606046737],[-74.0407337540068,40.8791539709375],[-74.0407460368649,40.8791479420023],[-74.0407588193058,40.8791425443957],[-74.0407720450861,40.8791378018674],[-74.0407856560116,40.8791337352847],[-74.0407995921936,40.8791303625409],[-74.0408137923122,40.879127698476],[-74.0408281938864,40.8791257548122]]}},{"type":"Feature","id":417896,"properties":{"OBJECTID":417896,"PRIMENAME":"FR COMMERCE WAY EB TO CO 503 NB","ELEVTYP_F":0,"ELEVTYP_T":0},"geometry":{"type":"LineString","coordinates":[[-74.0327511561064,40.910697431084],[-74.032775097863,40.9106998464423],[-74.0327989368955,40.9107027890345],[-74.0328226530349,40.9107062563709],[-74.0328462262163,40.9107102455181],[-74.0328696364957,40.9107147531011],[-74.0328928640672,40.9107197753063],[-74.0329158892789,40.9107253078846],[-74.0329386926506,40.9107313461554],[-74.0329612548896,40.9107378850098],[-74.032983556907,40.9107449189158],[-74.0330055798343,40.9107524419224],[-74.0330273050391,40.9107604476647],[-74.0330487141407,40.9107689293696],[-74.0330697890259,40.9107778798612],[-74.0330905118642,40.9107872915668],[-74.0331108651231,40.9107971565238],[-74.0331311596306,40.9108057706211],[-74.0331507986352,40.9108152188058],[-74.0331697226351,40.9108254724522],[-74.0331878742951,40.9108365004942]]}},{"type":"Feature","id":417902,"properties":{"OBJECTID":417902,"PRIMENAME":"FR I-80 WB to KENNEDY ST","ELEVTYP_F":0,"ELEVTYP_T":1},"geometry":{"type":"LineString","coordinates":[[-74.0389368323795,40.8671949261515],[-74.0396958578761,40.8672229367134]]}},{"type":"Feature","id":417903,"properties":{"OBJECTID":417903,"PRIMENAME":"FR RAMP X106840 to GREEN ST","ELEVTYP_F":0,"ELEVTYP_T":0},"geometry":{"type":"LineString","coordinates":[[-74.0617268880209,40.8651898983989],[-74.0618456966131,40.8652290256802]]}},{"type":"Feature","id":417904,"properties":{"OBJECTID":417904,"PRIMENAME":"FR NORTH ST to I-80 EB","ELEVTYP_F":0,"ELEVTYP_T":0},"geometry":{"type":"LineString","coordinates":[[-74.0563979902406,40.8670789120354],[-74.0562909057699,40.8671305990798]]}},{"type":"Feature","id":417909,"properties":{"OBJECTID":417909,"PRIMENAME":"FR NJ 4 EB to NJ 4 EB","ELEVTYP_F":0,"ELEVTYP_T":0},"geometry":{"type":"LineString","coordinates":[[-74.0387314779733,40.9106726740101],[-74.038223031881,40.9103004040006]]}},{"type":"Feature","id":417910,"properties":{"OBJECTID":417910,"PRIMENAME":"FR CO 503 NB TO E KENNEDY ST","ELEVTYP_F":0,"ELEVTYP_T":0},"geometry":{"type":"LineString","coordinates":[[-74.0377841582859,40.8673166900169],[-74.0377168898849,40.867490230514],[-74.0376696671882,40.8675785105725],[-74.037620643922,40.8676501939874],[-74.037587219021,40.8676990681301],[-74.0375322579208,40.8677873171062],[-74.0375007679853,40.86784911676],[-74.0374848092105,40.8679080140045],[-74.0374882273625,40.8679729182982],[-74.0375072491323,40.8680349204786],[-74.0375417677959,40.8680940201103],[-74.0375760420725,40.8681323245856],[-74.0375841421486,40.8681413753682],[-74.0376170890572,40.8681612506447],[-74.0376383334452,40.868174065363],[-74.0377273981089,40.8682097769224],[-74.0378399231016,40.8682308697983],[-74.0381692474328,40.868269081584]]}},{"type":"Feature","id":417911,"properties":{"OBJECTID":417911,"PRIMENAME":"FR KENNEDY ST to I-80 EB","ELEVTYP_F":0,"ELEVTYP_T":1},"geometry":{"type":"LineString","coordinates":[[-74.0425276583002,40.8679566994408],[-74.0425496603919,40.8678753985571],[-74.0425935345131,40.8677263300291],[-74.042615590914,40.8676422853069],[-74.0426268890478,40.8675609419593],[-74.0426309730897,40.8674877237692],[-74.0426242062023,40.8674306845272],[-74.042599894966,40.8673274602062],[-74.0425548957428,40.8671775448132]]}},{"type":"Feature","id":417912,"properties":{"OBJECTID":417912,"PRIMENAME":"FR E KANSAS ST TO CO 503 SB","ELEVTYP_F":0,"ELEVTYP_T":0},"geometry":{"type":"LineString","coordinates":[[-74.0417097149793,40.8762521254031],[-74.0416565805721,40.8762506831231],[-74.0416035880733,40.8762474033551],[-74.0415508477195,40.8762422929216],[-74.0414984692223,40.8762353624537],[-74.0414465615407,40.8762266263683],[-74.0413952326541,40.8762161028383],[-74.0413445893377,40.8762038137552],[-74.0412947369404,40.8761897846828],[-74.0412648123837,40.876178664877],[-74.0412358833707,40.8761661186938],[-74.0412080677559,40.8761521972456],[-74.0411814788575,40.8761369572474],[-74.0411562249962,40.8761204607862],[-74.0411324090534,40.8761027750672],[-74.0411101280524,40.8760839721409],[-74.0410894727629,40.876064128609],[-74.0410690346125,40.8760490404068],[-74.0410494057481,40.8760333453263],[-74.0410306174215,40.8760170683569],[-74.0410126995463,40.876000235414],[-74.0409956806498,40.8759828732985],[-74.0409795878283,40.8759650096537],[-74.0409644467034,40.8759466729214],[-74.0409502813813,40.8759278922966]]}},{"type":"Feature","id":417913,"properties":{"OBJECTID":417913,"PRIMENAME":"FR CO 503 SB TO E KANSAS ST","ELEVTYP_F":0,"ELEVTYP_T":0},"geometry":{"type":"LineString","coordinates":[[-74.0411005386554,40.8766716829634],[-74.0411084738563,40.8766438915924],[-74.0411185703322,40.8766165071519],[-74.0411307924115,40.876589626386],[-74.0411450969133,40.8765633442596],[-74.0411614333,40.8765377536225],[-74.0411797438561,40.8765129448814],[-74.0411999638917,40.8764890056809],[-74.0412220219717,40.8764660205932],[-74.0412396260741,40.8764503866511],[-74.0412583787974,40.876435542106],[-74.0412782188123,40.876421535505],[-74.041299081234,40.876408412655],[-74.0413208978339,40.8763962164724],[-74.0413435972634,40.8763849868434],[-74.0413671052866,40.876374760493],[-74.0413913450232,40.876365570865],[-74.0414696916075,40.876335232595],[-74.0415488941543,40.8763062030964],[-74.0416289147226,40.8762784962749],[-74.0417097149793,40.8762521254031]]}},{"type":"Feature","id":417916,"properties":{"OBJECTID":417916,"PRIMENAME":"FR KENNEDY ST to I-80 EB","ELEVTYP_F":1,"ELEVTYP_T":1},"geometry":{"type":"LineString","coordinates":[[-74.0425108211009,40.867024834093],[-74.0424902290916,40.8669486893376]]}},{"type":"Feature","id":417917,"properties":{"OBJECTID":417917,"PRIMENAME":"FR CO 503 NB to NJ 4 WB Ramp","ELEVTYP_F":0,"ELEVTYP_T":0},"geometry":{"type":"LineString","coordinates":[[-74.0326583393022,40.9079650878435],[-74.0326266213263,40.9079648197074],[-74.0325950803688,40.9079622668171],[-74.0325640017162,40.9079574522635],[-74.0325336664727,40.9079504195939],[-74.0325043490186,40.9079412324184],[-74.0324763145279,40.9079299738344],[-74.03244981657,40.907916745675],[-74.0324250948159,40.907901667588],[-74.0324000448421,40.9078778444101],[-74.0323782644987,40.9078522382431],[-74.032359972642,40.9078251063915],[-74.032345353074,40.9077967214903],[-74.0323345526946,40.9077673687654],[-74.0323276800263,40.9077373431675],[-74.0323248041235,40.9077069464084],[-74.0323259538794,40.9076764839288],[-74.0323339772059,40.9076545176625],[-74.0323446344048,40.9076332057722],[-74.032357834787,40.9076127296094],[-74.0323734660231,40.907593263414],[-74.0323913950987,40.9075749728314],[-74.0324114694466,40.9075580135032],[-74.0324335182451,40.9075425297427],[-74.0324573538714,40.907528653307],[-74.0324963836243,40.9075135609826],[-74.0325361786323,40.9074996664644],[-74.0325766750624,40.9074869920398],[-74.0326178079562,40.907475558039]]}},{"type":"Feature","id":417919,"properties":{"OBJECTID":417919,"PRIMENAME":"FR CO 503 NB to NJ 4 WB Ramp","ELEVTYP_F":0,"ELEVTYP_T":0},"geometry":{"type":"LineString","coordinates":[[-74.0329424404008,40.9078864164005],[-74.0329049195264,40.9079008399169],[-74.0328669795238,40.9079146179326],[-74.0328286396833,40.9079277434421],[-74.0327899194991,40.9079402097718],[-74.0327417730291,40.9079546380649],[-74.0327212854108,40.907958755398],[-74.0327004944653,40.9079618771978],[-74.0326794841485,40.907963990858],[-74.0326583393022,40.9079650878435]]}},{"type":"Feature","id":417920,"properties":{"OBJECTID":417920,"PRIMENAME":"FR SUMMIT AVE to NJ 17 SB","ELEVTYP_F":0,"ELEVTYP_T":0},"geometry":{"type":"LineString","coordinates":[[-74.0638653081317,40.8754752860444],[-74.0637554898672,40.8750477648286]]}},{"type":"Feature","id":417921,"properties":{"OBJECTID":417921,"PRIMENAME":"FR CO 503 NB to NJ 4 WB","ELEVTYP_F":0,"ELEVTYP_T":0},"geometry":{"type":"LineString","coordinates":[[-74.0334384907205,40.9079152142798],[-74.0335018519046,40.9078368288525],[-74.0335556206615,40.9077846182074],[-74.0336029584512,40.9077467095013],[-74.0336440060751,40.9077182735874],[-74.0336881815381,40.9076874620104],[-74.0337417503105,40.9076638532807],[-74.0338078390936,40.9076450699281],[-74.0338896127227,40.9076287121116],[-74.0341000824608,40.9076224256084]]}},{"type":"Feature","id":417922,"properties":{"OBJECTID":417922,"PRIMENAME":"FR I-80 WB to POLIFY RD","ELEVTYP_F":0,"ELEVTYP_T":0},"geometry":{"type":"LineString","coordinates":[[-74.0591166524011,40.8721459883546],[-74.0594229369692,40.872604219511],[-74.0595135000919,40.8727492779695],[-74.0595887840288,40.8728971886575],[-74.0596451855363,40.8730189503065],[-74.0596941316561,40.8731088690362],[-74.0597431711374,40.8731900867948],[-74.0597959878748,40.8732742286882],[-74.0598677832698,40.8733758185702],[-74.0599509706983,40.873477424851],[-74.0600493382216,40.873596463664],[-74.0601968831818,40.8737706985133],[-74.0604315249073,40.8740407624331],[-74.0605904023761,40.8742295058055]]}},{"type":"Feature","id":417924,"properties":{"OBJECTID":417924,"PRIMENAME":"FR NJ 17 SB to I-80 EB","ELEVTYP_F":0,"ELEVTYP_T":0},"geometry":{"type":"LineString","coordinates":[[-74.0635531082979,40.8762667953846],[-74.0634297690308,40.8761765967801],[-74.0633083460034,40.8760864323147],[-74.063217312364,40.8760166131951],[-74.0631300957177,40.8759381350758],[-74.0630823033836,40.8758918665075]]}},{"type":"Feature","id":417925,"properties":{"OBJECTID":417925,"PRIMENAME":"FR CO 503 NB TO E KANSAS ST","ELEVTYP_F":0,"ELEVTYP_T":0},"geometry":{"type":"LineString","coordinates":[[-74.0409757350187,40.8760124831823],[-74.0409611005636,40.8760320023717],[-74.0409450867364,40.8760508873437],[-74.0409277411097,40.8760690819949],[-74.0409091152128,40.8760865322726],[-74.0408892643786,40.8761031863357],[-74.0408682475791,40.8761189947083],[-74.0408461272502,40.8761339104266],[-74.0408229691065,40.8761478891791],[-74.0407988419457,40.8761608894376],[-74.0407738174444,40.8761728725808],[-74.0407479699454,40.876183803009],[-74.0407213762362,40.8761936482501],[-74.0406941153216,40.8762023790555],[-74.0406662681885,40.8762099694878],[-74.0406379175654,40.8762163969971],[-74.0406091476767,40.8762216424886]]}},{"type":"Feature","id":417926,"properties":{"OBJECTID":417926,"PRIMENAME":"FR CO 56 I WB TO MAIN ST","ELEVTYP_F":0,"ELEVTYP_T":0},"geometry":{"type":"LineString","coordinates":[[-74.0439829886737,40.8790283357503],[-74.0442027669229,40.8790698840484],[-74.0442188016513,40.8790752098848],[-74.0442341920082,40.8790815368144],[-74.0442488297382,40.8790888203339],[-74.0442626118795,40.8790970092111],[-74.0442754414885,40.8791060458457],[-74.0442872283213,40.8791158666739],[-74.0442978894692,40.8791264026163],[-74.0443073499411,40.8791375795631],[-74.0443155431916,40.8791493188958],[-74.0443224115885,40.8791615380398],[-74.0443279068189,40.8791741510457],[-74.0443319902285,40.8791870691936],[-74.0443346330937,40.8792002016171],[-74.0443358168237,40.8792134559425],[-74.0443355330912,40.8792267389386],[-74.0443337838912,40.8792399571726]]}},{"type":"Feature","id":417968,"properties":{"OBJECTID":417968,"PRIMENAME":"Unnamed Segment","ELEVTYP_F":0,"ELEVTYP_T":0},"geometry":{"type":"LineString","coordinates":[[-74.0626565330153,40.8859432594463],[-74.0625992664434,40.8859983470591],[-74.0620531883235,40.8865236446577],[-74.0626908484273,40.8868473840287],[-74.0627400190963,40.8868723477727]]}},{"type":"Feature","id":417971,"properties":{"OBJECTID":417971,"PRIMENAME":"Unnamed Segment","ELEVTYP_F":0,"ELEVTYP_T":0},"geometry":{"type":"LineString","coordinates":[[-74.0461575863424,40.8726035907421],[-74.0461733739012,40.8725543925994],[-74.0465119039181,40.8714993944528],[-74.0470801833075,40.8716044660487],[-74.0471240858882,40.8716825449245],[-74.0470647442474,40.8718550889381],[-74.0470458286369,40.8719100890048]]}},{"type":"Feature","id":417972,"properties":{"OBJECTID":417972,"PRIMENAME":"Unnamed Segment","ELEVTYP_F":0,"ELEVTYP_T":0},"geometry":{"type":"LineString","coordinates":[[-74.0635309277744,40.8864658157192],[-74.0634691663538,40.8865230868366],[-74.0629341358228,40.8870192132564]]}},{"type":"Feature","id":417978,"properties":{"OBJECTID":417978,"PRIMENAME":"Unnamed Segment","ELEVTYP_F":0,"ELEVTYP_T":0},"geometry":{"type":"LineString","coordinates":[[-74.0656636259354,40.8894357516758],[-74.0656657991859,40.8893177260936],[-74.0656691117716,40.8891377961923]]}},{"type":"Feature","id":417979,"properties":{"OBJECTID":417979,"PRIMENAME":"Unnamed Segment","ELEVTYP_F":0,"ELEVTYP_T":0},"geometry":{"type":"LineString","coordinates":[[-74.0662783038292,40.8905641711067],[-74.0663576467017,40.8904821684135],[-74.0665682195255,40.8902645381623]]}},{"type":"Feature","id":417980,"properties":{"OBJECTID":417980,"PRIMENAME":"Unnamed Segment","ELEVTYP_F":0,"ELEVTYP_T":0},"geometry":{"type":"LineString","coordinates":[[-74.0630366121383,40.890418627685],[-74.0630715479554,40.8904685776145],[-74.0631579954236,40.8905921729081],[-74.0632895273212,40.890662788281],[-74.0635104043743,40.890528398847]]}},{"type":"Feature","id":417981,"properties":{"OBJECTID":417981,"PRIMENAME":"Unnamed Segment","ELEVTYP_F":0,"ELEVTYP_T":0},"geometry":{"type":"LineString","coordinates":[[-74.0628468983833,40.8904681649226],[-74.0628124787129,40.8903704742128],[-74.0628082371421,40.8903584337616],[-74.062730667741,40.890189875021],[-74.0628278316907,40.8900979694378],[-74.0625889954972,40.8899803629881]]}},{"type":"Feature","id":417983,"properties":{"OBJECTID":417983,"PRIMENAME":"Unnamed Segment","ELEVTYP_F":0,"ELEVTYP_T":0},"geometry":{"type":"LineString","coordinates":[[-74.0644140566034,40.890672636903],[-74.0643820482068,40.890706868147],[-74.0641057382113,40.8910023674478]]}},{"type":"Feature","id":417986,"properties":{"OBJECTID":417986,"PRIMENAME":"Unnamed Segment","ELEVTYP_F":0,"ELEVTYP_T":0},"geometry":{"type":"LineString","coordinates":[[-74.0681058665018,40.8891844851209],[-74.068042551079,40.8892446202498],[-74.0678296062297,40.8894468680654],[-74.0677071997766,40.889444656831],[-74.0675661079484,40.8894739267897],[-74.0674293070269,40.8895540469968],[-74.0668195590609,40.8891924131901],[-74.0667395155879,40.8890694093176],[-74.0668332428757,40.8888646715328]]}},{"type":"Feature","id":418020,"properties":{"OBJECTID":418020,"PRIMENAME":"FR I-80 EB to VREELAND AVE","ELEVTYP_F":0,"ELEVTYP_T":0},"geometry":{"type":"LineString","coordinates":[[-74.0438254115393,40.8668327606036],[-74.0435259694816,40.8667613053767],[-74.0432904896626,40.866700670837],[-74.0432360110899,40.8666841791108],[-74.0430907330232,40.8666402052437],[-74.0428910155055,40.8665742756979],[-74.0427627417099,40.8665194998157],[-74.0426345059446,40.8664538819726],[-74.0425312550355,40.8663937421864],[-74.0424032243033,40.8663037491548],[-74.0423028259433,40.8662335746145]]}},{"type":"Feature","id":418023,"properties":{"OBJECTID":418023,"PRIMENAME":"FR I-80 EB to NORTH ST","ELEVTYP_F":0,"ELEVTYP_T":0},"geometry":{"type":"LineString","coordinates":[[-74.0568660142677,40.869533414813],[-74.0566005440194,40.8692967550026],[-74.0563880709267,40.8691396404596],[-74.0562248227859,40.869034841732],[-74.0561564841839,40.8689911262707],[-74.0561110337797,40.8689475537862],[-74.05605045954,40.8688836386277],[-74.0559598125651,40.8687530420094],[-74.0558314031747,40.8685702010101],[-74.0557673416953,40.8684599640367],[-74.0557448402816,40.868401986904],[-74.0557224173343,40.8683324530474],[-74.0557076784808,40.8682600399405],[-74.0557005704213,40.8681818916718],[-74.0557086458843,40.8681153021715],[-74.0557242550208,40.868057498835],[-74.055751306919,40.8680025943755],[-74.0557975859774,40.8679275344376],[-74.055905271588,40.8677861173223],[-74.0560629135777,40.8675927934687],[-74.0563898175687,40.8671657028248]]}},{"type":"Feature","id":418025,"properties":{"OBJECTID":418025,"PRIMENAME":"FR NORTH ST to I-80 EB","ELEVTYP_F":0,"ELEVTYP_T":0},"geometry":{"type":"LineString","coordinates":[[-74.0562909057699,40.8671305990798],[-74.0561910412173,40.8672488785846],[-74.0557718096737,40.8677913949798],[-74.0556984446824,40.8678831597313],[-74.0556679984902,40.8679212428556],[-74.0556218547037,40.8679760467291],[-74.055572027588,40.8680192793702],[-74.0555107192535,40.8680653504736],[-74.0554456371433,40.8681027327045],[-74.0553577013486,40.868139999787],[-74.05526221495,40.8681656815691],[-74.0551515273299,40.8681826294524],[-74.0550408978923,40.8681908770421],[-74.0549341979926,40.8681847008408],[-74.0548313331957,40.8681727207559],[-74.0547719633718,40.8681550988925],[-74.0547323823124,40.8681433521628],[-74.0546030074888,40.8681052745689],[-74.0544621873975,40.8680700065302],[-74.0542870564444,40.8680287871586],[-74.0540396572022,40.8679641488791],[-74.0537618156566,40.8678936268502],[-74.0533822023377,40.8678262791054]]}},{"type":"Feature","id":418028,"properties":{"OBJECTID":418028,"PRIMENAME":"FR I-80 WB to RT 17 NB","ELEVTYP_F":0,"ELEVTYP_T":0},"geometry":{"type":"LineString","coordinates":[[-74.0613003297013,40.8745982734766],[-74.0614817292966,40.8749477907977],[-74.061568256715,40.8751246745888],[-74.0616321215346,40.8752725395854],[-74.0617109039577,40.8754667973307],[-74.0617821908702,40.875646476939],[-74.0618574830946,40.8757943861143],[-74.0619441653082,40.8759481030399],[-74.0621139793956,40.8762237358093],[-74.062404498265,40.8766879093219],[-74.0625667447282,40.8769490198221],[-74.0627138085838,40.8771984885025],[-74.0627927883052,40.8773637595778],[-74.0628603973715,40.8775203402361]]}},{"type":"Feature","id":418029,"properties":{"OBJECTID":418029,"PRIMENAME":"FR NJ 17 NB to I-80 WB","ELEVTYP_F":0,"ELEVTYP_T":0},"geometry":{"type":"LineString","coordinates":[[-74.0637825475337,40.8792994231328],[-74.0640468747517,40.879625120827],[-74.0641799626098,40.8798016021427],[-74.0642806851311,40.8799502091103],[-74.0643852819468,40.8801203794298],[-74.0645543183045,40.8804019618585],[-74.0647231989304,40.8807020996587],[-74.064944367707,40.8810918915261],[-74.0650506267288,40.881292159984],[-74.0652135597261,40.881599238694],[-74.0654224853812,40.8819982890139],[-74.0655999983463,40.8823143305019]]}},{"type":"Feature","id":418030,"properties":{"OBJECTID":418030,"PRIMENAME":"FR I-80 EB to VREELAND AVE","ELEVTYP_F":0,"ELEVTYP_T":0},"geometry":{"type":"LineString","coordinates":[[-74.0423028259433,40.8662335746145],[-74.0423009357416,40.8662142928969],[-74.0423001640514,40.8661949667349],[-74.042300512364,40.866175633504],[-74.0423019800048,40.8661563305931],[-74.0423045641345,40.8661370953323],[-74.0423082597548,40.8661179649209],[-74.0423130597177,40.8660989763557],[-74.0423189547394,40.8660801663588],[-74.0423259334187,40.8660615713069],[-74.0423339822585,40.8660432271614],[-74.0423430856922,40.8660251693979],[-74.0423532261138,40.8660074329386],[-74.0423643839119,40.8659900520841],[-74.0423765375076,40.8659730604472],[-74.0423896633963,40.865956490888],[-74.0424037361932,40.8659403754505]]}},{"type":"Feature","id":418032,"properties":{"OBJECTID":418032,"PRIMENAME":"FR I-80 EB to N J 17 SB","ELEVTYP_F":0,"ELEVTYP_T":0},"geometry":{"type":"LineString","coordinates":[[-74.0649076510353,40.879458404904],[-74.0648214112464,40.879113836174],[-74.0647089398189,40.878821076265],[-74.0646115992285,40.8785428662071],[-74.0645947118997,40.8785015572974],[-74.0644990146157,40.8782674803194],[-74.0643787439199,40.8780007395635],[-74.0643108017705,40.877869549192],[-74.0642556086441,40.8777629744695]]}},{"type":"Feature","id":418033,"properties":{"OBJECTID":418033,"PRIMENAME":"FR NJ 17 SB to I-80 EB","ELEVTYP_F":0,"ELEVTYP_T":0},"geometry":{"type":"LineString","coordinates":[[-74.0643635224872,40.8772885623831],[-74.0640814900489,40.8768129238341],[-74.0640211275992,40.8767200811387],[-74.0639761901248,40.8766620271786],[-74.0639492283897,40.8766271947966],[-74.0638811070178,40.8765429969769],[-74.0637940373072,40.8764529358967],[-74.0636764846735,40.8763569948972],[-74.0635531082979,40.8762667953846]]}},{"type":"Feature","id":418034,"properties":{"OBJECTID":418034,"PRIMENAME":"FR KENNEDY ST to I-80 EB Ramp","ELEVTYP_F":0,"ELEVTYP_T":0},"geometry":{"type":"LineString","coordinates":[[-74.0427399174821,40.8680854418693],[-74.0426875361258,40.868095733056],[-74.0426304638303,40.8680819198661],[-74.0425877116149,40.8680627546102],[-74.042555717964,40.8680355079603],[-74.0425309384665,40.86800013705],[-74.0425276583002,40.8679566994408]]}},{"type":"Feature","id":418036,"properties":{"OBJECTID":418036,"PRIMENAME":"FR I-80 WB to KENNEDY ST","ELEVTYP_F":0,"ELEVTYP_T":0},"geometry":{"type":"LineString","coordinates":[[-74.0396958578761,40.8672229367134],[-74.0401306253426,40.8672389719216],[-74.0407168296943,40.867238590491],[-74.0410099404782,40.8672370671993],[-74.0411600661452,40.8672376644783],[-74.0412672552928,40.8672407808173],[-74.0413672646744,40.867252020473],[-74.0414529912352,40.8672632311816],[-74.0415494019692,40.8672771472779],[-74.0416350555316,40.8672937925035],[-74.041690709085,40.8673086713278],[-74.0417278110704,40.8673185908277],[-74.0418419162189,40.8673570346683],[-74.0419524396685,40.8674008711977],[-74.0420450658077,40.8674446635835],[-74.0421233721078,40.8674938069778],[-74.0421944632205,40.867551074546],[-74.042247711444,40.8676055533414],[-74.0423043910823,40.8676763235368],[-74.0423432446706,40.8677470220774],[-74.0423677622522,40.867820409567],[-74.0423850824705,40.8678991485041],[-74.0423845592344,40.8679751536626],[-74.042373259543,40.868056496974],[-74.0423477528059,40.8681269410498],[-74.0423080565182,40.8681837680294],[-74.0422469379527,40.8682377929625],[-74.0421462815907,40.8682913115089]]}},{"type":"Feature","id":418038,"properties":{"OBJECTID":418038,"PRIMENAME":"FR I-80 EB Ramp to VREELAND AVE","ELEVTYP_F":0,"ELEVTYP_T":0},"geometry":{"type":"LineString","coordinates":[[-74.0423028259433,40.8662335746145],[-74.0422040119946,40.8661645310872],[-74.0421252599708,40.8661016081395],[-74.0420580640923,40.8660479177376],[-74.0420476476549,40.8660425396018],[-74.0420341027257,40.8660384071412],[-74.0420032155602,40.8660349686056]]}},{"type":"Feature","id":418039,"properties":{"OBJECTID":418039,"PRIMENAME":"FR KENNEDY ST to I-80 EB","ELEVTYP_F":1,"ELEVTYP_T":0},"geometry":{"type":"LineString","coordinates":[[-74.0424590943803,40.866833443216],[-74.0424289120704,40.8667216869704],[-74.0424044517431,40.8666402017773],[-74.0423869453185,40.8665885548515],[-74.0423586434445,40.8665450449748],[-74.0423196581196,40.8664987477624],[-74.0422663545788,40.8664524216366],[-74.0421987513,40.8664087278368],[-74.0421132836781,40.8663703989284],[-74.0420275790183,40.8663456559234],[-74.041927626576,40.8663316712267],[-74.041845441912,40.8663313448254],[-74.0417882907312,40.866334384181],[-74.0417290468568,40.8663420819508],[-74.0416880093692,40.8663524600829],[-74.0416055823591,40.8663819423336],[-74.041487226481,40.8664411473333],[-74.0413150236121,40.8665381827014],[-74.0411679172686,40.8666135769692],[-74.0410532343285,40.8666592362404],[-74.0409278681555,40.866696727032],[-74.0408241282478,40.8667180268675],[-74.0406666578955,40.8667391126597],[-74.040419916365,40.8667544067463],[-74.0399622501522,40.866777013042],[-74.0395474659243,40.8667997598893],[-74.0395290499371,40.8668014713046]]}},{"type":"Feature","id":418040,"properties":{"OBJECTID":418040,"PRIMENAME":"FR WESLEY ST to I-80 WB","ELEVTYP_F":0,"ELEVTYP_T":0},"geometry":{"type":"LineString","coordinates":[[-74.0549339195349,40.8699328725616],[-74.055025883608,40.8698666626204],[-74.0550491038464,40.8698117435629],[-74.0550762149027,40.8697481931331],[-74.0551070622503,40.8696990950498],[-74.0551455029516,40.8696500541607],[-74.0551992194279,40.8696039539907],[-74.055268140476,40.8695607942441],[-74.0553560773822,40.8695234732117],[-74.0554286768577,40.8694977301687],[-74.0555203109122,40.8694807086063],[-74.0555927392478,40.8694752231296],[-74.0556766647115,40.8694755464462],[-74.0556877946692,40.8694764763807],[-74.0557490515657,40.8694815898127],[-74.0558175646595,40.8694992283692],[-74.0558936114824,40.8695313626531],[-74.0559886162794,40.8695780357252],[-74.0561442184778,40.8696799505493],[-74.0562284747502,40.8697386235875],[-74.0568463645663,40.8701688897813],[-74.0574412921557,40.8705620808291]]}},{"type":"Feature","id":418057,"properties":{"OBJECTID":418057,"PRIMENAME":"FR SUMMIT AVE to US 46 EB","ELEVTYP_F":0,"ELEVTYP_T":0},"geometry":{"type":"LineString","coordinates":[[-74.0689014600944,40.8713667923057],[-74.0687982334399,40.8713932770247],[-74.0686929717048,40.8714146536043],[-74.0686587971243,40.8714179617052],[-74.0686243652994,40.8714188414904],[-74.0685899750218,40.8714172853254],[-74.0685559247226,40.8714133067142],[-74.0685225098824,40.8714069401823],[-74.0684900204673,40.8713982409771],[-74.0684587384125,40.8713872845882],[-74.0684289351756,40.8713741660926],[-74.0683922252393,40.871350749314],[-74.0683532145537,40.871329584286],[-74.0683121422296,40.8713108007358],[-74.0682692600135,40.8712945137933],[-74.0682126992081,40.8712774107808],[-74.0681540906274,40.8712648962146],[-74.0680940782752,40.8712571076073],[-74.0680333215794,40.8712541305415],[-74.0679451465315,40.8712555111996],[-74.0678569586563,40.8712547349148],[-74.0677688494996,40.8712518024929],[-74.0676809105257,40.8712467169781],[-74.0676186336956,40.8712466293852],[-74.0675564251396,40.8712444146626],[-74.067494410882,40.871240077297],[-74.0674327165535,40.8712336260752],[-74.0674012334916,40.8712274859842],[-74.0673704352006,40.8712195944826],[-74.0673404905138,40.8712099948309],[-74.0673115635853,40.8711987396538],[-74.0672838129892,40.871185890651],[-74.0672573908512,40.8711715182596],[-74.0672324420141,40.8711557012678],[-74.0672091032437,40.8711385263828],[-74.0671588167101,40.8711071158842],[-74.0671066063158,40.8710775694548],[-74.0670525918667,40.8710499548928],[-74.0669968973081,40.8710243355633]]}},{"type":"Feature","id":418059,"properties":{"OBJECTID":418059,"PRIMENAME":"FR GREEN ST to US 46 WB","ELEVTYP_F":0,"ELEVTYP_T":0},"geometry":{"type":"LineString","coordinates":[[-74.0618219310454,40.865159186173],[-74.0617812383595,40.8651342172503],[-74.0615695250153,40.8649712133969],[-74.0613613438187,40.8648056087086],[-74.0611567501805,40.8646374472848],[-74.0609557985546,40.8644667739053],[-74.0609375211317,40.8644446557352],[-74.0609215881811,40.8644215161732],[-74.0609080981177,40.8643974981515],[-74.0608971342663,40.8643727500286],[-74.0608887643473,40.8643474246727],[-74.0608830400583,40.8643216785171],[-74.0608799967549,40.8642956705943],[-74.0608796532321,40.8642695615536],[-74.0608886880698,40.8642458001754],[-74.0609021665409,40.864223284747],[-74.060919803648,40.8642024913422],[-74.0609412264628,40.8641838596234],[-74.0609659820119,40.8641677835451],[-74.0609935468548,40.8641546030246],[-74.0610233381517,40.8641445967544],[-74.0610547259869,40.8641379763096],[-74.0610831667311,40.864136764345],[-74.0611115929824,40.8641381585721],[-74.0611395918803,40.8641421387414],[-74.061166756771,40.8641486470452],[-74.0611926931135,40.8641575889573],[-74.0612170242094,40.8641688346061],[-74.0612393966747,40.8641822206606],[-74.0612594855717,40.8641975527024],[-74.061373028118,40.8642964673803],[-74.0616221635927,40.8645086886181],[-74.0618755311659,40.8647180027472]]}},{"type":"Feature","id":418061,"properties":{"OBJECTID":418061,"PRIMENAME":"FR TERRACE AVE to US 46 EB","ELEVTYP_F":0,"ELEVTYP_T":0},"geometry":{"type":"LineString","coordinates":[[-74.0656454368978,40.8682348660517],[-74.0656141592488,40.8681902645788],[-74.06516478597,40.8679238351491],[-74.0650440088066,40.867863804328],[-74.0649682518282,40.8678315862002],[-74.0649192126903,40.8678213472682],[-74.0648823308438,40.8678232162441],[-74.0648464013488,40.8678298082118],[-74.0648124659193,40.8678409320486],[-74.0647815084561,40.8678562652379],[-74.064763626311,40.8678655506728],[-74.0647447722734,40.8678736527621],[-74.0647250818873,40.8678805132586],[-74.0647046967095,40.8678860828413],[-74.0646837632917,40.8678903214697],[-74.0646624321272,40.8678931986717],[-74.064640856569,40.8678946937626],[-74.0646191917267,40.8678947959941],[-74.0645798263195,40.8678902706289],[-74.0645317793475,40.8678813997525],[-74.0644851033719,40.8678690089781]]}},{"type":"Feature","id":418063,"properties":{"OBJECTID":418063,"PRIMENAME":"FR POLIFLY RD to I-80 EB","ELEVTYP_F":0,"ELEVTYP_T":0},"geometry":{"type":"LineString","coordinates":[[-74.0615011035725,40.8731678515013],[-74.0613527731529,40.8731123068181],[-74.0612272388506,40.873065522051],[-74.0611056155758,40.8730071688994],[-74.060908052918,40.8728993086155],[-74.0607067911292,40.8727769968679],[-74.0605169396381,40.8726518176011],[-74.0603993986246,40.87255584534],[-74.0602932317004,40.8724570344937],[-74.0601946875654,40.8723756282106],[-74.0600998674677,40.8723000005934],[-74.0599897872681,40.8722243417027],[-74.0598531189427,40.8721282959128],[-74.0595160004945,40.8718809804913]]}},{"type":"Feature","id":418067,"properties":{"OBJECTID":418067,"PRIMENAME":"FR US 46 EB to SUMMIT AVE","ELEVTYP_F":0,"ELEVTYP_T":0},"geometry":{"type":"LineString","coordinates":[[-74.0677627056944,40.8719920013028],[-74.0677344234301,40.8719191301206],[-74.0677134587396,40.8718448478339],[-74.0676999309161,40.8717695772109],[-74.0676939169258,40.8716937466432],[-74.0676943990043,40.8716358634005],[-74.0676963021999,40.8716088340563],[-74.0677016375423,40.8715820708356],[-74.0677103550836,40.8715558242665],[-74.0677223732158,40.8715303400407],[-74.0677375794347,40.8715058567131],[-74.0677558313934,40.8714826034695],[-74.0677769582346,40.8714607979803],[-74.06780076219,40.8714406443637],[-74.0678270204321,40.8714223312749],[-74.0678554871596,40.8714060301399],[-74.0678858958987,40.8713918935509],[-74.067917961997,40.8713800538382],[-74.0679513852887,40.8713706218312],[-74.0679858529038,40.8713636858215],[-74.068021042197,40.8713593107357],[-74.0680566237676,40.8713575375282],[-74.0681062209157,40.871359501024],[-74.0681550163596,40.8713665230712],[-74.0682021188773,40.8713784754163],[-74.0682466681666,40.8713951397564],[-74.0682878505566,40.8714162117263],[-74.0683249138692,40.8714413064577],[-74.0683571811567,40.8714699656079],[-74.0683840630663,40.8715016657317],[-74.0683985201389,40.8715303062327],[-74.0684097486071,40.871559769151],[-74.0684176686992,40.8715898451812],[-74.068422224146,40.8716203206617],[-74.0684233825806,40.8716509790931],[-74.0684211357688,40.871681602676],[-74.0684154996675,40.8717119738581],[-74.0684065143113,40.8717418768802],[-74.0683717861044,40.8718543001922],[-74.0682880355456,40.8721062094458]]}},{"type":"Feature","id":418069,"properties":{"OBJECTID":418069,"PRIMENAME":"FR US 46 EB to TERRACE AVE","ELEVTYP_F":0,"ELEVTYP_T":0},"geometry":{"type":"LineString","coordinates":[[-74.0649039978451,40.8684001163824],[-74.064890609416,40.868371515036],[-74.0648790983563,40.8683424465765],[-74.0648694927659,40.8683129819698],[-74.0648618160927,40.8682831931487],[-74.0648560870754,40.8682531528374],[-74.0648523196977,40.8682229343742],[-74.0648505231543,40.868192611532],[-74.0648507018284,40.8681622583386],[-74.0648569993105,40.868140598629],[-74.064866294982,40.8681195700499],[-74.0648784834394,40.8680994110375],[-74.0648934264793,40.8680803501682],[-74.0649109546654,40.8680626035668],[-74.0649308692498,40.8680463724557],[-74.0649529444265,40.8680318408737],[-74.0649769298919,40.8680191735892],[-74.0650080449249,40.8680085519498],[-74.0650406569804,40.8680009466159],[-74.0650742609105,40.8679964753911],[-74.0651083362042,40.8679952075329],[-74.0651423550496,40.8679971626798],[-74.0651757905087,40.8680023105474],[-74.0652081246801,40.8680105713975],[-74.0652388567201,40.8680218172728],[-74.0653289681856,40.8680669575708],[-74.0655768169106,40.8682177705656],[-74.0656454368978,40.8682348660517]]}},{"type":"Feature","id":418073,"properties":{"OBJECTID":418073,"PRIMENAME":"FR NJ 17 SB to US 46 EB Ramp","ELEVTYP_F":0,"ELEVTYP_T":0},"geometry":{"type":"LineString","coordinates":[[-74.064278926294,40.8653154044659],[-74.0642867380107,40.8655738420436],[-74.0642853987834,40.8656163646528],[-74.0642817336645,40.8658573760426],[-74.0642754128323,40.865936534395],[-74.0642645769152,40.86601541025],[-74.0642492462776,40.866093855256],[-74.0642294497381,40.8661717218709],[-74.0642075550428,40.866218477223],[-74.0641794603335,40.8662632817228],[-74.0641454617896,40.866305663014],[-74.0641059178345,40.8663451742861],[-74.0640837952945,40.8663585679098],[-74.0640601720169,40.8663703926291],[-74.0640352404644,40.8663805521059],[-74.0640092037586,40.8663889635688],[-74.0639822740254,40.8663955584881],[-74.0639546706665,40.8664002831336],[-74.063926618572,40.8664030990127],[-74.063898346288,40.8664039831839],[-74.0638530552332,40.8664000673223],[-74.0638090839359,40.8663909444964],[-74.0637674647973,40.866376828901],[-74.0637291749909,40.866358051956],[-74.06362437617,40.8663004169301],[-74.0635224241891,40.8662399107687],[-74.0634234554601,40.866176614434],[-74.063327602402,40.8661106126211]]}},{"type":"Feature","id":418075,"properties":{"OBJECTID":418075,"PRIMENAME":"FR WESLEY ST to I-80 WB LOCAL","ELEVTYP_F":0,"ELEVTYP_T":0},"geometry":{"type":"LineString","coordinates":[[-74.0429315923475,40.8677354384075],[-74.04293674497,40.8677222555627],[-74.0429479494885,40.867654472602],[-74.0429734380971,40.8675867183185],[-74.0430095346075,40.867532593862],[-74.0430563516949,40.8674812297844],[-74.0431138694862,40.8674353421145],[-74.043167752379,40.8673975658665],[-74.0432537795668,40.8673599159794],[-74.043339786425,40.8673303917944],[-74.043432842095,40.8673117653308],[-74.0435437033842,40.8673013612175],[-74.0438690318356,40.8672944961884],[-74.0443503446364,40.8672921153697]]}},{"type":"Feature","id":418082,"properties":{"OBJECTID":418082,"PRIMENAME":"State Street","ELEVTYP_F":0,"ELEVTYP_T":0},"geometry":{"type":"LineString","coordinates":[[-74.0445635064302,40.8842095856935],[-74.0444282162108,40.8844715218799],[-74.0443742504114,40.8845720561264],[-74.0439194083997,40.885419395617]]}},{"type":"Feature","id":418099,"properties":{"OBJECTID":418099,"PRIMENAME":"FR US 46 WB to NJ 17 NB","ELEVTYP_F":0,"ELEVTYP_T":0},"geometry":{"type":"LineString","coordinates":[[-74.0622500710934,40.8651865870004],[-74.062363370311,40.8653542128204],[-74.0624735248744,40.8655230424073],[-74.062580512575,40.8656930417602],[-74.0626843118419,40.8658641766422],[-74.0627399907434,40.8659788200359],[-74.0627898040904,40.866095008341],[-74.0628238928491,40.866184792553],[-74.0628544783985,40.8662753010091],[-74.0629007350875,40.8665100318012],[-74.0629758397723,40.8669438809151],[-74.0630319854483,40.8672476841508],[-74.0630690570109,40.8674756021355],[-74.0631099154997,40.867703146718],[-74.0631673982559,40.868059110564],[-74.0632192789058,40.8684155718758],[-74.0633469337814,40.8693933651499]]}},{"type":"Feature","id":418102,"properties":{"OBJECTID":418102,"PRIMENAME":"FR CO 503 NB to NJ 4 WB","ELEVTYP_F":0,"ELEVTYP_T":0},"geometry":{"type":"LineString","coordinates":[[-74.0330697175381,40.9084890857291],[-74.0330959055195,40.9083975107556],[-74.0331342549641,40.908299974645],[-74.033178666588,40.9082358406581],[-74.0332420807906,40.9081550672977],[-74.0333244078775,40.9080600964982],[-74.0334384907205,40.9079152142798]]}},{"type":"Feature","id":418104,"properties":{"OBJECTID":418104,"PRIMENAME":"FR NJ 17 NB to US 46 EB","ELEVTYP_F":0,"ELEVTYP_T":0},"geometry":{"type":"LineString","coordinates":[[-74.0642631838569,40.8674185212962],[-74.0642650522949,40.8673227518048],[-74.0642606648865,40.8672270297367],[-74.0642500324462,40.8671315904463],[-74.064233181143,40.867036668592],[-74.0642242135529,40.8669932948265],[-74.0642116492862,40.8669504386381],[-74.064206020176,40.8669345358039],[-74.0641998944951,40.8669187400624],[-74.0641932769478,40.8669030577351],[-74.0641861722085,40.8668874996468],[-74.0641785802244,40.8668720739019],[-74.0641705116073,40.8668567904471],[-74.0641619639434,40.8668416555769],[-74.0641529478505,40.8668266783371],[-74.0641369409905,40.8668071700255],[-74.0641204926428,40.866787872578],[-74.0641036122623,40.8667687914337],[-74.0640863009764,40.8667499356023],[-74.0640685658969,40.866731306011],[-74.064050410518,40.8667129125792],[-74.0640318419454,40.8666947571347],[-74.06401286843,40.8666768478135],[-74.0639934875758,40.8666591882088],[-74.0639737135885,40.8666417828768],[-74.0639535476013,40.8666246399269],[-74.0639329955336,40.8666077611822],[-74.0639120656422,40.8665911538784],[-74.0638907626484,40.8665748216355],[-74.0638690912619,40.8665587698744],[-74.0638361444214,40.8665350935676],[-74.0638035470038,40.8665111402964],[-74.0637712989797,40.8664869145636],[-74.0637394074607,40.8664624172971],[-74.0637078771503,40.866437654819],[-74.0636767092349,40.8664126271339],[-74.0636459096161,40.8663873387675],[-74.0636154830093,40.8663617942406],[-74.0635854294204,40.8663359926531],[-74.0635557559253,40.8663099403359],[-74.0635264648788,40.86628364],[-74.0634975586355,40.8662570943563],[-74.0634127668957,40.8661837290464],[-74.063327602402,40.8661106126211]]}},{"type":"Feature","id":418107,"properties":{"OBJECTID":418107,"PRIMENAME":"FR US 46 WB to GREEN ST","ELEVTYP_F":0,"ELEVTYP_T":0},"geometry":{"type":"LineString","coordinates":[[-74.0605694341652,40.8633111899692],[-74.0606294158535,40.8634003188256],[-74.0606825188375,40.8634919283118],[-74.0607285659013,40.8635857127572],[-74.0607674033702,40.8636813592325],[-74.0607843730353,40.8637489301721],[-74.0607942817762,40.8638173057302],[-74.0607970680414,40.8638860613195],[-74.0607927145069,40.863954769991],[-74.0607768366835,40.864042882918],[-74.060765306802,40.8641313847275],[-74.0607591578745,40.8642016522666],[-74.0607557630714,40.8642720275186],[-74.0607631432136,40.864321861982],[-74.0607777857533,40.8643707628421],[-74.0607995086422,40.8644181220702],[-74.0608280417941,40.8644633508043],[-74.0610412650821,40.8646369591747],[-74.0612579153479,40.8648081051802],[-74.0617268880209,40.8651898983989]]}},{"type":"Feature","id":418115,"properties":{"OBJECTID":418115,"PRIMENAME":"FR GREEN ST to US 46 WB","ELEVTYP_F":0,"ELEVTYP_T":0},"geometry":{"type":"LineString","coordinates":[[-74.0621462741983,40.865223331697],[-74.0620838972261,40.8652218359056],[-74.062000727138,40.8652198423621],[-74.0618957550005,40.8652044834321],[-74.0618219310454,40.865159186173]]}},{"type":"Feature","id":418116,"properties":{"OBJECTID":418116,"PRIMENAME":"FR RAMP X106840 to GREEN ST","ELEVTYP_F":0,"ELEVTYP_T":0},"geometry":{"type":"LineString","coordinates":[[-74.0618456966131,40.8652290256802],[-74.0618692557707,40.8652367736237],[-74.0619676517656,40.8652571030733],[-74.0620496973292,40.8652673785258],[-74.0621048609123,40.8652747799145]]}},{"type":"Feature","id":418122,"properties":{"OBJECTID":418122,"PRIMENAME":"FR NJ 17 SB to US 46 EB Ramp","ELEVTYP_F":0,"ELEVTYP_T":0},"geometry":{"type":"LineString","coordinates":[[-74.0649955790354,40.8626106847781],[-74.0648924012856,40.8627928979676],[-74.064791979508,40.862975996545],[-74.064694326903,40.8631599564829],[-74.0645994563084,40.8633447536408],[-74.0645507365753,40.8634375419505],[-74.064504784291,40.8635311404599],[-74.0644616228203,40.8636255016016],[-74.0644212741104,40.8637205774202],[-74.0643874064783,40.8637955532642],[-74.0643564890823,40.8638712601876],[-74.0643285492507,40.8639476312967],[-74.0643036116812,40.864024599111],[-74.0642710523282,40.8641446807806],[-74.064248328724,40.8642512640083],[-74.064238667214,40.864375650996],[-74.0642349006853,40.8645002212358],[-74.0642370340379,40.8646248137612],[-74.0642450645483,40.864749267576],[-74.0642648731845,40.8650322368248],[-74.064278926294,40.8653154044659]]}},{"type":"Feature","id":418129,"properties":{"OBJECTID":418129,"PRIMENAME":"FR US 46 WB to NJ 17 SB","ELEVTYP_F":0,"ELEVTYP_T":0},"geometry":{"type":"LineString","coordinates":[[-74.0634647364432,40.8667183137174],[-74.0635029834976,40.866807487596],[-74.0635372878219,40.8668975810736],[-74.0635676111582,40.8669884937158],[-74.0635939196862,40.8670801241746],[-74.063601202676,40.8671084476642],[-74.0636129481514,40.8672207491204],[-74.0636185753469,40.8673333229714],[-74.0636180746331,40.8674459772015],[-74.0636114468331,40.8675585196572],[-74.0635954235626,40.8676714634529],[-74.0635765075662,40.8677841491026],[-74.0635547059958,40.8678965339141],[-74.0635300270966,40.868008575309],[-74.0634333624809,40.8683846786481],[-74.0634283600563,40.868426370637],[-74.063427559677,40.8684682308047],[-74.0634309660108,40.8685100154453],[-74.0634385592342,40.8685514812924],[-74.063446757132,40.8685687466983],[-74.0634575607568,40.8685851650219],[-74.0634708215921,40.8686005105588],[-74.0634863573414,40.8686145723524],[-74.0635039544343,40.8686271570935],[-74.0635233709624,40.8686380917781],[-74.0635443400052,40.8686472260858],[-74.0635665732988,40.8686544344459],[-74.0635908224497,40.8686584233821],[-74.0636155399275,40.8686600654369],[-74.0636403331852,40.8686593345325],[-74.0636648084726,40.8686562422765],[-74.0636885770891,40.868650837778],[-74.0637112615574,40.8686432068679],[-74.0637325016181,40.8686334707351],[-74.0637519599515,40.8686217840024],[-74.0637800916522,40.868594486133],[-74.0638039260322,40.8685649249459],[-74.0638231503022,40.8685334883929],[-74.0638375121758,40.8685005890374],[-74.0638855449308,40.8684038926689]]}},{"type":"Feature","id":418183,"properties":{"OBJECTID":418183,"PRIMENAME":"FR NJ 4 EB to JOHNSON AVE","ELEVTYP_F":0,"ELEVTYP_T":0},"geometry":{"type":"LineString","coordinates":[[-74.038223031881,40.9103004040006],[-74.0381824098533,40.9102001616961],[-74.0381659841895,40.9101426993929],[-74.0381580194559,40.9100810437251],[-74.0381697609975,40.9100003074819],[-74.0381871329326,40.9099217623408],[-74.0382216173621,40.9097964852233]]}},{"type":"Feature","id":418184,"properties":{"OBJECTID":418184,"PRIMENAME":"FR NJ 4 EB to CO 503 SB","ELEVTYP_F":0,"ELEVTYP_T":0},"geometry":{"type":"LineString","coordinates":[[-74.0346171434809,40.9073274028382],[-74.034409075112,40.9070017826861],[-74.0343655858783,40.9069348780054],[-74.0343345978056,40.9068704120821],[-74.0343130554556,40.9068107599838],[-74.0342977541049,40.9067535213793],[-74.0342856688276,40.9066867434758],[-74.0342861367676,40.9066200441816],[-74.0343024376552,40.9065295546794],[-74.0343249180091,40.9064605559735],[-74.0343726579458,40.9063701934026],[-74.0343981868838,40.9063155079484],[-74.0344236959229,40.9062584070945],[-74.0344397491954,40.9062084311503],[-74.0344463778331,40.9061608063548],[-74.0344404508608,40.9061083821981],[-74.0344220186856,40.9060487147505],[-74.0343880537517,40.9059651592612],[-74.0343540573131,40.9058911838363],[-74.0342950649707,40.9057908659233],[-74.0342515096177,40.9057335132052],[-74.0341798649302,40.9056522207869],[-74.0340987293244,40.9055780269536],[-74.033998760713,40.9055013695691],[-74.033895612203,40.905429474938],[-74.0337892848557,40.9053670917319],[-74.033714210155,40.9053262736267],[-74.033654748475,40.905287906004],[-74.0336204186327,40.9052615526516],[-74.0335892163763,40.9052328524591],[-74.0335643266743,40.9052017615752],[-74.0335624222518,40.9051986244116],[-74.0335425813464,40.9051659338273],[-74.0335211241437,40.9050943422272],[-74.0334998140124,40.9049965916229],[-74.0334702718207,40.9048860710299]]}},{"type":"Feature","id":418185,"properties":{"OBJECTID":418185,"PRIMENAME":"FR NJ 4 WB to CO 503 SB","ELEVTYP_F":0,"ELEVTYP_T":0},"geometry":{"type":"LineString","coordinates":[[-74.0338493078104,40.9067013410592],[-74.0339913876489,40.9070000956431],[-74.0340159940041,40.9070716737418],[-74.0340344251044,40.9071313124213],[-74.0340434138078,40.9071909138474],[-74.0340430124687,40.9072480890375],[-74.0340269263031,40.9073028404749],[-74.0339888452278,40.9073622508071],[-74.0339382406103,40.9074120870509],[-74.0338814249984,40.9074499837068],[-74.0338089937999,40.9074806541248],[-74.0337397738821,40.9074970635408],[-74.0336611974054,40.9075062701934],[-74.0335827046026,40.9075035653708],[-74.033507391026,40.9074913471889],[-74.0334447179792,40.9074720440275],[-74.0334008932881,40.9074527891755],[-74.033360284447,40.9074240508718],[-74.0333103661309,40.9073761964325],[-74.0332698882966,40.9073236044871],[-74.0332421013881,40.9072567629353],[-74.0332178142692,40.9071398957005],[-74.0332013234128,40.9070564655386]]}},{"type":"Feature","id":418187,"properties":{"OBJECTID":418187,"PRIMENAME":"FR NJ 17 NB to POLIFLY RD","ELEVTYP_F":0,"ELEVTYP_T":0},"geometry":{"type":"LineString","coordinates":[[-74.0634259559155,40.8715988970562],[-74.0634169131363,40.8716377831027],[-74.0634044132638,40.8716761133873],[-74.0633885139761,40.8717137110243],[-74.0633692886392,40.8717504025088],[-74.0633489994913,40.8717828297213],[-74.0633261120298,40.8718142443773],[-74.0633142133927,40.8718253994795],[-74.0633011949588,40.8718358090282],[-74.0632871375113,40.8718454084287],[-74.0632721282808,40.8718541381137],[-74.0632562604042,40.8718619439126],[-74.0632396323465,40.8718687773879],[-74.0632223472902,40.8718745961355],[-74.0632045124947,40.8718793640483],[-74.0631862386308,40.8718830515396],[-74.063167639094,40.8718856357274],[-74.0631488293006,40.8718871005759],[-74.0631299259718,40.8718874369953],[-74.0631110464091,40.8718866428979],[-74.0630923077666,40.8718847232115],[-74.063073826324,40.8718816898482],[-74.0630557167647,40.8718775616312],[-74.0630233253321,40.8718684048369],[-74.0629927902068,40.8718561103229],[-74.0629646361539,40.8718408893787],[-74.0629393470171,40.8718230035861],[-74.0629173574038,40.8718027603236],[-74.062899045216,40.8717805074843],[-74.0628847251557,40.8717566274966],[-74.0628746433172,40.8717315307521],[-74.0628682988084,40.8716804183666],[-74.0628658809791,40.871629112403],[-74.0628673980048,40.8715777865385],[-74.0628728447412,40.871526614517]]}},{"type":"Feature","id":418195,"properties":{"OBJECTID":418195,"PRIMENAME":"FR NJ 17 SB to TERRACE AVE","ELEVTYP_F":0,"ELEVTYP_T":0},"geometry":{"type":"LineString","coordinates":[[-74.0636232650292,40.8730120814928],[-74.0636440890829,40.8729017112867],[-74.0636608476254,40.872790942966],[-74.0636735276248,40.8726798628004],[-74.0636821192259,40.8725685573026],[-74.0637061045785,40.8723781685816],[-74.063725446966,40.8721874756843],[-74.0637283606414,40.8721442935644],[-74.0637432673772,40.8719644913868],[-74.0637626224765,40.8717849335858],[-74.0637817416895,40.8715658771687],[-74.0637968502904,40.8713466402717]]}},{"type":"Feature","id":418199,"properties":{"OBJECTID":418199,"PRIMENAME":"FR CO 503 NB to NJ 4 WB Ramp","ELEVTYP_F":0,"ELEVTYP_T":0},"geometry":{"type":"LineString","coordinates":[[-74.0331213665321,40.9075296692418],[-74.0333813237002,40.9075551779688],[-74.0336650450553,40.9075817232961],[-74.0341000824608,40.9076224256084]]}},{"type":"Feature","id":418204,"properties":{"OBJECTID":418204,"PRIMENAME":"FR SERVICE RD WB to NJ 4 WB","ELEVTYP_F":0,"ELEVTYP_T":0},"geometry":{"type":"LineString","coordinates":[[-74.0267210710768,40.9013963136754],[-74.0267800406882,40.9013824228278],[-74.0268362470208,40.901363027511],[-74.0268888016129,40.9013384343107],[-74.026936873729,40.9013090319757],[-74.0271327513889,40.901121320849],[-74.0273311522091,40.9009351418491],[-74.0274089683036,40.9008605193039],[-74.0274914435194,40.9007888354948],[-74.0275226357984,40.9007666664695],[-74.027557109315,40.9007474982637],[-74.027594365676,40.9007316079961],[-74.0276338662574,40.9007192253954],[-74.027675039991,40.900710529479],[-74.0277172916204,40.9007056459654],[-74.0277600103064,40.9007046454566],[-74.0278025784578,40.900707542417],[-74.0278397931594,40.9007133570637],[-74.0278759772681,40.9007221524866],[-74.027910717345,40.9007338281895],[-74.0279436164499,40.9007482507661],[-74.0280488687009,40.9008051299111],[-74.0281514455325,40.9008647567441],[-74.0282512224048,40.9009270588758],[-74.0283480781759,40.9009919606683],[-74.0284418952494,40.9010593833279],[-74.028532559717,40.9011292449997],[-74.0286199614966,40.9012014608678],[-74.0287039944663,40.9012759432577]]}},{"type":"Feature","id":418222,"properties":{"OBJECTID":418222,"PRIMENAME":"FR TERRACE AVE to NJ 17 SB Ramp","ELEVTYP_F":0,"ELEVTYP_T":0},"geometry":{"type":"LineString","coordinates":[[-74.0642205479214,40.8699233414661],[-74.0642027425191,40.8699260074651],[-74.0641848022569,40.8699280882485],[-74.0641667604976,40.8699295799467],[-74.0641486507928,40.8699304797857],[-74.0641305068205,40.869930786092],[-74.0641123623223,40.8699304982961],[-74.0640942510408,40.8699296169331],[-74.0640762066571,40.8699281436421],[-74.0640627376564,40.8699266520309],[-74.0640493392459,40.8699248305479],[-74.0640360254418,40.8699226810986],[-74.0640228101716,40.8699202059316],[-74.064009882596,40.8699145772525],[-74.063997485363,40.869908298596],[-74.063985675094,40.8699013986386],[-74.0639745057297,40.8698939088942],[-74.0639640282834,40.8698858635707],[-74.0639542906083,40.8698772994132],[-74.0639453371786,40.8698682555366],[-74.0639372088868,40.8698587732467]]}},{"type":"Feature","id":418225,"properties":{"OBJECTID":418225,"PRIMENAME":"FR RAMP Y100550 to CO 503","ELEVTYP_F":0,"ELEVTYP_T":0},"geometry":{"type":"LineString","coordinates":[[-74.0334384907205,40.9079152142798],[-74.0334451014342,40.9078652011891],[-74.0334360306346,40.9078175129522],[-74.0334206127085,40.9077769351041],[-74.0333863631895,40.9077339206829],[-74.0333426052991,40.9077051417153],[-74.0332830767797,40.9076810745994],[-74.0332235013275,40.9076689208236],[-74.0331043456277,40.9076655557751]]}},{"type":"Feature","id":418227,"properties":{"OBJECTID":418227,"PRIMENAME":"FR NJ 4 WB to KINDERAMER RD","ELEVTYP_F":0,"ELEVTYP_T":0},"geometry":{"type":"LineString","coordinates":[[-74.0374445873662,40.9099979225654],[-74.0375202423441,40.9100883761687],[-74.0375902420321,40.9101814135302],[-74.0376544334075,40.9102768312976],[-74.0377126761408,40.910374420915],[-74.0377324662184,40.9104224416024],[-74.0377475092705,40.9104714431767],[-74.0377559430607,40.9105104572437],[-74.0377613659323,40.9105497778442],[-74.0377637594519,40.9105892713568],[-74.0377631154803,40.9106288035723],[-74.0377561492816,40.9106550081131],[-74.037746813691,40.9106807849967],[-74.0377351533053,40.9107060110772],[-74.0377212238283,40.9107305658395],[-74.0377050918041,40.9107543319758],[-74.0376868342996,40.9107771959459],[-74.037666538536,40.9107990485192],[-74.0376443014728,40.910819785297],[-74.0376071444896,40.9108389144109],[-74.0375690080515,40.9108568999591],[-74.0375299532758,40.9108737131176],[-74.0374900427516,40.9108893269415]]}},{"type":"Feature","id":418242,"properties":{"OBJECTID":418242,"PRIMENAME":"FR NJ 17 NB to SUMMIT AVE","ELEVTYP_F":0,"ELEVTYP_T":0},"geometry":{"type":"LineString","coordinates":[[-74.0628646705508,40.8770247839896],[-74.0629521128443,40.877186643845],[-74.0630426433958,40.877347522625],[-74.0630966988019,40.8774412803244],[-74.0633437699474,40.8778658923091],[-74.0634949526255,40.8781228971062],[-74.0636443935843,40.8784022931595],[-74.0636685016095,40.878438830933],[-74.0636954342055,40.8784742138963],[-74.0637250957353,40.8785083163997],[-74.0637573808707,40.8785410173404]]}},{"type":"Feature","id":418250,"properties":{"OBJECTID":418250,"PRIMENAME":"FR POLIFLY RD to NJ 17 NB","ELEVTYP_F":0,"ELEVTYP_T":0},"geometry":{"type":"LineString","coordinates":[[-74.0629256299858,40.8719405049277],[-74.0629673154962,40.8719582582153],[-74.0630389908041,40.8719956687924],[-74.0631093008979,40.8720345435679],[-74.0631781938815,40.8720748538497],[-74.0632456189045,40.8721165698859],[-74.0632764258432,40.8721375877283],[-74.0633045381501,40.8721606795579],[-74.0633297145327,40.8721856471761],[-74.0633517388971,40.8722122762845],[-74.063367848149,40.8722521163447],[-74.063387278195,40.872312856496],[-74.0634009370147,40.872374495776],[-74.0634070539657,40.8724314403598],[-74.0634149358632,40.8724882598033],[-74.0634245783399,40.8725449225909],[-74.0634359760519,40.8726013972936],[-74.063449122682,40.8726576525869],[-74.0634640109423,40.8727136572678],[-74.0634806325793,40.8727693802722],[-74.0634989783778,40.8728247906922]]}},{"type":"Feature","id":418267,"properties":{"OBJECTID":418267,"PRIMENAME":"FR CO 503 SB to NJ 4 EB","ELEVTYP_F":0,"ELEVTYP_T":0},"geometry":{"type":"LineString","coordinates":[[-74.0333724623198,40.9058100289577],[-74.0334225757805,40.9057063363161],[-74.0334668871043,40.9056612514172],[-74.0335016880479,40.9056256532999],[-74.0335395008445,40.9056043412981],[-74.0335836614024,40.9055806936767],[-74.0336466003508,40.9055618985685],[-74.0337188623622,40.9055550267685],[-74.0337879127414,40.9055624699182],[-74.0338569130231,40.9055770497961],[-74.0339226986674,40.9056011419098],[-74.0339883818931,40.9056347579401],[-74.0340571314555,40.9056850755792],[-74.0341070322918,40.905735317934],[-74.0341631272785,40.9057998853474],[-74.0342190363508,40.9058858899143],[-74.0342717509707,40.9059837951171],[-74.0342995707189,40.9060458599761],[-74.0343180697972,40.906095974528],[-74.0343271244436,40.9061460239244],[-74.0343268234916,40.9061889255886],[-74.0343139859703,40.9062293892348],[-74.0342948529759,40.9062697995397],[-74.0342474140187,40.9063172595166],[-74.0341937627244,40.9063528096363],[-74.03413395306,40.906374005977],[-74.0340679324975,40.9063832636302],[-74.0339925888411,40.9063805709102],[-74.0339235709274,40.9063683793392],[-74.0338609155847,40.9063466881769],[-74.0337983105941,40.9063178331959],[-74.0337388856511,40.9062842423629],[-74.0336545350443,40.9062195595936],[-74.0334025934112,40.9060321876845]]}},{"type":"Feature","id":418274,"properties":{"OBJECTID":418274,"PRIMENAME":"FR NJ 4 EB to CO 503 NB","ELEVTYP_F":0,"ELEVTYP_T":0},"geometry":{"type":"LineString","coordinates":[[-74.0329463925269,40.9055505834417],[-74.0328285174867,40.9053298531916],[-74.0328037957827,40.9052749365945],[-74.0327884470361,40.9052248345572],[-74.0327833894472,40.9051954709798],[-74.0327794094814,40.9051723697895],[-74.0327828726273,40.9051223439615],[-74.0327957642663,40.9050795203191],[-74.0328179765631,40.9050438714055],[-74.032849630947,40.9050082607346],[-74.0328843312504,40.9049869633542],[-74.0329378817072,40.9049656873719],[-74.0329913109518,40.9049564063914],[-74.0330478567517,40.904956635357],[-74.0331043001506,40.9049663612322],[-74.0331482089166,40.9049784795704],[-74.0331919973294,40.9050024830534],[-74.0332231821272,40.9050336265146],[-74.0332480572329,40.9050718264688],[-74.0332602095313,40.9051290524829],[-74.0332623082275,40.905197410209],[-74.0332627710197,40.9052124542084],[-74.0332973664203,40.9054068252283]]}},{"type":"Feature","id":418276,"properties":{"OBJECTID":418276,"PRIMENAME":"FR RAMP Y200550 to UNNAMED RD","ELEVTYP_F":0,"ELEVTYP_T":0},"geometry":{"type":"LineString","coordinates":[[-74.0326583393022,40.9079650878435],[-74.0326023556385,40.9079791229961],[-74.0325460183659,40.9079923186554],[-74.0324893493532,40.9080046696989],[-74.0324323705983,40.9080161713323],[-74.0323751042195,40.9080268190908],[-74.0323175724463,40.9080366088411],[-74.0322597976117,40.908045536783],[-74.032201802143,40.9080535994509],[-74.0321095120939,40.9080674771369],[-74.0320178920644,40.9080837103533],[-74.0319270464724,40.9081022805994],[-74.0318370788538,40.908123166711]]}},{"type":"Feature","id":418277,"properties":{"OBJECTID":418277,"PRIMENAME":"FR NJ 17 NB to POLIFLY RD","ELEVTYP_F":0,"ELEVTYP_T":0},"geometry":{"type":"LineString","coordinates":[[-74.063345274137,40.869646004],[-74.0632889788567,40.8699344503822],[-74.0632266808129,40.8702221848063],[-74.0632139603458,40.870299559182],[-74.0631985338233,40.8703766494096],[-74.0631786312598,40.8704603592127],[-74.0631555380561,40.8705435955063],[-74.0631151168772,40.8706722772233],[-74.0630701945138,40.8708000959536],[-74.06302080282,40.8709269609884],[-74.0629669768223,40.8710527822953],[-74.0629144571977,40.8711678295438],[-74.0628571822448,40.8712815617759],[-74.0627952089597,40.871393865765],[-74.0627285990172,40.8715046297055],[-74.0626965104838,40.8715571941085],[-74.0626345502445,40.871667028188],[-74.062578354151,40.8717786345368],[-74.0625280099627,40.8718918389214],[-74.0624835963044,40.8720064646124]]}},{"type":"Feature","id":418292,"properties":{"OBJECTID":418292,"PRIMENAME":"FR TERRACE AVE to NJ 17 SB","ELEVTYP_F":0,"ELEVTYP_T":0},"geometry":{"type":"LineString","coordinates":[[-74.0639136303181,40.8698173524278],[-74.0639148273485,40.8696897759166],[-74.06392470464,40.8695624166898],[-74.063948941335,40.8693744352569],[-74.0639679975517,40.8691861103717],[-74.0639920247297,40.8689406169397],[-74.0640214415663,40.8686954618122],[-74.0640302387599,40.8686246498757],[-74.0640544056538,40.8684549368248],[-74.0640957060905,40.868193494184],[-74.0641321079044,40.8679316323768]]}},{"type":"Feature","id":418312,"properties":{"OBJECTID":418312,"PRIMENAME":"FR LAKEVIEW AVE to NJ 4 WB","ELEVTYP_F":0,"ELEVTYP_T":0},"geometry":{"type":"LineString","coordinates":[[-74.0405387369545,40.9121888547129],[-74.0409497089831,40.9123135470365],[-74.0414794548474,40.912472114797],[-74.0418380433887,40.9125725371147]]}},{"type":"Feature","id":418315,"properties":{"OBJECTID":418315,"PRIMENAME":"FR NJ 4 WB to SERVICE RD NB","ELEVTYP_F":0,"ELEVTYP_T":0},"geometry":{"type":"LineString","coordinates":[[-74.0272005420002,40.8999969121072],[-74.0272547980747,40.9000789694107],[-74.0273061486626,40.9001620961722],[-74.027354557172,40.9002462331744],[-74.0273999891068,40.9003313204802],[-74.0274175983875,40.9003894376551],[-74.027429185241,40.9004521830025],[-74.0274333443673,40.9005154626388],[-74.0274300425401,40.9005787713642],[-74.0274193060989,40.9006416037453],[-74.0274014231573,40.9006809653503],[-74.0273807501914,40.9007195322519],[-74.0273573481739,40.9007571906923],[-74.0273312861273,40.9007938295934],[-74.0273026409207,40.9008293408842],[-74.0272714970427,40.9008636198195],[-74.0272379463528,40.9008965652888],[-74.02720208781,40.9009280801149],[-74.0271032818688,40.9010164521893],[-74.0270068353492,40.9011063123868],[-74.0269127871801,40.9011976244456],[-74.0268211753232,40.9012903515181]]}},{"type":"Feature","id":418328,"properties":{"OBJECTID":418328,"PRIMENAME":"FR SUMMIT AVE to NJ 17 NB Ramp","ELEVTYP_F":0,"ELEVTYP_T":0},"geometry":{"type":"LineString","coordinates":[[-74.0633936620602,40.8794354316745],[-74.0635096744676,40.8796694242984],[-74.0637304282164,40.8801210059057],[-74.0638706247515,40.8804487874899]]}},{"type":"Feature","id":418343,"properties":{"OBJECTID":418343,"PRIMENAME":"FR I-80 WB to WESLEY ST","ELEVTYP_F":0,"ELEVTYP_T":0},"geometry":{"type":"LineString","coordinates":[[-74.0538710215262,40.8683883859292],[-74.0544237792668,40.8686805809337],[-74.0545794722262,40.8687737690002],[-74.0546933366955,40.8688494476937],[-74.0547489649838,40.8688940569558],[-74.0547767785568,40.868916362475],[-74.0548336125201,40.8689715625545],[-74.0548942439223,40.8690267781599],[-74.054943393896,40.8690848582758],[-74.0549925214671,40.8691516134781],[-74.05500744629,40.8691823372787]]}},{"type":"Feature","id":418346,"properties":{"OBJECTID":418346,"PRIMENAME":"FR I-80 EB to N J 17 SB","ELEVTYP_F":0,"ELEVTYP_T":0},"geometry":{"type":"LineString","coordinates":[[-74.0635531082979,40.8762667953846],[-74.0635441680769,40.8761799394599],[-74.0635448143715,40.8760815357842],[-74.0635569454716,40.8759744742624],[-74.0635766873209,40.8758703512741],[-74.0636002244082,40.8757720342021],[-74.0636275388728,40.8756766402538],[-74.0636587056789,40.8755783520312],[-74.063678200345,40.8755118340651],[-74.0636939552072,40.8754366546799],[-74.0636984358147,40.8753324739315],[-74.0636907059774,40.8752043719935],[-74.0636881293691,40.875161671647],[-74.0636822287034,40.8748982723448],[-74.0637051916831,40.8745678132238]]}},{"type":"Feature","id":418348,"properties":{"OBJECTID":418348,"PRIMENAME":"FR I-80 WB to WESLEY ST","ELEVTYP_F":0,"ELEVTYP_T":0},"geometry":{"type":"LineString","coordinates":[[-74.05500744629,40.8691823372787],[-74.0550263346365,40.8692212184238],[-74.0550449814494,40.8692878551123],[-74.0550560333795,40.8693544895176],[-74.0550516611949,40.8694297117002],[-74.055032024315,40.8695164590325],[-74.0549699197532,40.8696811904062],[-74.054950912577,40.8697245371663],[-74.0549002242828,40.8698401278996],[-74.0549339195349,40.8699328725616]]}},{"type":"Feature","id":418360,"properties":{"OBJECTID":418360,"PRIMENAME":"FR NJ 17 SB to I-80 EB","ELEVTYP_F":0,"ELEVTYP_T":0},"geometry":{"type":"LineString","coordinates":[[-74.0630823033836,40.8758918665075],[-74.0629861430885,40.8757986679126],[-74.0629066532171,40.8757057521492],[-74.0628120716789,40.8755924947013],[-74.0626532040527,40.8753970199997],[-74.0625737705889,40.8752992825662],[-74.0623922421246,40.8750728221142],[-74.062233431269,40.8748782890313],[-74.0621350019908,40.8747621616059],[-74.0620364563386,40.8746691458716],[-74.0619569105697,40.8745906950766],[-74.0617440193014,40.8743935685024]]}},{"type":"Feature","id":418366,"properties":{"OBJECTID":418366,"PRIMENAME":"FR WESLEY ST to RAMP Y106640","ELEVTYP_F":0,"ELEVTYP_T":0},"geometry":{"type":"LineString","coordinates":[[-74.0429315923475,40.8677354384075],[-74.0429887255243,40.8677981670695],[-74.0430499362364,40.8678620925037],[-74.0430941681556,40.8678881077849],[-74.0431240077958,40.8679094596269],[-74.0431437590235,40.8679223583764],[-74.0431664527637,40.8679358820647],[-74.0431816812917,40.8679436737725],[-74.0431985355963,40.8679486270151],[-74.0432226567218,40.8679531398349]]}},{"type":"Feature","id":418395,"properties":{"OBJECTID":418395,"PRIMENAME":"Green Street","ELEVTYP_F":0,"ELEVTYP_T":0},"geometry":{"type":"LineString","coordinates":[[-74.0553601157867,40.8739141888226],[-74.0548806901155,40.874549523279]]}},{"type":"Feature","id":418418,"properties":{"OBJECTID":418418,"PRIMENAME":"FR PARKING LOT RD TO NJ 4 EB","ELEVTYP_F":0,"ELEVTYP_T":0},"geometry":{"type":"LineString","coordinates":[[-74.0296635400637,40.9003536123219],[-74.0296238728493,40.9003703914773],[-74.0295844469579,40.9003874949619],[-74.0295452669954,40.9004049207778],[-74.0295063375389,40.9004226668893],[-74.0294676631365,40.9004407312232],[-74.0294292483062,40.9004591116692],[-74.029391097536,40.9004778060803],[-74.0293532152827,40.9004968122723]]}},{"type":"Feature","id":418433,"properties":{"OBJECTID":418433,"PRIMENAME":"FR SERVICE RD EB to NJ 4 EB","ELEVTYP_F":0,"ELEVTYP_T":0},"geometry":{"type":"LineString","coordinates":[[-74.0292687838417,40.9001135222141],[-74.0292909366194,40.9001281750719],[-74.029311777275,40.9001438971666],[-74.029331216346,40.9001606210089],[-74.0293491703864,40.9001782748094],[-74.0293655623245,40.9001967827865],[-74.0293803217944,40.9002160654919],[-74.0293933854371,40.9002360401518],[-74.0294046971735,40.9002566210218],[-74.0294116071468,40.900273282027],[-74.0294172173242,40.9002902218654],[-74.0294215083884,40.900307382212],[-74.0294244655637,40.9003247039825],[-74.0294260786676,40.9003421275364],[-74.0294263421447,40.9003595928833],[-74.029425255087,40.9003770398883],[-74.029422821236,40.9003944084799],[-74.0294178773646,40.9004084632423],[-74.0294118038853,40.9004222607569],[-74.0294046237817,40.9004357488093],[-74.0293963642249,40.900448876356],[-74.0293870564714,40.9004615937179],[-74.0293767357445,40.9004738527679],[-74.0293654411008,40.9004856071136],[-74.0293532152827,40.9004968122723]]}},{"type":"Feature","id":418435,"properties":{"OBJECTID":418435,"PRIMENAME":"Hackensack Avenue","ELEVTYP_F":0,"ELEVTYP_T":0},"geometry":{"type":"LineString","coordinates":[[-74.035861953527,40.900606828352],[-74.0357875404761,40.9007254115536],[-74.0352170804936,40.9016232025883],[-74.0347831283488,40.9023056534759],[-74.0347479338283,40.9023611790149],[-74.034285753594,40.903090342514],[-74.033695650577,40.9040282871022],[-74.0336355668797,40.9041259418173]]}},{"type":"Feature","id":418458,"properties":{"OBJECTID":418458,"PRIMENAME":"Hackensack Avenue","ELEVTYP_F":0,"ELEVTYP_T":0},"geometry":{"type":"LineString","coordinates":[[-74.0361685178507,40.9001143034415],[-74.0360899441901,40.9002436579867],[-74.0360507621536,40.900306060832],[-74.0359417061238,40.900479757145]]}},{"type":"Feature","id":418459,"properties":{"OBJECTID":418459,"PRIMENAME":"Maybrook Drive","ELEVTYP_F":0,"ELEVTYP_T":0},"geometry":{"type":"LineString","coordinates":[[-74.063821690602,40.8897912932781],[-74.0640625410422,40.8895619072033],[-74.0641096586297,40.8895180486851],[-74.0641586132477,40.8894753646409]]}},{"type":"Feature","id":418470,"properties":{"OBJECTID":418470,"PRIMENAME":"FR NJ 4 WB to SERVICE RD NB","ELEVTYP_F":0,"ELEVTYP_T":0},"geometry":{"type":"LineString","coordinates":[[-74.0268211753232,40.9012903515181],[-74.0267917733887,40.9013209734636],[-74.0267562198823,40.9013585342426],[-74.0267210710768,40.9013963136754]]}},{"type":"Feature","id":418501,"properties":{"OBJECTID":418501,"PRIMENAME":"FR JOHNSON AVE to FR NJ 4 EB","ELEVTYP_F":0,"ELEVTYP_T":0},"geometry":{"type":"LineString","coordinates":[[-74.0382216173621,40.9097964852233],[-74.0382035292123,40.9098189770284],[-74.0381833087638,40.9098403982187],[-74.0381610656257,40.9098606326743],[-74.0381369203717,40.9098795707083],[-74.0381110038871,40.9098971096612],[-74.0380834566589,40.9099131544578],[-74.0380544280145,40.909927618122],[-74.0380240753119,40.9099404222492],[-74.0379925630872,40.9099514974303],[-74.0379600621619,40.9099607836288],[-74.0379267487178,40.9099682305058],[-74.037892803341,40.9099737976932],[-74.0378584100436,40.909977455012],[-74.0378237552658,40.9099791826367],[-74.0377890268654,40.9099789712022],[-74.0377544130993,40.9099768218544]]}},{"type":"Feature","id":418503,"properties":{"OBJECTID":418503,"PRIMENAME":"Esplanade","ELEVTYP_F":0,"ELEVTYP_T":0},"geometry":{"type":"LineString","coordinates":[[-74.0580726641924,40.8982673935993],[-74.0577643255289,40.8988183810154]]}},{"type":"Feature","id":418510,"properties":{"OBJECTID":418510,"PRIMENAME":"Esplanade","ELEVTYP_F":0,"ELEVTYP_T":0},"geometry":{"type":"LineString","coordinates":[[-74.0585147724499,40.8974881538719],[-74.0584773704535,40.8975520222379],[-74.0584377437358,40.8976151134595],[-74.058207026418,40.8980273420071]]}},{"type":"Feature","id":418521,"properties":{"OBJECTID":418521,"PRIMENAME":"East State Highway 4","ELEVTYP_F":0,"ELEVTYP_T":0},"geometry":{"type":"LineString","coordinates":[[-74.0418380433887,40.9125725371147],[-74.041933392766,40.9126106161713],[-74.0419337188333,40.9126106724009],[-74.042031289495,40.9126495986239],[-74.0424871018369,40.912815828203],[-74.0426892543276,40.9128845667142],[-74.0430558607859,40.91301107844],[-74.0433003360361,40.9130871205326],[-74.043648228761,40.9131992832341],[-74.0438306988283,40.9132522954673],[-74.0439350247833,40.9132826284086],[-74.0445228292644,40.9134458038193],[-74.044997871023,40.9135691965803],[-74.0457549505303,40.9137794782089],[-74.0461547133222,40.913884699783],[-74.0470764552538,40.9141349275246],[-74.0483885305834,40.9144903526839],[-74.0493384989819,40.9147478368552],[-74.0512525589964,40.9152700015532],[-74.0527574916552,40.9156761121486],[-74.052940039791,40.9157252684642]]}},{"type":"Feature","id":418554,"properties":{"OBJECTID":418554,"PRIMENAME":"Midtown Bridge Approach","ELEVTYP_F":0,"ELEVTYP_T":0},"geometry":{"type":"LineString","coordinates":[[-74.0408326543964,40.884147717057],[-74.0401146894983,40.8839700869859]]}},{"type":"Feature","id":418620,"properties":{"OBJECTID":418620,"PRIMENAME":"Hackensack Avenue","ELEVTYP_F":0,"ELEVTYP_T":0},"geometry":{"type":"LineString","coordinates":[[-74.0334155707949,40.9110192943471],[-74.0333769904046,40.9105031540943],[-74.0332985743635,40.9099692240473],[-74.0332609790576,40.9097072060051],[-74.0331066566045,40.9087464894428],[-74.0330697175381,40.9084890857291]]}},{"type":"Feature","id":418621,"properties":{"OBJECTID":418621,"PRIMENAME":"Hackensack Avenue","ELEVTYP_F":0,"ELEVTYP_T":0},"geometry":{"type":"LineString","coordinates":[[-74.0329014115529,40.9082243660449],[-74.032899885608,40.9082369353383],[-74.0328786071216,40.9084637714306],[-74.0328703539457,40.9086956574992],[-74.0328885797165,40.9089076943187],[-74.0329326360441,40.9091871681938],[-74.0331146057478,40.910419799536],[-74.0331288825512,40.9105298458599]]}},{"type":"Feature","id":418643,"properties":{"OBJECTID":418643,"PRIMENAME":"Michael Street","ELEVTYP_F":0,"ELEVTYP_T":0},"geometry":{"type":"LineString","coordinates":[[-74.0467778535671,40.8720215454542],[-74.0468129387658,40.8719103305572],[-74.0468168979335,40.8719031637738],[-74.0468221370858,40.8718964870537],[-74.0468285534941,40.8718904313125],[-74.0468360213468,40.8718851152897],[-74.0468443942159,40.8718806432206],[-74.0468535079278,40.8718771027925],[-74.0468631837833,40.8718745634252],[-74.0468732320604,40.8718730749099],[-74.0468834558291,40.8718726661629],[-74.0468936545777,40.871873345504],[-74.0469036283217,40.8718750996121],[-74.0469131814885,40.8718778940915],[-74.0470458286369,40.8719100890048]]}},{"type":"Feature","id":418644,"properties":{"OBJECTID":418644,"PRIMENAME":"Michael Street","ELEVTYP_F":0,"ELEVTYP_T":0},"geometry":{"type":"LineString","coordinates":[[-74.0470458286369,40.8719100890048],[-74.04782036373,40.8720980689663],[-74.047830902799,40.8721006264733]]}},{"type":"Feature","id":418649,"properties":{"OBJECTID":418649,"PRIMENAME":"Polifly Road","ELEVTYP_F":0,"ELEVTYP_T":0},"geometry":{"type":"LineString","coordinates":[[-74.0620577854751,40.8725184221422],[-74.0620115340332,40.8725740287291],[-74.0619709934242,40.8726212357547]]}},{"type":"Feature","id":418653,"properties":{"OBJECTID":418653,"PRIMENAME":"Chippewa Street","ELEVTYP_F":0,"ELEVTYP_T":0},"geometry":{"type":"LineString","coordinates":[[-74.0488031524819,40.8625688336341],[-74.0483726514158,40.8624725159871],[-74.0481161867436,40.8624151358164],[-74.0476487648914,40.8623105584795],[-74.047514528765,40.8622805256735]]}},{"type":"Feature","id":418667,"properties":{"OBJECTID":418667,"PRIMENAME":"Polifly Road","ELEVTYP_F":0,"ELEVTYP_T":0},"geometry":{"type":"LineString","coordinates":[[-74.0616482506407,40.8729970440692],[-74.0615011035725,40.8731678515013]]}},{"type":"Feature","id":418686,"properties":{"OBJECTID":418686,"PRIMENAME":"Kennedy Street","ELEVTYP_F":0,"ELEVTYP_T":0},"geometry":{"type":"LineString","coordinates":[[-74.0421462815907,40.8682913115089],[-74.0419928078422,40.8683243277085],[-74.0419566364424,40.8683349062673],[-74.041754231142,40.8683772738764]]}},{"type":"Feature","id":418716,"properties":{"OBJECTID":418716,"PRIMENAME":"Old River Street","ELEVTYP_F":0,"ELEVTYP_T":0},"geometry":{"type":"LineString","coordinates":[[-74.0421637023608,40.8810820551486],[-74.0422044399671,40.8810118095188],[-74.0421899647473,40.8809969010376],[-74.0421776494491,40.8809809136527],[-74.0421682672914,40.8809652543993],[-74.0421609590579,40.8809489709057],[-74.0421557955618,40.8809322209549],[-74.0421528268346,40.8809151668493],[-74.0421520816406,40.8808979738387],[-74.0421535671989,40.8808808085186],[-74.0421572691131,40.880863837216],[-74.042163151511,40.8808472243778],[-74.042415665278,40.8800693770904]]}},{"type":"Feature","id":418731,"properties":{"OBJECTID":418731,"PRIMENAME":"West Grove Street","ELEVTYP_F":0,"ELEVTYP_T":0},"geometry":{"type":"LineString","coordinates":[[-74.0265247583914,40.8809449136477],[-74.0268142493142,40.8810133524721]]}},{"type":"Feature","id":418751,"properties":{"OBJECTID":418751,"PRIMENAME":"Zabriskie Street","ELEVTYP_F":0,"ELEVTYP_T":0},"geometry":{"type":"LineString","coordinates":[[-74.037966242348,40.9067927344849],[-74.0395778080371,40.9072988937729]]}},{"type":"Feature","id":418759,"properties":{"OBJECTID":418759,"PRIMENAME":"East Passaic Street","ELEVTYP_F":0,"ELEVTYP_T":0},"geometry":{"type":"LineString","coordinates":[[-74.0608885606607,40.9021397431474],[-74.0610788685668,40.9022519350579],[-74.0617794020974,40.9026649146064]]}},{"type":"Feature","id":418760,"properties":{"OBJECTID":418760,"PRIMENAME":"East Passaic Street","ELEVTYP_F":0,"ELEVTYP_T":0},"geometry":{"type":"LineString","coordinates":[[-74.0606859089591,40.9020202651574],[-74.0608885606607,40.9021397431474]]}},{"type":"Feature","id":418766,"properties":{"OBJECTID":418766,"PRIMENAME":"Brookdale Street","ELEVTYP_F":0,"ELEVTYP_T":0},"geometry":{"type":"LineString","coordinates":[[-74.0600664146322,40.892231097154],[-74.0600654164281,40.8922126232306],[-74.060068143503,40.8921942499616],[-74.0600745320227,40.8921764074006],[-74.0600844324515,40.8921595131788],[-74.0606485222025,40.8916148454643],[-74.0606588633257,40.89160445359]]}},{"type":"Feature","id":418779,"properties":{"OBJECTID":418779,"PRIMENAME":"Hackensack Avenue","ELEVTYP_F":0,"ELEVTYP_T":0},"geometry":{"type":"LineString","coordinates":[[-74.0329424404008,40.9078864164005],[-74.0329014115529,40.9082243660449]]}},{"type":"Feature","id":418780,"properties":{"OBJECTID":418780,"PRIMENAME":"West Spring Valley Avenue","ELEVTYP_F":0,"ELEVTYP_T":0},"geometry":{"type":"LineString","coordinates":[[-74.0607866036766,40.9142144472421],[-74.0600279304069,40.9137617175106]]}},{"type":"Feature","id":418784,"properties":{"OBJECTID":418784,"PRIMENAME":"Kennedy Street","ELEVTYP_F":0,"ELEVTYP_T":0},"geometry":{"type":"LineString","coordinates":[[-74.0432226567218,40.8679531398349],[-74.0431973134317,40.8679524631075],[-74.0431726271366,40.8679525974231],[-74.0431479688228,40.867953499497],[-74.0431233799066,40.8679551678138],[-74.0430989016876,40.8679575995716],[-74.0430745752795,40.8679607906859],[-74.0430504415412,40.8679647357969],[-74.0430265410079,40.8679694282783],[-74.043002913823,40.8679748602487],[-74.042974797184,40.8679838709373],[-74.0429473220402,40.8679939577602],[-74.0429205598071,40.8680050944993],[-74.0428945800472,40.868017252207]]}},{"type":"Feature","id":418785,"properties":{"OBJECTID":418785,"PRIMENAME":"Riverside Square Mall","ELEVTYP_F":0,"ELEVTYP_T":0},"geometry":{"type":"LineString","coordinates":[[-74.0313651954801,40.9040692669773],[-74.0311237619713,40.9042195741794],[-74.0310554790578,40.9043243536937],[-74.0310244495068,40.9044139093255],[-74.0310237797792,40.9045087144225],[-74.0310429570693,40.904662534059],[-74.0310997175423,40.9047550096626],[-74.031186908261,40.9048424847316],[-74.0314792036979,40.9050589110535],[-74.0315631619228,40.9051258731566],[-74.0315964820184,40.9051900674343],[-74.0316027668672,40.9052567140068],[-74.0315659403345,40.9056896043651],[-74.0316092828902,40.9057692128743],[-74.0316697846963,40.9058104558695],[-74.0317809976628,40.9058442193144],[-74.0318620512735,40.9058445483606],[-74.0320005167242,40.9058451103448],[-74.032057767199,40.9058684034046],[-74.0320845872115,40.9058966971839],[-74.0321011465775,40.9059428876665],[-74.0321041634565,40.9059941474135],[-74.0320151615168,40.9066420627934],[-74.0318906862637,40.9073549439238]]}},{"type":"Feature","id":418786,"properties":{"OBJECTID":418786,"PRIMENAME":"Wyoming Avenue","ELEVTYP_F":0,"ELEVTYP_T":0},"geometry":{"type":"LineString","coordinates":[[-74.063229573514,40.9129387448004],[-74.0629608820873,40.913591595479]]}},{"type":"Feature","id":418788,"properties":{"OBJECTID":418788,"PRIMENAME":"Kennedy Street","ELEVTYP_F":0,"ELEVTYP_T":0},"geometry":{"type":"LineString","coordinates":[[-74.0446762916272,40.8682416985856],[-74.0436918761723,40.8680394317657]]}},{"type":"Feature","id":418789,"properties":{"OBJECTID":418789,"PRIMENAME":"Fairway","ELEVTYP_F":0,"ELEVTYP_T":0},"geometry":{"type":"LineString","coordinates":[[-74.0608885606607,40.9021397431474],[-74.0609406482041,40.9020698360496],[-74.0619149634879,40.9007618486903]]}},{"type":"Feature","id":418790,"properties":{"OBJECTID":418790,"PRIMENAME":"Maple Lane","ELEVTYP_F":0,"ELEVTYP_T":0},"geometry":{"type":"LineString","coordinates":[[-74.0652428025462,40.9013537367863],[-74.0682194809654,40.9031462911659],[-74.0682474790803,40.9031202922],[-74.0697724791765,40.9040382917715]]}},{"type":"Feature","id":418791,"properties":{"OBJECTID":418791,"PRIMENAME":"West Howcroft Road","ELEVTYP_F":0,"ELEVTYP_T":0},"geometry":{"type":"LineString","coordinates":[[-74.0674447380799,40.8912577809129],[-74.068031228488,40.8916082283208],[-74.0681133767497,40.8916573133813]]}},{"type":"Feature","id":418792,"properties":{"OBJECTID":418792,"PRIMENAME":"West Spring Valley Avenue","ELEVTYP_F":0,"ELEVTYP_T":0},"geometry":{"type":"LineString","coordinates":[[-74.0585155998179,40.9128574698652],[-74.0578679684779,40.9124696285573],[-74.0575790412647,40.9122966064819]]}},{"type":"Feature","id":418815,"properties":{"OBJECTID":418815,"PRIMENAME":"Michael Street","ELEVTYP_F":0,"ELEVTYP_T":0},"geometry":{"type":"LineString","coordinates":[[-74.047830902799,40.8721006264733],[-74.0486195194286,40.8722920162944],[-74.0486980405854,40.8723110716058]]}},{"type":"Feature","id":418822,"properties":{"OBJECTID":418822,"PRIMENAME":"Troast Street","ELEVTYP_F":0,"ELEVTYP_T":0},"geometry":{"type":"LineString","coordinates":[[-74.0463727007295,40.8733427491222],[-74.0455220841074,40.8731499172435]]}},{"type":"Feature","id":418823,"properties":{"OBJECTID":418823,"PRIMENAME":"Troast Street","ELEVTYP_F":0,"ELEVTYP_T":0},"geometry":{"type":"LineString","coordinates":[[-74.0484521297419,40.8738141172084],[-74.0483551117385,40.8737921074846],[-74.0473138055989,40.8735560783399]]}},{"type":"Feature","id":418825,"properties":{"OBJECTID":418825,"PRIMENAME":"Kennedy Street","ELEVTYP_F":0,"ELEVTYP_T":0},"geometry":{"type":"LineString","coordinates":[[-74.0411954392335,40.8685829438144],[-74.0420226645227,40.8683927725205]]}},{"type":"Feature","id":418826,"properties":{"OBJECTID":418826,"PRIMENAME":"Kennedy Street","ELEVTYP_F":0,"ELEVTYP_T":0},"geometry":{"type":"LineString","coordinates":[[-74.0420226645227,40.8683927725205],[-74.0423899790138,40.8683083276335]]}},{"type":"Feature","id":418827,"properties":{"OBJECTID":418827,"PRIMENAME":"Kennedy Street","ELEVTYP_F":0,"ELEVTYP_T":0},"geometry":{"type":"LineString","coordinates":[[-74.0423899790138,40.8683083276335],[-74.0424166992468,40.8683021836781],[-74.0424433467083,40.8682956490844],[-74.0424697457131,40.8682885571139],[-74.0424958760346,40.8682809132004],[-74.0425217176523,40.8682727232006],[-74.0425472507669,40.8682639933896],[-74.0425724558154,40.8682547304559],[-74.0425973134863,40.8682449414967],[-74.0426218047341,40.8682346340122],[-74.0426459107942,40.8682238158996],[-74.0426696131972,40.8682124954478],[-74.042692893783,40.8682006813301],[-74.0427157347146,40.8681883825984],[-74.0427381184918,40.8681756086757],[-74.0427600279651,40.8681623693491],[-74.0427814463479,40.8681486747625],[-74.0428023572304,40.8681345354082]]}},{"type":"Feature","id":418828,"properties":{"OBJECTID":418828,"PRIMENAME":"Kennedy Street","ELEVTYP_F":0,"ELEVTYP_T":0},"geometry":{"type":"LineString","coordinates":[[-74.0402139534147,40.8685222088059],[-74.0403698213306,40.868583550951],[-74.0404206215253,40.8685923141565],[-74.0404717443468,40.8685999197141],[-74.0405231440265,40.8686063608149],[-74.0405747745483,40.8686116316924],[-74.0406265896893,40.8686157276278],[-74.0406785430613,40.8686186449541],[-74.0407305881521,40.8686203810596],[-74.0407826783678,40.8686209343899],[-74.0408347670737,40.8686203044496],[-74.0408868076367,40.8686184918027],[-74.0409387534666,40.868615498072],[-74.0409905580582,40.8686113259376],[-74.0410421750327,40.8686059791347],[-74.0410935581792,40.8685994624501],[-74.0411446614965,40.8685917817179],[-74.0411954392335,40.8685829438144]]}},{"type":"Feature","id":418848,"properties":{"OBJECTID":418848,"PRIMENAME":"Kennedy Street","ELEVTYP_F":0,"ELEVTYP_T":0},"geometry":{"type":"LineString","coordinates":[[-74.0449996410836,40.8683081397932],[-74.0449277859877,40.8682933751601],[-74.0446762916272,40.8682416985856]]}},{"type":"Feature","id":418852,"properties":{"OBJECTID":418852,"PRIMENAME":"East Forest Avenue","ELEVTYP_F":0,"ELEVTYP_T":0},"geometry":{"type":"LineString","coordinates":[[-74.0592017180715,40.9085519081499],[-74.0590722373903,40.9085197025015],[-74.0581473772019,40.9082896581916]]}},{"type":"Feature","id":418854,"properties":{"OBJECTID":418854,"PRIMENAME":"Wyoming Avenue","ELEVTYP_F":0,"ELEVTYP_T":0},"geometry":{"type":"LineString","coordinates":[[-74.0629608820873,40.913591595479],[-74.0628613023196,40.9138336218472],[-74.0626347298147,40.9143480670108]]}},{"type":"Feature","id":418855,"properties":{"OBJECTID":418855,"PRIMENAME":"Kennedy Street","ELEVTYP_F":0,"ELEVTYP_T":0},"geometry":{"type":"LineString","coordinates":[[-74.041754231142,40.8683772738764],[-74.0411653627622,40.8685077823652]]}},{"type":"Feature","id":418856,"properties":{"OBJECTID":418856,"PRIMENAME":"Kennedy Street","ELEVTYP_F":0,"ELEVTYP_T":0},"geometry":{"type":"LineString","coordinates":[[-74.0428193897118,40.8680613217112],[-74.0427399174821,40.8680854418693]]}},{"type":"Feature","id":418872,"properties":{"OBJECTID":418872,"PRIMENAME":"East Kennedy Street","ELEVTYP_F":0,"ELEVTYP_T":0},"geometry":{"type":"LineString","coordinates":[[-74.0381521878388,40.8682262740189],[-74.0388201543246,40.868325129303],[-74.0402139534147,40.8685222088059]]}},{"type":"Feature","id":418873,"properties":{"OBJECTID":418873,"PRIMENAME":"Kennedy Street","ELEVTYP_F":0,"ELEVTYP_T":0},"geometry":{"type":"LineString","coordinates":[[-74.0411653627622,40.8685077823652],[-74.0410888164904,40.8685226259812],[-74.0410112479738,40.8685340078163],[-74.0409329286387,40.8685418880434],[-74.0408541325392,40.8685462390882],[-74.0407751353981,40.8685470457255],[-74.0406962136415,40.868544305133],[-74.0406176434316,40.8685380269005],[-74.0405396997007,40.8685282329967],[-74.0403390017056,40.8685012222905],[-74.0402139534147,40.8685222088059]]}},{"type":"Feature","id":418874,"properties":{"OBJECTID":418874,"PRIMENAME":"Kennedy Street","ELEVTYP_F":0,"ELEVTYP_T":0},"geometry":{"type":"LineString","coordinates":[[-74.0428945800472,40.868017252207],[-74.0428846892644,40.8680222567349],[-74.0428749314767,40.8680274095236],[-74.0428653105403,40.868032708537],[-74.0428558302567,40.8680381516812],[-74.0428464943723,40.8680437368053],[-74.0428373065762,40.8680494617022],[-74.0428282704992,40.8680553241097],[-74.0428193897118,40.8680613217112]]}},{"type":"Feature","id":418875,"properties":{"OBJECTID":418875,"PRIMENAME":"Kennedy Street","ELEVTYP_F":0,"ELEVTYP_T":0},"geometry":{"type":"LineString","coordinates":[[-74.0424196333826,40.8682325064888],[-74.0421462815907,40.8682913115089]]}},{"type":"Feature","id":418876,"properties":{"OBJECTID":418876,"PRIMENAME":"Kennedy Street","ELEVTYP_F":0,"ELEVTYP_T":0},"geometry":{"type":"LineString","coordinates":[[-74.0427399174821,40.8680854418693],[-74.0427248142715,40.8680995275079],[-74.0427088771249,40.8681130732755],[-74.042692139487,40.8681260507454],[-74.0426746364826,40.8681384326832],[-74.0426564048428,40.8681501931044],[-74.0426374828278,40.8681613073289],[-74.0426179101468,40.8681717520325],[-74.0425977278743,40.8681815052961],[-74.0425769783643,40.8681905466517],[-74.0425557051612,40.8681988571252],[-74.0425339529085,40.8682064192765],[-74.0425117672551,40.8682132172355],[-74.0424891947594,40.8682192367364],[-74.0424662827917,40.8682244651465],[-74.0424430794346,40.8682288914937],[-74.0424196333826,40.8682325064888]]}},{"type":"Feature","id":418878,"properties":{"OBJECTID":418878,"PRIMENAME":"Vincent Avenue","ELEVTYP_F":0,"ELEVTYP_T":0},"geometry":{"type":"LineString","coordinates":[[-74.0641524774129,40.8756432857822],[-74.0638653081317,40.8754752860444]]}},{"type":"Feature","id":418906,"properties":{"OBJECTID":418906,"PRIMENAME":"McDougall Lane","ELEVTYP_F":0,"ELEVTYP_T":0},"geometry":{"type":"LineString","coordinates":[[-74.0305241296349,40.8748181722064],[-74.0318632814614,40.8751241584017]]}},{"type":"Feature","id":418931,"properties":{"OBJECTID":418931,"PRIMENAME":"Williams Avenue","ELEVTYP_F":0,"ELEVTYP_T":0},"geometry":{"type":"LineString","coordinates":[[-74.064278926294,40.8653154044659],[-74.0636702086883,40.8649518519843],[-74.0636585818411,40.8649446709767]]}},{"type":"Feature","id":418942,"properties":{"OBJECTID":418942,"PRIMENAME":"Kennedy Street","ELEVTYP_F":0,"ELEVTYP_T":0},"geometry":{"type":"LineString","coordinates":[[-74.0436918761723,40.8680394317657],[-74.0433613445602,40.8679715040387],[-74.0433272638561,40.8679646067573],[-74.0432927097966,40.8679592355683],[-74.0432578008552,40.8679554088873],[-74.0432226567218,40.8679531398349]]}},{"type":"Feature","id":418943,"properties":{"OBJECTID":418943,"PRIMENAME":"Kotte Place","ELEVTYP_F":0,"ELEVTYP_T":0},"geometry":{"type":"LineString","coordinates":[[-74.035861953527,40.900606828352],[-74.0343536515272,40.8998469087007]]}},{"type":"Feature","id":418944,"properties":{"OBJECTID":418944,"PRIMENAME":"Hackensack Avenue","ELEVTYP_F":0,"ELEVTYP_T":0},"geometry":{"type":"LineString","coordinates":[[-74.0330868425692,40.9067899367476],[-74.0330143520667,40.9073845504455],[-74.0329957852154,40.9075140637186]]}},{"type":"Feature","id":418945,"properties":{"OBJECTID":418945,"PRIMENAME":"Hackensack Avenue","ELEVTYP_F":0,"ELEVTYP_T":0},"geometry":{"type":"LineString","coordinates":[[-74.0329957852154,40.9075140637186],[-74.0329588010539,40.9077722182061],[-74.0329424404008,40.9078864164005]]}},{"type":"Feature","id":418947,"properties":{"OBJECTID":418947,"PRIMENAME":"Haynes Street","ELEVTYP_F":0,"ELEVTYP_T":0},"geometry":{"type":"LineString","coordinates":[[-74.0498576968358,40.8944901640113],[-74.0491630057851,40.8951535354641]]}},{"type":"Feature","id":418958,"properties":{"OBJECTID":418958,"PRIMENAME":"Collins Avenue","ELEVTYP_F":0,"ELEVTYP_T":0},"geometry":{"type":"LineString","coordinates":[[-74.0666419637044,40.8711702053275],[-74.0666226900882,40.8711880119356],[-74.0665994474642,40.8712102749585],[-74.0661520456188,40.871638828731]]}},{"type":"Feature","id":419019,"properties":{"OBJECTID":419019,"PRIMENAME":"Bergen County Plaza","ELEVTYP_F":0,"ELEVTYP_T":0},"geometry":{"type":"LineString","coordinates":[[-74.0438488451987,40.8774226748157],[-74.0434869268591,40.8774630761711],[-74.0412078370831,40.8776090940762]]}},{"type":"Feature","id":419024,"properties":{"OBJECTID":419024,"PRIMENAME":"State Highway 17","ELEVTYP_F":0,"ELEVTYP_T":0},"geometry":{"type":"LineString","coordinates":[[-74.0702974966527,40.8904897341362],[-74.0702529018127,40.8903898409586],[-74.0702080041484,40.8902892676058],[-74.0700775838834,40.8899910656669],[-74.0699378077872,40.8896856925848],[-74.069883179866,40.8895670174293],[-74.069784003846,40.8893515542015],[-74.069551017671,40.8888342247447],[-74.069487808305,40.888682704279],[-74.0693741798562,40.8884103230823],[-74.0692903659535,40.8882163277426],[-74.0692611909378,40.8881529205905],[-74.069187859083,40.8879935776331],[-74.0691038833226,40.8878246974731],[-74.0690648266,40.8877515173117],[-74.068996462014,40.887623421769],[-74.0689030940304,40.8874473423384],[-74.0688003997087,40.887242515158],[-74.0687023545336,40.8870628491182],[-74.0686137953334,40.8868759725014],[-74.0685345471652,40.8867035136126],[-74.0683996496865,40.8863730129047],[-74.0683085350965,40.8861567274306]]}},{"type":"Feature","id":419030,"properties":{"OBJECTID":419030,"PRIMENAME":"State Highway 17","ELEVTYP_F":0,"ELEVTYP_T":0},"geometry":{"type":"LineString","coordinates":[[-74.0636585818411,40.8649446709767],[-74.0636585058496,40.8649448625109],[-74.0636565436459,40.8649497623005],[-74.063562929863,40.8651836016673],[-74.0634718824911,40.8654262942683],[-74.0633852068776,40.8657190444648],[-74.0633319975958,40.8659368739932],[-74.0633026838897,40.8660894098021]]}},{"type":"Feature","id":419033,"properties":{"OBJECTID":419033,"PRIMENAME":"State Highway 17","ELEVTYP_F":0,"ELEVTYP_T":0},"geometry":{"type":"LineString","coordinates":[[-74.0679433668345,40.8853016576372],[-74.067841051341,40.8850618060589],[-74.0677199876391,40.8847851841624],[-74.0676477040181,40.884621247571],[-74.0675663360624,40.8844367141974],[-74.0674638039243,40.8842139623299],[-74.0674527662829,40.8841937103843],[-74.0674030800266,40.884102537828],[-74.0672864653245,40.8838653770125],[-74.0671231541456,40.8835455550697],[-74.0668389994219,40.8829168308319],[-74.0664385323185,40.8820007403336],[-74.0662667087878,40.8815818990889]]}},{"type":"Feature","id":419036,"properties":{"OBJECTID":419036,"PRIMENAME":"State Highway 17","ELEVTYP_F":0,"ELEVTYP_T":0},"geometry":{"type":"LineString","coordinates":[[-74.0683085350965,40.8861567274306],[-74.068228538177,40.8859669908149]]}},{"type":"Feature","id":419038,"properties":{"OBJECTID":419038,"PRIMENAME":"State Highway 17","ELEVTYP_F":0,"ELEVTYP_T":0},"geometry":{"type":"LineString","coordinates":[[-74.0662667087878,40.8815818990889],[-74.0661844021389,40.8813812679612],[-74.0661408465143,40.8812750945935],[-74.0660945701377,40.8811711218682]]}},{"type":"Feature","id":419041,"properties":{"OBJECTID":419041,"PRIMENAME":"State Highway 17","ELEVTYP_F":0,"ELEVTYP_T":0},"geometry":{"type":"LineString","coordinates":[[-74.0637051916831,40.8745678132238],[-74.0637041966381,40.8745265525623],[-74.0637049030203,40.874418954268],[-74.0636915520093,40.874293376958],[-74.0636875683469,40.8741785689687],[-74.0636803853299,40.8740720107015]]}},{"type":"Feature","id":419248,"properties":{"OBJECTID":419248,"PRIMENAME":"First Street","ELEVTYP_F":0,"ELEVTYP_T":0},"geometry":{"type":"LineString","coordinates":[[-74.0440348736218,40.8587657248867],[-74.0440176436724,40.8586961830696],[-74.0439144263026,40.8582795847521]]}},{"type":"Feature","id":419257,"properties":{"OBJECTID":419257,"PRIMENAME":"US Highway 46","ELEVTYP_F":0,"ELEVTYP_T":0},"geometry":{"type":"LineString","coordinates":[[-74.0622770462191,40.865046495661],[-74.0622168619356,40.8649694728588],[-74.0620506026813,40.8647566572702],[-74.0618731253765,40.8645344112729],[-74.0616397186029,40.8642404191886],[-74.0615794509275,40.8641674491992],[-74.061552138646,40.864134378176],[-74.0614751811706,40.8640411971112]]}},{"type":"Feature","id":419258,"properties":{"OBJECTID":419258,"PRIMENAME":"US Highway 46","ELEVTYP_F":0,"ELEVTYP_T":1},"geometry":{"type":"LineString","coordinates":[[-74.0622878145008,40.8650602792389],[-74.0622770462191,40.865046495661]]}},{"type":"Feature","id":419262,"properties":{"OBJECTID":419262,"PRIMENAME":"1st Street","ELEVTYP_F":0,"ELEVTYP_T":0},"geometry":{"type":"LineString","coordinates":[[-74.0535844416423,40.8824903175259],[-74.0532680495404,40.8830449142036],[-74.0532277581585,40.8831151114249]]}},{"type":"Feature","id":419263,"properties":{"OBJECTID":419263,"PRIMENAME":"First Street","ELEVTYP_F":0,"ELEVTYP_T":0},"geometry":{"type":"LineString","coordinates":[[-74.0490832105425,40.8903420708492],[-74.0487378408419,40.8909439170723],[-74.0484308404333,40.8914788850414],[-74.0483998866084,40.8915330310958],[-74.0483890354117,40.8915520112782]]}},{"type":"Feature","id":419264,"properties":{"OBJECTID":419264,"PRIMENAME":"1st Street","ELEVTYP_F":0,"ELEVTYP_T":0},"geometry":{"type":"LineString","coordinates":[[-74.0532277581585,40.8831151114249],[-74.0527831868108,40.8838894917673]]}},{"type":"Feature","id":419265,"properties":{"OBJECTID":419265,"PRIMENAME":"First Street","ELEVTYP_F":0,"ELEVTYP_T":0},"geometry":{"type":"LineString","coordinates":[[-74.0475196759936,40.893071602515],[-74.0472554735387,40.8935297618188],[-74.0470203220241,40.8938703116451]]}},{"type":"Feature","id":419266,"properties":{"OBJECTID":419266,"PRIMENAME":"1st Street","ELEVTYP_F":0,"ELEVTYP_T":0},"geometry":{"type":"LineString","coordinates":[[-74.0539719242479,40.8818020136975],[-74.0536159520295,40.8824350734449],[-74.0535844416423,40.8824903175259]]}},{"type":"Feature","id":419267,"properties":{"OBJECTID":419267,"PRIMENAME":"First Street","ELEVTYP_F":0,"ELEVTYP_T":0},"geometry":{"type":"LineString","coordinates":[[-74.0498438983639,40.8890168509123],[-74.0495318243476,40.8895603098688],[-74.0494794826817,40.8896514571477]]}},{"type":"Feature","id":419268,"properties":{"OBJECTID":419268,"PRIMENAME":"1st Street","ELEVTYP_F":0,"ELEVTYP_T":0},"geometry":{"type":"LineString","coordinates":[[-74.0543730468157,40.8810253739798],[-74.0543117838407,40.8811975466021],[-74.0539719242479,40.8818020136975]]}},{"type":"Feature","id":419269,"properties":{"OBJECTID":419269,"PRIMENAME":"1st Street","ELEVTYP_F":0,"ELEVTYP_T":0},"geometry":{"type":"LineString","coordinates":[[-74.0502675297454,40.8882791279627],[-74.0498438983639,40.8890168509123]]}},{"type":"Feature","id":419270,"properties":{"OBJECTID":419270,"PRIMENAME":"1st Street","ELEVTYP_F":0,"ELEVTYP_T":0},"geometry":{"type":"LineString","coordinates":[[-74.0510251988945,40.8869547389647],[-74.0506613673193,40.8875917947038],[-74.0506580914193,40.8875975131522],[-74.0505702125332,40.8877508822941],[-74.0502675297454,40.8882791279627]]}},{"type":"Feature","id":419271,"properties":{"OBJECTID":419271,"PRIMENAME":"1st Street","ELEVTYP_F":0,"ELEVTYP_T":0},"geometry":{"type":"LineString","coordinates":[[-74.0527831868108,40.8838894917673],[-74.0521625335401,40.8849706468928],[-74.0521054767811,40.8850700119296]]}},{"type":"Feature","id":419272,"properties":{"OBJECTID":419272,"PRIMENAME":"First Street","ELEVTYP_F":0,"ELEVTYP_T":0},"geometry":{"type":"LineString","coordinates":[[-74.0494794826817,40.8896514571477],[-74.0490832105425,40.8903420708492]]}},{"type":"Feature","id":419273,"properties":{"OBJECTID":419273,"PRIMENAME":"1st Street","ELEVTYP_F":0,"ELEVTYP_T":0},"geometry":{"type":"LineString","coordinates":[[-74.0521054767811,40.8850700119296],[-74.0514048339982,40.8862901302616],[-74.0510251988945,40.8869547389647]]}},{"type":"Feature","id":419341,"properties":{"OBJECTID":419341,"PRIMENAME":"Railroad Avenue","ELEVTYP_F":0,"ELEVTYP_T":0},"geometry":{"type":"LineString","coordinates":[[-74.0307743772113,40.8633694039316],[-74.0309960214146,40.864014186414],[-74.0310638350692,40.8642116591863]]}},{"type":"Feature","id":419347,"properties":{"OBJECTID":419347,"PRIMENAME":"River Street Extension","ELEVTYP_F":0,"ELEVTYP_T":0},"geometry":{"type":"LineString","coordinates":[[-74.0352269107504,40.8587607786865],[-74.0352336995924,40.8585730125393],[-74.0352542338182,40.858330030079],[-74.0352936397743,40.8580871515497],[-74.0353595878907,40.8578072124134],[-74.0353894451753,40.8576927934527],[-74.0354408304323,40.857495878748],[-74.0354439296227,40.8574818089877]]}},{"type":"Feature","id":419739,"properties":{"OBJECTID":419739,"PRIMENAME":"University Plaza Drive","ELEVTYP_F":0,"ELEVTYP_T":0},"geometry":{"type":"LineString","coordinates":[[-74.0397955681984,40.8959690582152],[-74.0396360848141,40.8959939770816],[-74.0395010524048,40.8960114862953],[-74.0393653849436,40.8960258944105],[-74.0392292060953,40.8960371882937],[-74.0390926399914,40.8960453576505],[-74.0389558111165,40.8960503950341],[-74.0388188441946,40.8960522958531],[-74.0386818640758,40.8960510583748],[-74.0385449956223,40.8960466837274]]}},{"type":"Feature","id":419740,"properties":{"OBJECTID":419740,"PRIMENAME":"MacArthur Avenue","ELEVTYP_F":0,"ELEVTYP_T":0},"geometry":{"type":"LineString","coordinates":[[-74.0674238748821,40.8748089907963],[-74.0674823380113,40.8748564617649],[-74.0675361831345,40.8749069822269],[-74.0675851349866,40.8749602939236],[-74.067628943315,40.875016124327],[-74.0676613975916,40.8750692308333],[-74.0676987149719,40.875120463705],[-74.0677407088722,40.8751695667671],[-74.0677871693239,40.8752162944932],[-74.0678378640231,40.8752604132341],[-74.0678925394922,40.8753017023852],[-74.0679509223472,40.8753399554905],[-74.0680127206648,40.8753749812743],[-74.0683219563256,40.8755465997311]]}},{"type":"Feature","id":419741,"properties":{"OBJECTID":419741,"PRIMENAME":"MacArthur Avenue","ELEVTYP_F":0,"ELEVTYP_T":0},"geometry":{"type":"LineString","coordinates":[[-74.0683219563256,40.8755465997311],[-74.0684919550772,40.8756409400991]]}},{"type":"Feature","id":419742,"properties":{"OBJECTID":419742,"PRIMENAME":"MacArthur Avenue","ELEVTYP_F":0,"ELEVTYP_T":0},"geometry":{"type":"LineString","coordinates":[[-74.0664830718826,40.8742651717548],[-74.0666538139811,40.8743619689902],[-74.067066638328,40.8745958509082],[-74.0672965121065,40.8747253688787],[-74.0673297897364,40.8747449830037],[-74.0673621360016,40.8747654751824],[-74.0673935107114,40.8747868199534],[-74.0674238748821,40.8748089907963]]}},{"type":"Feature","id":419743,"properties":{"OBJECTID":419743,"PRIMENAME":"Second Street","ELEVTYP_F":0,"ELEVTYP_T":0},"geometry":{"type":"LineString","coordinates":[[-74.0492618852302,40.8930779300484],[-74.0488178646066,40.8938556170637]]}},{"type":"Feature","id":419744,"properties":{"OBJECTID":419744,"PRIMENAME":"Second Street","ELEVTYP_F":0,"ELEVTYP_T":0},"geometry":{"type":"LineString","coordinates":[[-74.0515679257299,40.8890163479727],[-74.0511593763823,40.8897451034255]]}},{"type":"Feature","id":419745,"properties":{"OBJECTID":419745,"PRIMENAME":"Second Street","ELEVTYP_F":0,"ELEVTYP_T":0},"geometry":{"type":"LineString","coordinates":[[-74.0488178646066,40.8938556170637],[-74.048352893811,40.8946699480054]]}},{"type":"Feature","id":419746,"properties":{"OBJECTID":419746,"PRIMENAME":"Second Street","ELEVTYP_F":0,"ELEVTYP_T":0},"geometry":{"type":"LineString","coordinates":[[-74.0496876764503,40.8923250941141],[-74.0492618852302,40.8930779300484]]}},{"type":"Feature","id":419747,"properties":{"OBJECTID":419747,"PRIMENAME":"2nd Street","ELEVTYP_F":0,"ELEVTYP_T":0},"geometry":{"type":"LineString","coordinates":[[-74.053206594004,40.8862520298673],[-74.0532013809497,40.8862387408867],[-74.0531978000022,40.8862251444288],[-74.0531958814991,40.8862113556857],[-74.0531956416933,40.8861974914786],[-74.0531970826155,40.8861836692677],[-74.0532001920569,40.8861700061578],[-74.0532049436725,40.8861566179051],[-74.0532112972049,40.8861436179377],[-74.0535067627091,40.8856265187152],[-74.0535265311857,40.8855805483103],[-74.053546298442,40.8855345787974]]}},{"type":"Feature","id":419766,"properties":{"OBJECTID":419766,"PRIMENAME":"Cedar Lane","ELEVTYP_F":0,"ELEVTYP_T":0},"geometry":{"type":"LineString","coordinates":[[-74.0330320458418,40.8917005140755],[-74.0324456073394,40.8916569724001]]}},{"type":"Feature","id":419774,"properties":{"OBJECTID":419774,"PRIMENAME":"Unnamed Segment","ELEVTYP_F":0,"ELEVTYP_T":0},"geometry":{"type":"LineString","coordinates":[[-74.0315609420129,40.892006142611],[-74.0323766014954,40.8921157086314]]}},{"type":"Feature","id":419775,"properties":{"OBJECTID":419775,"PRIMENAME":"Unnamed Segment","ELEVTYP_F":0,"ELEVTYP_T":0},"geometry":{"type":"LineString","coordinates":[[-74.0323766014954,40.8921157086314],[-74.0325788083104,40.8921428698731],[-74.0343387216238,40.8922662656027]]}},{"type":"Feature","id":419800,"properties":{"OBJECTID":419800,"PRIMENAME":"Myer Street","ELEVTYP_F":0,"ELEVTYP_T":0},"geometry":{"type":"LineString","coordinates":[[-74.0480797760914,40.8814277805149],[-74.0496915412209,40.8817560654971],[-74.0503250224052,40.881891089835]]}},{"type":"Feature","id":419836,"properties":{"OBJECTID":419836,"PRIMENAME":"Fourth Avenue","ELEVTYP_F":0,"ELEVTYP_T":0},"geometry":{"type":"LineString","coordinates":[[-74.042203416985,40.8613100648557],[-74.0431035130842,40.8615661960986]]}},{"type":"Feature","id":419861,"properties":{"OBJECTID":419861,"PRIMENAME":"Polifly Road","ELEVTYP_F":0,"ELEVTYP_T":0},"geometry":{"type":"LineString","coordinates":[[-74.0593893986772,40.8756385365616],[-74.0591139830287,40.8759606516743]]}},{"type":"Feature","id":419863,"properties":{"OBJECTID":419863,"PRIMENAME":"Troast Street","ELEVTYP_F":0,"ELEVTYP_T":0},"geometry":{"type":"LineString","coordinates":[[-74.0473138055989,40.8735560783399],[-74.0463727007295,40.8733427491222]]}},{"type":"Feature","id":419887,"properties":{"OBJECTID":419887,"PRIMENAME":"US Highway 46","ELEVTYP_F":0,"ELEVTYP_T":1},"geometry":{"type":"LineString","coordinates":[[-74.0618755311659,40.8647180027472],[-74.0619751101846,40.8648422310765],[-74.0621848457525,40.8651038813606],[-74.0622118827028,40.8651381588502]]}},{"type":"Feature","id":419987,"properties":{"OBJECTID":419987,"PRIMENAME":"Cedar Lane","ELEVTYP_F":0,"ELEVTYP_T":0},"geometry":{"type":"LineString","coordinates":[[-74.0361169221942,40.8919577504472],[-74.0357007214653,40.8919244712201],[-74.035393321148,40.8918998897264],[-74.0350638732037,40.891862850157],[-74.0347767436997,40.8918366313543],[-74.0331903960739,40.8917122716928],[-74.0330320458418,40.8917005140755]]}},{"type":"Feature","id":420138,"properties":{"OBJECTID":420138,"PRIMENAME":"Parkway","ELEVTYP_F":0,"ELEVTYP_T":0},"geometry":{"type":"LineString","coordinates":[[-74.0644377772812,40.9079759343721],[-74.0652164143171,40.9081703856564],[-74.0652923493222,40.9081882392228]]}},{"type":"Feature","id":420139,"properties":{"OBJECTID":420139,"PRIMENAME":"Temple Avenue","ELEVTYP_F":0,"ELEVTYP_T":0},"geometry":{"type":"LineString","coordinates":[[-74.0359507221228,40.8982062514509],[-74.0346932763503,40.897761007563],[-74.0339584676419,40.8974812923056]]}},{"type":"Feature","id":420143,"properties":{"OBJECTID":420143,"PRIMENAME":"Railroad Avenue","ELEVTYP_F":0,"ELEVTYP_T":0},"geometry":{"type":"LineString","coordinates":[[-74.0493397571993,40.8844211232389],[-74.049681847375,40.8837146228827],[-74.0500105672236,40.883053277772]]}},{"type":"Feature","id":420176,"properties":{"OBJECTID":420176,"PRIMENAME":"Railroad Avenue","ELEVTYP_F":0,"ELEVTYP_T":0},"geometry":{"type":"LineString","coordinates":[[-74.0467607135275,40.8893013660705],[-74.0471238676286,40.8886433226025],[-74.0471711046797,40.8885585521668]]}},{"type":"Feature","id":420180,"properties":{"OBJECTID":420180,"PRIMENAME":"Parkway","ELEVTYP_F":0,"ELEVTYP_T":0},"geometry":{"type":"LineString","coordinates":[[-74.066280517996,40.9085262916558],[-74.0663111211778,40.9085463081921],[-74.0663391443441,40.9085683926063],[-74.0663643457225,40.9085923543651],[-74.0663865078846,40.9086179867382],[-74.066577970081,40.9088796116766],[-74.0666131485656,40.9089270225416],[-74.0666557678715,40.9089707787758],[-74.0667051768886,40.9090102118856],[-74.0667606207718,40.9090447194232],[-74.0678620910188,40.9096998934136]]}},{"type":"Feature","id":420181,"properties":{"OBJECTID":420181,"PRIMENAME":"Railroad Avenue","ELEVTYP_F":0,"ELEVTYP_T":0},"geometry":{"type":"LineString","coordinates":[[-74.0511432167754,40.8802064107504],[-74.0508413000189,40.8808316618766]]}},{"type":"Feature","id":420183,"properties":{"OBJECTID":420183,"PRIMENAME":"Parkway","ELEVTYP_F":0,"ELEVTYP_T":0},"geometry":{"type":"LineString","coordinates":[[-74.0627232043008,40.9075485113465],[-74.0635820980754,40.9077622456371]]}},{"type":"Feature","id":420184,"properties":{"OBJECTID":420184,"PRIMENAME":"Clinton Avenue","ELEVTYP_F":0,"ELEVTYP_T":0},"geometry":{"type":"LineString","coordinates":[[-74.0634336414801,40.8916304843807],[-74.0626925106501,40.8923409896081]]}},{"type":"Feature","id":420186,"properties":{"OBJECTID":420186,"PRIMENAME":"Parkway","ELEVTYP_F":0,"ELEVTYP_T":0},"geometry":{"type":"LineString","coordinates":[[-74.0588866900729,40.9065920065632],[-74.0590739353777,40.9066387828884],[-74.0599373878379,40.9068544277271]]}},{"type":"Feature","id":420228,"properties":{"OBJECTID":420228,"PRIMENAME":"Railroad Avenue","ELEVTYP_F":0,"ELEVTYP_T":0},"geometry":{"type":"LineString","coordinates":[[-74.0479786862636,40.8871056972063],[-74.0483210051407,40.8864718563357],[-74.0483580317317,40.8864032988349],[-74.0483957144563,40.8863302032287],[-74.0488180122072,40.8855110191869],[-74.0491542574645,40.8848040302845],[-74.0493397571993,40.8844211232389]]}},{"type":"Feature","id":420236,"properties":{"OBJECTID":420236,"PRIMENAME":"Railroad Avenue","ELEVTYP_F":0,"ELEVTYP_T":0},"geometry":{"type":"LineString","coordinates":[[-74.0500105672236,40.883053277772],[-74.0502712672142,40.8825286941946],[-74.050710865105,40.881620845183],[-74.0510641024544,40.8808981330101]]}},{"type":"Feature","id":420237,"properties":{"OBJECTID":420237,"PRIMENAME":"Railroad Avenue","ELEVTYP_F":0,"ELEVTYP_T":0},"geometry":{"type":"LineString","coordinates":[[-74.04492156263,40.8926152188779],[-74.0450114600173,40.8924437075876],[-74.0451038182796,40.8922729509639],[-74.0451986263998,40.8921029693412],[-74.0452958730693,40.891933782961],[-74.0453682430217,40.891803217724]]}},{"type":"Feature","id":420238,"properties":{"OBJECTID":420238,"PRIMENAME":"Parkway","ELEVTYP_F":0,"ELEVTYP_T":0},"geometry":{"type":"LineString","coordinates":[[-74.0610036989414,40.9071207144432],[-74.0618637374049,40.9073346856288]]}},{"type":"Feature","id":420241,"properties":{"OBJECTID":420241,"PRIMENAME":"Parkway","ELEVTYP_F":0,"ELEVTYP_T":0},"geometry":{"type":"LineString","coordinates":[[-74.0652923493222,40.9081882392228],[-74.0653820865727,40.9082122661386],[-74.0654703503027,40.9082392524985],[-74.0658247431564,40.9083611515258],[-74.0661801197604,40.9084813919252],[-74.0662066585079,40.9084906657133],[-74.0662323145746,40.9085012732918],[-74.066256971661,40.9085131665767],[-74.066280517996,40.9085262916558]]}},{"type":"Feature","id":420242,"properties":{"OBJECTID":420242,"PRIMENAME":"Elm Court","ELEVTYP_F":0,"ELEVTYP_T":0},"geometry":{"type":"LineString","coordinates":[[-74.0606859089591,40.9020202651574],[-74.0603450384006,40.9023303114346]]}},{"type":"Feature","id":420243,"properties":{"OBJECTID":420243,"PRIMENAME":"Woodridge Avenue","ELEVTYP_F":0,"ELEVTYP_T":0},"geometry":{"type":"LineString","coordinates":[[-74.0368549905231,40.8962052091956],[-74.0368231882194,40.8962578384268],[-74.0367837365833,40.8963230916768],[-74.0367134465502,40.8964393767773],[-74.0364484717621,40.8968777305123]]}},{"type":"Feature","id":420246,"properties":{"OBJECTID":420246,"PRIMENAME":"Railroad Avenue","ELEVTYP_F":0,"ELEVTYP_T":0},"geometry":{"type":"LineString","coordinates":[[-74.0492859209139,40.8840399978632],[-74.0491396470701,40.8843427302368],[-74.0489736738811,40.8846862252259]]}},{"type":"Feature","id":420250,"properties":{"OBJECTID":420250,"PRIMENAME":"Parkway","ELEVTYP_F":0,"ELEVTYP_T":0},"geometry":{"type":"LineString","coordinates":[[-74.0635820980754,40.9077622456371],[-74.0644377772812,40.9079759343721]]}},{"type":"Feature","id":420252,"properties":{"OBJECTID":420252,"PRIMENAME":"Railroad Avenue","ELEVTYP_F":0,"ELEVTYP_T":0},"geometry":{"type":"LineString","coordinates":[[-74.0458024490463,40.891020426803],[-74.0462284679321,40.8902592317329]]}},{"type":"Feature","id":420255,"properties":{"OBJECTID":420255,"PRIMENAME":"Railroad Avenue","ELEVTYP_F":0,"ELEVTYP_T":0},"geometry":{"type":"LineString","coordinates":[[-74.029386843223,40.8598496437837],[-74.0298213292053,40.8607878539035]]}},{"type":"Feature","id":420258,"properties":{"OBJECTID":420258,"PRIMENAME":"Railroad Avenue","ELEVTYP_F":0,"ELEVTYP_T":0},"geometry":{"type":"LineString","coordinates":[[-74.0316497880961,40.8660239740887],[-74.0316868423022,40.8662560718441],[-74.0317220688482,40.8665935685136],[-74.0317323108057,40.8667308849268],[-74.0317326583684,40.8668354686663]]}},{"type":"Feature","id":420267,"properties":{"OBJECTID":420267,"PRIMENAME":"Railroad Avenue","ELEVTYP_F":0,"ELEVTYP_T":0},"geometry":{"type":"LineString","coordinates":[[-74.0298690490386,40.8609009755264],[-74.0300305004341,40.8613229278203],[-74.0304346104585,40.8624129992147]]}},{"type":"Feature","id":420269,"properties":{"OBJECTID":420269,"PRIMENAME":"Railroad Avenue","ELEVTYP_F":0,"ELEVTYP_T":0},"geometry":{"type":"LineString","coordinates":[[-74.0304346104585,40.8624129992147],[-74.0307743772113,40.8633694039316]]}},{"type":"Feature","id":420270,"properties":{"OBJECTID":420270,"PRIMENAME":"First Street","ELEVTYP_F":0,"ELEVTYP_T":0},"geometry":{"type":"LineString","coordinates":[[-74.0313749539741,40.8659468506084],[-74.0310358903185,40.8665789229921]]}},{"type":"Feature","id":420309,"properties":{"OBJECTID":420309,"PRIMENAME":"West Railroad Avenue","ELEVTYP_F":0,"ELEVTYP_T":0},"geometry":{"type":"LineString","coordinates":[[-74.0510641024544,40.8808981330101],[-74.0511659422029,40.8806898316144],[-74.0516572754004,40.8796738100555],[-74.0516696169571,40.8796458299585],[-74.0516843720266,40.8796185314005],[-74.0517014758629,40.8795920341632],[-74.0517208534146,40.879566454512],[-74.0517424196536,40.8795419046861],[-74.0517660799489,40.8795184924059],[-74.0517917304811,40.8794963204001],[-74.0518192586985,40.8794754859556]]}},{"type":"Feature","id":420310,"properties":{"OBJECTID":420310,"PRIMENAME":"US Highway 46","ELEVTYP_F":0,"ELEVTYP_T":0},"geometry":{"type":"LineString","coordinates":[[-74.0583421180796,40.8615625470321],[-74.0581792180897,40.8614653332984],[-74.0580992697978,40.8614176488797],[-74.0577241598183,40.8611946121015],[-74.0573255509384,40.8609608049419],[-74.0568097637682,40.8606514178578],[-74.0563173859166,40.8603564195787],[-74.0557509985777,40.8600188532393],[-74.0557078573431,40.859993140564],[-74.0551873742369,40.8596801321227],[-74.0548263710222,40.8594643034243],[-74.0544981389773,40.8592736081416],[-74.0543580157724,40.8591893623339],[-74.0541511194561,40.8590649683583],[-74.0536025228808,40.8587411389716],[-74.053278997137,40.8585504845343],[-74.0528898198903,40.8583166723888],[-74.0527503484941,40.8582345236776]]}},{"type":"Feature","id":420323,"properties":{"OBJECTID":420323,"PRIMENAME":"Vincent Avenue","ELEVTYP_F":0,"ELEVTYP_T":0},"geometry":{"type":"LineString","coordinates":[[-74.0631460428198,40.8750416695181],[-74.0624075655776,40.8745909233151]]}},{"type":"Feature","id":420324,"properties":{"OBJECTID":420324,"PRIMENAME":"US Highway 46","ELEVTYP_F":0,"ELEVTYP_T":0},"geometry":{"type":"LineString","coordinates":[[-74.0542493132425,40.8593294396517],[-74.0549234432361,40.8597291813628],[-74.0557496450737,40.8602214343496],[-74.0562035341347,40.8604918562723],[-74.0572961486155,40.8611357929534]]}},{"type":"Feature","id":420325,"properties":{"OBJECTID":420325,"PRIMENAME":"US Highway 46","ELEVTYP_F":0,"ELEVTYP_T":0},"geometry":{"type":"LineString","coordinates":[[-74.0572961486155,40.8611357929534],[-74.0581073529469,40.8616214098546],[-74.0585266976894,40.8618696496679]]}},{"type":"Feature","id":420326,"properties":{"OBJECTID":420326,"PRIMENAME":"US Highway 46","ELEVTYP_F":0,"ELEVTYP_T":0},"geometry":{"type":"LineString","coordinates":[[-74.0605694341652,40.8633111899692],[-74.0606707087446,40.8634039707522],[-74.0608484605892,40.8635726383869],[-74.0610168258492,40.8637448380857],[-74.0611336860427,40.8638703973255],[-74.0613066819268,40.8640533202033],[-74.0613781102164,40.8641337165589],[-74.0614468704461,40.8642111110281],[-74.061460607202,40.864226572928],[-74.0615870584369,40.8643689025776],[-74.0618486345716,40.8646844398627],[-74.0618755311659,40.8647180027472]]}},{"type":"Feature","id":420327,"properties":{"OBJECTID":420327,"PRIMENAME":"US Highway 46","ELEVTYP_F":0,"ELEVTYP_T":0},"geometry":{"type":"LineString","coordinates":[[-74.0516216971822,40.8577640501734],[-74.0523070610949,40.85817142742],[-74.053333920229,40.8587865984412],[-74.0542493132425,40.8593294396517]]}},{"type":"Feature","id":420328,"properties":{"OBJECTID":420328,"PRIMENAME":"Railroad Avenue","ELEVTYP_F":0,"ELEVTYP_T":0},"geometry":{"type":"LineString","coordinates":[[-74.0469595325642,40.8884915683391],[-74.0468894323836,40.8886191798089],[-74.0461252921834,40.8899863358136],[-74.0456604361,40.8908360113403],[-74.045629550539,40.8908934241799]]}},{"type":"Feature","id":420329,"properties":{"OBJECTID":420329,"PRIMENAME":"Railroad Avenue","ELEVTYP_F":0,"ELEVTYP_T":0},"geometry":{"type":"LineString","coordinates":[[-74.0477794672592,40.8870471079419],[-74.0474007098263,40.8876884031332],[-74.0469595325642,40.8884915683391]]}},{"type":"Feature","id":420331,"properties":{"OBJECTID":420331,"PRIMENAME":"Railroad Avenue","ELEVTYP_F":0,"ELEVTYP_T":0},"geometry":{"type":"LineString","coordinates":[[-74.0503250224052,40.881891089835],[-74.0501559097042,40.8822379668877],[-74.0498300348665,40.8829178789229],[-74.049790201654,40.8829999624263]]}},{"type":"Feature","id":420332,"properties":{"OBJECTID":420332,"PRIMENAME":"Railroad Avenue","ELEVTYP_F":0,"ELEVTYP_T":0},"geometry":{"type":"LineString","coordinates":[[-74.0515333227019,40.8793008124373],[-74.0514797497186,40.8794258831369]]}},{"type":"Feature","id":420335,"properties":{"OBJECTID":420335,"PRIMENAME":"Railroad Avenue","ELEVTYP_F":0,"ELEVTYP_T":0},"geometry":{"type":"LineString","coordinates":[[-74.0471711046797,40.8885585521668],[-74.0479241796156,40.8872066614239],[-74.0479786862636,40.8871056972063]]}},{"type":"Feature","id":420336,"properties":{"OBJECTID":420336,"PRIMENAME":"Railroad Avenue","ELEVTYP_F":0,"ELEVTYP_T":0},"geometry":{"type":"LineString","coordinates":[[-74.049790201654,40.8829999624263],[-74.0494473235461,40.8837059657078],[-74.0492859209139,40.8840399978632]]}},{"type":"Feature","id":420337,"properties":{"OBJECTID":420337,"PRIMENAME":"Railroad Avenue","ELEVTYP_F":0,"ELEVTYP_T":0},"geometry":{"type":"LineString","coordinates":[[-74.0514797497186,40.8794258831369],[-74.0513509598307,40.8797268034817],[-74.051283353061,40.8799161885337],[-74.0512633929681,40.8799575271301],[-74.0511432167754,40.8802064107504]]}},{"type":"Feature","id":420338,"properties":{"OBJECTID":420338,"PRIMENAME":"US Highway 46","ELEVTYP_F":0,"ELEVTYP_T":0},"geometry":{"type":"LineString","coordinates":[[-74.0585266976894,40.8618696496679],[-74.0587028790147,40.8619739723967],[-74.0590498439386,40.8621897352402],[-74.0592701981717,40.8623228281002],[-74.0595186615124,40.862481035848],[-74.0597201232406,40.8626283297569],[-74.0599075564673,40.8627648655978],[-74.0601276778737,40.8629336960001],[-74.0603150418254,40.8630809630191],[-74.0605022283053,40.8632496392386],[-74.0605694341652,40.8633111899692]]}},{"type":"Feature","id":420339,"properties":{"OBJECTID":420339,"PRIMENAME":"US Highway 46","ELEVTYP_F":1,"ELEVTYP_T":0},"geometry":{"type":"LineString","coordinates":[[-74.0622118827028,40.8651381588502],[-74.062219722486,40.8651481011907]]}},{"type":"Feature","id":420341,"properties":{"OBJECTID":420341,"PRIMENAME":"US Highway 46","ELEVTYP_F":0,"ELEVTYP_T":0},"geometry":{"type":"LineString","coordinates":[[-74.0598949440217,40.8625289434036],[-74.0597263388696,40.8624103503431],[-74.059529484064,40.8622773471899],[-74.0593231928045,40.862144307649],[-74.0592549898942,40.8621027081379],[-74.0592085751825,40.862074371712]]}},{"type":"Feature","id":420342,"properties":{"OBJECTID":420342,"PRIMENAME":"US Highway 46","ELEVTYP_F":0,"ELEVTYP_T":0},"geometry":{"type":"LineString","coordinates":[[-74.0614751811706,40.8640411971112],[-74.0614295174976,40.8639858770213],[-74.0612660653356,40.8637922585171],[-74.0611679108231,40.8636810716465],[-74.0609949280005,40.8634909845553],[-74.0608078932215,40.8633044396797],[-74.060639446861,40.8631393763843],[-74.0605975111375,40.8630999238165],[-74.0604944580432,40.8630029764493],[-74.0603446266153,40.8628773178998],[-74.0601667229115,40.8627265189327],[-74.0600120746146,40.8626187386366],[-74.0598949440217,40.8625289434036]]}},{"type":"Feature","id":420344,"properties":{"OBJECTID":420344,"PRIMENAME":"Railroad Avenue","ELEVTYP_F":0,"ELEVTYP_T":0},"geometry":{"type":"LineString","coordinates":[[-74.0486291033095,40.8853993021928],[-74.0485214349431,40.8856220990965],[-74.0482473127804,40.8861861256274],[-74.0482245530057,40.8862280101335],[-74.0477794672592,40.8870471079419]]}},{"type":"Feature","id":420345,"properties":{"OBJECTID":420345,"PRIMENAME":"Railroad Avenue","ELEVTYP_F":0,"ELEVTYP_T":0},"geometry":{"type":"LineString","coordinates":[[-74.045629550539,40.8908934241799],[-74.0454279684858,40.891268575055],[-74.0452858706704,40.8915207958848],[-74.0447331222895,40.8925019052683]]}},{"type":"Feature","id":420346,"properties":{"OBJECTID":420346,"PRIMENAME":"Railroad Avenue","ELEVTYP_F":0,"ELEVTYP_T":0},"geometry":{"type":"LineString","coordinates":[[-74.0489736738811,40.8846862252259],[-74.0486291033095,40.8853993021928]]}},{"type":"Feature","id":420347,"properties":{"OBJECTID":420347,"PRIMENAME":"Railroad Avenue","ELEVTYP_F":0,"ELEVTYP_T":0},"geometry":{"type":"LineString","coordinates":[[-74.0462284679321,40.8902592317329],[-74.0464887472558,40.8897942481007],[-74.0467607135275,40.8893013660705]]}},{"type":"Feature","id":420350,"properties":{"OBJECTID":420350,"PRIMENAME":"Woodridge Avenue","ELEVTYP_F":0,"ELEVTYP_T":0},"geometry":{"type":"LineString","coordinates":[[-74.0364484717621,40.8968777305123],[-74.0362643144661,40.897182363896],[-74.0362431137244,40.8972195035815],[-74.0362231609694,40.8972570392651],[-74.0362044690359,40.8972949468057],[-74.0361870499476,40.8973332018232],[-74.0361709149098,40.897371779714],[-74.036156074302,40.8974106556668],[-74.0361425376712,40.8974498046783],[-74.0361303137258,40.89748920157],[-74.0361236686819,40.8975083893106]]}},{"type":"Feature","id":420351,"properties":{"OBJECTID":420351,"PRIMENAME":"Woodridge Avenue","ELEVTYP_F":0,"ELEVTYP_T":0},"geometry":{"type":"LineString","coordinates":[[-74.0361236686819,40.8975083893106],[-74.0360951225619,40.8975945392304],[-74.0360685414166,40.8976810503772],[-74.0360439331819,40.8977678969474],[-74.0360213052054,40.8978550530375],[-74.0360006642442,40.8979424926512],[-74.0359820164627,40.898030189708],[-74.0359653674309,40.8981181180501],[-74.0359507221228,40.8982062514509]]}},{"type":"Feature","id":420352,"properties":{"OBJECTID":420352,"PRIMENAME":"Railroad Avenue","ELEVTYP_F":0,"ELEVTYP_T":0},"geometry":{"type":"LineString","coordinates":[[-74.0453682430217,40.891803217724],[-74.0455241662616,40.8915217351376],[-74.0457451768753,40.8911227514867],[-74.0458024490463,40.891020426803]]}},{"type":"Feature","id":420466,"properties":{"OBJECTID":420466,"PRIMENAME":"2nd Street","ELEVTYP_F":0,"ELEVTYP_T":0},"geometry":{"type":"LineString","coordinates":[[-74.053546298442,40.8855345787974],[-74.053588075169,40.8854374053331],[-74.0542217890216,40.8843312311717]]}},{"type":"Feature","id":420470,"properties":{"OBJECTID":420470,"PRIMENAME":"Second Street","ELEVTYP_F":0,"ELEVTYP_T":0},"geometry":{"type":"LineString","coordinates":[[-74.0511593763823,40.8897451034255],[-74.0507918840794,40.890391943173]]}},{"type":"Feature","id":420471,"properties":{"OBJECTID":420471,"PRIMENAME":"Second Street","ELEVTYP_F":0,"ELEVTYP_T":0},"geometry":{"type":"LineString","coordinates":[[-74.0523408448867,40.8876807283605],[-74.052280474402,40.887783209144],[-74.0519606873629,40.8883260406009],[-74.0519009771283,40.888427398929],[-74.0518662212037,40.8884888590922],[-74.0515679257299,40.8890163479727]]}},{"type":"Feature","id":420472,"properties":{"OBJECTID":420472,"PRIMENAME":"2nd Street","ELEVTYP_F":0,"ELEVTYP_T":0},"geometry":{"type":"LineString","coordinates":[[-74.0542217890216,40.8843312311717],[-74.0547604599602,40.8833725291081],[-74.0552035427446,40.8826057937319],[-74.0556047358806,40.8818982624179],[-74.0556612803558,40.8817985423898]]}},{"type":"Feature","id":420473,"properties":{"OBJECTID":420473,"PRIMENAME":"Second Street","ELEVTYP_F":0,"ELEVTYP_T":0},"geometry":{"type":"LineString","coordinates":[[-74.0507918840794,40.890391943173],[-74.0501326702715,40.8915398029272],[-74.050070697863,40.8916477120491],[-74.0496876764503,40.8923250941141]]}},{"type":"Feature","id":420589,"properties":{"OBJECTID":420589,"PRIMENAME":"East State Highway 4","ELEVTYP_F":0,"ELEVTYP_T":1},"geometry":{"type":"LineString","coordinates":[[-74.0272610666017,40.8998899704599],[-74.0272330029173,40.8998684453885],[-74.0270084828054,40.8997124916204],[-74.0267712979948,40.8995467953658],[-74.0267630519897,40.8995414085708]]}},{"type":"Feature","id":420594,"properties":{"OBJECTID":420594,"PRIMENAME":"East State Highway 4","ELEVTYP_F":0,"ELEVTYP_T":0},"geometry":{"type":"LineString","coordinates":[[-74.0374445873662,40.9099979225654],[-74.0376529580406,40.9101588702539],[-74.0378469668204,40.9103110317464],[-74.0380606008704,40.9104785856066],[-74.0381660877872,40.9105594338309],[-74.0381662316475,40.9105595721933]]}},{"type":"Feature","id":420600,"properties":{"OBJECTID":420600,"PRIMENAME":"East State Highway 4","ELEVTYP_F":0,"ELEVTYP_T":0},"geometry":{"type":"LineString","coordinates":[[-74.0381662316475,40.9105595721933],[-74.0384401887293,40.9107696123422],[-74.0385259757461,40.9108310057623],[-74.0387214460248,40.9109708969383],[-74.03904028049,40.9111902018329],[-74.0392560650849,40.9113268547173],[-74.0395047369219,40.9114743993557],[-74.0395493964727,40.9115012586714],[-74.0397440273468,40.9116183109651],[-74.0398125753233,40.9116557336651],[-74.0399880605413,40.911751535096],[-74.040222822103,40.9118703928794],[-74.0404435119771,40.9119785440461],[-74.0404969831705,40.9120027922519],[-74.0406501558287,40.9120722550436],[-74.0409601381507,40.9122129046623],[-74.0413030599739,40.912357224583],[-74.0414461000055,40.9124149972249],[-74.0416695136101,40.9125052329578],[-74.0418380433887,40.9125725371147]]}},{"type":"Feature","id":420606,"properties":{"OBJECTID":420606,"PRIMENAME":"East State Highway 4","ELEVTYP_F":1,"ELEVTYP_T":0},"geometry":{"type":"LineString","coordinates":[[-74.02667491081,40.899619853514],[-74.0270693513972,40.8998975290884],[-74.0272005420002,40.8999969121072]]}},{"type":"Feature","id":420612,"properties":{"OBJECTID":420612,"PRIMENAME":"East State Highway 4","ELEVTYP_F":0,"ELEVTYP_T":1},"geometry":{"type":"LineString","coordinates":[[-74.030072364254,40.9025236292629],[-74.029540708707,40.9019581476401]]}},{"type":"Feature","id":420613,"properties":{"OBJECTID":420613,"PRIMENAME":"East State Highway 4","ELEVTYP_F":0,"ELEVTYP_T":0},"geometry":{"type":"LineString","coordinates":[[-74.0272005420002,40.8999969121072],[-74.0274488558631,40.900185051924],[-74.0277018686721,40.9003790560127],[-74.0277724676471,40.900438423074],[-74.0277815370447,40.9004460501711],[-74.0279453281893,40.9005837812903],[-74.0281654020338,40.9007705413657],[-74.0284228421581,40.9010038977471],[-74.028675468726,40.9012479659065],[-74.0287039944663,40.9012759432577]]}},{"type":"Feature","id":420623,"properties":{"OBJECTID":420623,"PRIMENAME":"East State Highway 4","ELEVTYP_F":0,"ELEVTYP_T":0},"geometry":{"type":"LineString","coordinates":[[-74.0401784243483,40.9117140023249],[-74.0400658911108,40.9116573376974],[-74.0398977827145,40.9115658029662],[-74.0398029313156,40.9115141563209],[-74.0395951371008,40.9113938401639],[-74.0395907357334,40.9113912217648],[-74.0393492429932,40.9112475144697],[-74.0390907566706,40.9110753088597],[-74.038844963891,40.9109096032629],[-74.0386924851251,40.9107959573911],[-74.0386297144864,40.9107487013672],[-74.0384595699323,40.910620613315],[-74.0382108203631,40.9104326533045],[-74.038163060365,40.9103965655831],[-74.0379528914868,40.9102330873358],[-74.0378709173275,40.9101693231706],[-74.0375618479289,40.9099258452204],[-74.0373275062351,40.9097482507157],[-74.0371976845811,40.9096498646451],[-74.0368504490724,40.9093803737162],[-74.0365589040006,40.9091568361736]]}},{"type":"Feature","id":420638,"properties":{"OBJECTID":420638,"PRIMENAME":"East State Highway 4","ELEVTYP_F":1,"ELEVTYP_T":0},"geometry":{"type":"LineString","coordinates":[[-74.0267630519897,40.8995414085708],[-74.0265679261141,40.8994135452026],[-74.0263052742486,40.8992380542575],[-74.0260424852561,40.8990819684261],[-74.0258524990773,40.8989678711899],[-74.0257500644661,40.8989063529679],[-74.0255508137014,40.898789230861],[-74.0253855596312,40.8986884440841],[-74.0251565016995,40.8985712256417],[-74.0249825965092,40.8984865416956],[-74.0248910348258,40.8984401492563],[-74.0247705098206,40.8983790824659],[-74.0245415262443,40.8982618910226],[-74.0242997149187,40.8981478306126],[-74.024066395941,40.8980402825064],[-74.0239139972451,40.8979676262892],[-74.0238203771071,40.8979229914095],[-74.0235503622203,40.8977923155177]]}},{"type":"Feature","id":420645,"properties":{"OBJECTID":420645,"PRIMENAME":"East State Highway 4","ELEVTYP_F":0,"ELEVTYP_T":1},"geometry":{"type":"LineString","coordinates":[[-74.0287039944663,40.9012759432577],[-74.0289280726239,40.9014956572851],[-74.0291291768747,40.9017001791045],[-74.0293582332069,40.9019477184474],[-74.0294280349066,40.9020212128924]]}},{"type":"Feature","id":420650,"properties":{"OBJECTID":420650,"PRIMENAME":"State Highway 17","ELEVTYP_F":0,"ELEVTYP_T":0},"geometry":{"type":"LineString","coordinates":[[-74.0649955790354,40.8626106847781],[-74.0649778710178,40.8626369966386],[-74.0647971042589,40.8629222561372],[-74.0645261847825,40.8633143925585],[-74.0643895754514,40.8635388115687],[-74.064278706117,40.8637209449503],[-74.064078673616,40.8640704168689],[-74.0640400107243,40.8641438078011],[-74.0638832357736,40.8644413988218],[-74.063754375416,40.8647053877075],[-74.0636585818411,40.8649446709767]]}},{"type":"Feature","id":420656,"properties":{"OBJECTID":420656,"PRIMENAME":"East State Highway 4","ELEVTYP_F":0,"ELEVTYP_T":0},"geometry":{"type":"LineString","coordinates":[[-74.0418466597305,40.9124517742785],[-74.0418145552936,40.9124394368909],[-74.0415853013963,40.9123448690268],[-74.0415143797762,40.9123167398652],[-74.0413220309283,40.9122404483362],[-74.0409994526602,40.9121002998009],[-74.0407702447456,40.9119992518437],[-74.0405701827779,40.9119094045827],[-74.040545344004,40.9118982494083],[-74.0403374354569,40.9117940740362],[-74.0401784243483,40.9117140023249]]}},{"type":"Feature","id":420660,"properties":{"OBJECTID":420660,"PRIMENAME":"East State Highway 4","ELEVTYP_F":1,"ELEVTYP_T":0},"geometry":{"type":"LineString","coordinates":[[-74.029540708707,40.9019581476401],[-74.0294493308286,40.9018605822903],[-74.0293613145234,40.9017682133355]]}},{"type":"Feature","id":420667,"properties":{"OBJECTID":420667,"PRIMENAME":"East State Highway 4","ELEVTYP_F":0,"ELEVTYP_T":0},"geometry":{"type":"LineString","coordinates":[[-74.0293613145234,40.9017682133355],[-74.0290817195074,40.901474736956],[-74.0287689821147,40.9011569145865],[-74.0285651858725,40.9009680041198],[-74.0284645310071,40.9008746993515],[-74.0282107595307,40.9006444055782],[-74.0280203117862,40.9004885652553],[-74.0278763335794,40.9003673461591],[-74.027846834343,40.9003425111886],[-74.0276055608323,40.9001509978341],[-74.0274065686036,40.9000015722368],[-74.0272610666017,40.8998899704599]]}},{"type":"Feature","id":420683,"properties":{"OBJECTID":420683,"PRIMENAME":"East State Highway 4","ELEVTYP_F":1,"ELEVTYP_T":0},"geometry":{"type":"LineString","coordinates":[[-74.0363422908523,40.9091394086238],[-74.036457385958,40.9092294828039],[-74.037034360823,40.9096810224143],[-74.0373264022544,40.9099066266244],[-74.0374445873662,40.9099979225654]]}},{"type":"Feature","id":420688,"properties":{"OBJECTID":420688,"PRIMENAME":"East State Highway 4","ELEVTYP_F":0,"ELEVTYP_T":1},"geometry":{"type":"LineString","coordinates":[[-74.0244674685606,40.898353760345],[-74.0244896404116,40.8983643379443],[-74.024818410638,40.8985244608597],[-74.0248745078213,40.8985517827804],[-74.0251420856823,40.8986851355168],[-74.0253344336527,40.8987860080399],[-74.0254845341912,40.8988759725887],[-74.02568625912,40.8989911840785],[-74.0257724586075,40.8990438992172],[-74.0260098496895,40.8991890781048],[-74.0262912344724,40.8993653608168],[-74.0266709874852,40.8996171204073],[-74.02667491081,40.899619853514]]}},{"type":"Feature","id":420693,"properties":{"OBJECTID":420693,"PRIMENAME":"East State Highway 4","ELEVTYP_F":1,"ELEVTYP_T":0},"geometry":{"type":"LineString","coordinates":[[-74.0294280349066,40.9020212128924],[-74.0299632763383,40.9025847617214]]}},{"type":"Feature","id":421198,"properties":{"OBJECTID":421198,"PRIMENAME":"Dyer Avenue","ELEVTYP_F":0,"ELEVTYP_T":0},"geometry":{"type":"LineString","coordinates":[[-74.0456909936302,40.8661190815891],[-74.0453184497383,40.865274558825],[-74.0453181366876,40.8652738470407]]}},{"type":"Feature","id":433360,"properties":{"OBJECTID":433360,"PRIMENAME":"Conklin Avenue","ELEVTYP_F":0,"ELEVTYP_T":0},"geometry":{"type":"LineString","coordinates":[[-74.053667555472,40.9100247942874],[-74.0535851498951,40.9101083880763],[-74.053496276656,40.9101985569969]]}},{"type":"Feature","id":433362,"properties":{"OBJECTID":433362,"PRIMENAME":"George Street","ELEVTYP_F":0,"ELEVTYP_T":0},"geometry":{"type":"LineString","coordinates":[[-74.051163042661,40.8738374347386],[-74.0512552082341,40.8738499258168],[-74.0516121678359,40.8738981616371]]}},{"type":"Feature","id":433363,"properties":{"OBJECTID":433363,"PRIMENAME":"Elizabeth Street","ELEVTYP_F":0,"ELEVTYP_T":0},"geometry":{"type":"LineString","coordinates":[[-74.0512132714544,40.8731788445988],[-74.0513208691975,40.8731925213798],[-74.0516523645203,40.8732346764367]]}},{"type":"Feature","id":433396,"properties":{"OBJECTID":433396,"PRIMENAME":"Louis Street","ELEVTYP_F":0,"ELEVTYP_T":0},"geometry":{"type":"LineString","coordinates":[[-74.0651297922549,40.8922358241996],[-74.0650666728929,40.8922963312299],[-74.0648701206528,40.8924846404573]]}},{"type":"Feature","id":433397,"properties":{"OBJECTID":433397,"PRIMENAME":"Van Cleve Street","ELEVTYP_F":0,"ELEVTYP_T":0},"geometry":{"type":"LineString","coordinates":[[-74.0644143933946,40.891809060175],[-74.0643535259676,40.8918683397462],[-74.0641518259921,40.8920648000625]]}},{"type":"Feature","id":433398,"properties":{"OBJECTID":433398,"PRIMENAME":"Clinton Avenue","ELEVTYP_F":0,"ELEVTYP_T":0},"geometry":{"type":"LineString","coordinates":[[-74.0636933302487,40.891381528198],[-74.06363574457,40.8914367303342],[-74.06347475152,40.891591072672],[-74.0634336414801,40.8916304843807]]}},{"type":"Feature","id":433399,"properties":{"OBJECTID":433399,"PRIMENAME":"Golf Avenue","ELEVTYP_F":0,"ELEVTYP_T":0},"geometry":{"type":"LineString","coordinates":[[-74.0636422374625,40.8958767936527],[-74.0635726807873,40.8959474050355],[-74.0632096435693,40.8963155879831]]}},{"type":"Feature","id":433400,"properties":{"OBJECTID":433400,"PRIMENAME":"Rutgers Place","ELEVTYP_F":0,"ELEVTYP_T":0},"geometry":{"type":"LineString","coordinates":[[-74.0395460157609,40.913493427246],[-74.0393826399188,40.9134944498542],[-74.0390292908806,40.9134966339164],[-74.0390139141973,40.9134967813814]]}},{"type":"Feature","id":433407,"properties":{"OBJECTID":433407,"PRIMENAME":"Cedar Lane","ELEVTYP_F":0,"ELEVTYP_T":0},"geometry":{"type":"LineString","coordinates":[[-74.0324456073394,40.8916569724001],[-74.0319557027167,40.8916205962967]]}},{"type":"Feature","id":433408,"properties":{"OBJECTID":433408,"PRIMENAME":"Pomander Walk","ELEVTYP_F":0,"ELEVTYP_T":0},"geometry":{"type":"LineString","coordinates":[[-74.0310243708253,40.8888158157351],[-74.0311261294031,40.8888088727286],[-74.0312018619312,40.8888112368953],[-74.0312767347646,40.8888201899248],[-74.031779729198,40.8889109050657],[-74.0322833927806,40.888999458455],[-74.0323767573007,40.8890139529298],[-74.0324706817571,40.8890261879509],[-74.0325650712279,40.8890361511531],[-74.0326598303213,40.8890438324674],[-74.0329565259326,40.8890653168655]]}},{"type":"Feature","id":433410,"properties":{"OBJECTID":433410,"PRIMENAME":"Fairview Avenue","ELEVTYP_F":0,"ELEVTYP_T":0},"geometry":{"type":"LineString","coordinates":[[-74.0252705648716,40.8669092434537],[-74.025102877233,40.8668634553399],[-74.0250427014394,40.8668546431533],[-74.0249936629933,40.8668658604517],[-74.0249632875601,40.8668914826616]]}},{"type":"Feature","id":433411,"properties":{"OBJECTID":433411,"PRIMENAME":"West Fort Lee Road","ELEVTYP_F":0,"ELEVTYP_T":0},"geometry":{"type":"LineString","coordinates":[[-74.0349801299123,40.8779555108945],[-74.0348048342984,40.8777543203384],[-74.0346586710817,40.8775865635853],[-74.0345283935897,40.8774389093063],[-74.0344693099319,40.8773912108843],[-74.0344039737354,40.8773482358914],[-74.034338517745,40.8773171190664],[-74.0341981107055,40.8772785616359],[-74.0340721800225,40.8772525299864],[-74.0337297796834,40.8771817494182],[-74.0333888222402,40.8770902695959]]}},{"type":"Feature","id":433425,"properties":{"OBJECTID":433425,"PRIMENAME":"North Taylor Avenue","ELEVTYP_F":0,"ELEVTYP_T":0},"geometry":{"type":"LineString","coordinates":[[-74.0423798482455,40.8647106080933],[-74.0423518705648,40.8646401084797],[-74.0423351387749,40.8645971560115],[-74.0422596466545,40.8644033589078]]}},{"type":"Feature","id":434666,"properties":{"OBJECTID":434666,"PRIMENAME":"Chestnut Avenue","ELEVTYP_F":0,"ELEVTYP_T":0},"geometry":{"type":"LineString","coordinates":[[-74.0444305052376,40.8676185969902],[-74.044338647818,40.8673857275902]]}},{"type":"Feature","id":435201,"properties":{"OBJECTID":435201,"PRIMENAME":"First Street","ELEVTYP_F":0,"ELEVTYP_T":0},"geometry":{"type":"LineString","coordinates":[[-74.0483890354117,40.8915520112782],[-74.0479578745452,40.8923058102819]]}},{"type":"Feature","id":435202,"properties":{"OBJECTID":435202,"PRIMENAME":"First Street","ELEVTYP_F":0,"ELEVTYP_T":0},"geometry":{"type":"LineString","coordinates":[[-74.0479578745452,40.8923058102819],[-74.0475196759936,40.893071602515]]}},{"type":"Feature","id":435317,"properties":{"OBJECTID":435317,"PRIMENAME":"Bogota Gardens","ELEVTYP_F":0,"ELEVTYP_T":0},"geometry":{"type":"LineString","coordinates":[[-74.0328392549359,40.8751758932814],[-74.0328386862698,40.8751808480888],[-74.0328390689021,40.8751858131749],[-74.0328403947661,40.8751906838626],[-74.0328426359092,40.8751953574645],[-74.0328488618847,40.8752058887185],[-74.0328506142282,40.8752084750183],[-74.0328527187586,40.8752109053123],[-74.032855151639,40.8752131520735],[-74.0328578853132,40.8752151898539],[-74.0328608888181,40.8752169955724],[-74.0328641281342,40.8752185487764],[-74.0328675665714,40.8752198318734],[-74.0328711651837,40.8752208303303],[-74.0328813294345,40.875223193161],[-74.0328882274608,40.8752245901914],[-74.032895241311,40.8752256017828],[-74.0329023336568,40.8752262225515],[-74.0329094667522,40.8752264491936],[-74.0329310653167,40.8752265366564],[-74.0329387974344,40.8752264319889],[-74.0329465148592,40.8752260555037],[-74.032954201015,40.8752254080095],[-74.032961839393,40.8752244908969],[-74.0330733783223,40.8752090789535]]}},{"type":"Feature","id":436021,"properties":{"OBJECTID":436021,"PRIMENAME":"Pomander Walk","ELEVTYP_F":0,"ELEVTYP_T":0},"geometry":{"type":"LineString","coordinates":[[-74.0329565259326,40.8890653168655],[-74.033111880053,40.8890784225661],[-74.0332670401845,40.8890927911574],[-74.0332795830608,40.8890931075853],[-74.0332919880505,40.8890945502421],[-74.0333040801888,40.88909709878],[-74.0333156889233,40.8891007172532],[-74.0333266505197,40.8891053546257],[-74.0333368103711,40.8891109454899],[-74.0333460251787,40.8891174109899],[-74.0333541649727,40.889124659934]]}},{"type":"Feature","id":436022,"properties":{"OBJECTID":436022,"PRIMENAME":"Polifly Road","ELEVTYP_F":0,"ELEVTYP_T":0},"geometry":{"type":"LineString","coordinates":[[-74.059614601317,40.875375146122],[-74.0593893986772,40.8756385365616]]}},{"type":"Feature","id":436023,"properties":{"OBJECTID":436023,"PRIMENAME":"Lone Pine Lane","ELEVTYP_F":0,"ELEVTYP_T":0},"geometry":{"type":"LineString","coordinates":[[-74.0313561090517,40.8943186587911],[-74.0312575277394,40.8943991965413],[-74.0310646494038,40.8946413509475]]}},{"type":"Feature","id":436039,"properties":{"OBJECTID":436039,"PRIMENAME":"Bergen Town Center","ELEVTYP_F":0,"ELEVTYP_T":0},"geometry":{"type":"LineString","coordinates":[[-74.0570773814604,40.9134817785344],[-74.0570532374975,40.9134853310608],[-74.0570309622191,40.9134932392732],[-74.057011898301,40.9135050264926],[-74.0569971948512,40.9135199822267],[-74.0562075221437,40.9145717173977],[-74.0561966783628,40.9145969655945],[-74.0561922599455,40.9146233076651],[-74.0561944232676,40.9146498113629],[-74.0562030917764,40.9146755387208],[-74.0562179587001,40.9146995792448],[-74.0562384979024,40.9147210821374],[-74.0562639825025,40.9147392864076],[-74.0562935105988,40.9147535478024],[-74.0565133483457,40.9148393075457],[-74.0565406683681,40.9148519188788],[-74.0565640529968,40.9148684680525],[-74.056582532018,40.9148882684544],[-74.056595338746,40.9149104985799],[-74.0566019418325,40.9149342361167],[-74.056602067313,40.9149584962096],[-74.0565957099744,40.9149822723219],[-74.0565831335724,40.915004577996],[-74.0564486886906,40.9151913916283]]}},{"type":"Feature","id":436072,"properties":{"OBJECTID":436072,"PRIMENAME":"FR RAMP A106830 TO GREEN ST","ELEVTYP_F":0,"ELEVTYP_T":0},"geometry":{"type":"LineString","coordinates":[[-74.0623713282231,40.8639315058571],[-74.0624666565551,40.8640328638544],[-74.0624978323424,40.8640660114552],[-74.062516281261,40.8640922610343],[-74.0625316644971,40.864121281749],[-74.0625419805122,40.8641502409175],[-74.0625465711308,40.8641642136574],[-74.0625504335008,40.8641783127854],[-74.0625535616312,40.8641925164345],[-74.0625559506702,40.8642068025757],[-74.0625575969118,40.864221149052],[-74.0625584978024,40.8642355336126],[-74.0625586519444,40.8642499339479],[-74.0625580590981,40.8642643277237],[-74.0625549699905,40.8643103180888],[-74.0625523779895,40.8643489058419]]}},{"type":"Feature","id":436073,"properties":{"OBJECTID":436073,"PRIMENAME":"Green Street","ELEVTYP_F":0,"ELEVTYP_T":0},"geometry":{"type":"LineString","coordinates":[[-74.0627553224409,40.8640455550857],[-74.0626082287098,40.8642335473257],[-74.0625925441698,40.8642618914305],[-74.0625779987964,40.8642905835211],[-74.0625646059645,40.864319597217],[-74.0625523779895,40.8643489058419]]}},{"type":"Feature","id":436074,"properties":{"OBJECTID":436074,"PRIMENAME":"FR US 46 EB to GREEN ST","ELEVTYP_F":0,"ELEVTYP_T":0},"geometry":{"type":"LineString","coordinates":[[-74.0623713282231,40.8639315058571],[-74.0625450399212,40.8640087088313],[-74.0625616954701,40.8640156270311],[-74.0625788510664,40.8640218009284],[-74.0625964490611,40.8640272097767],[-74.0626144303187,40.8640318354003],[-74.0626327344156,40.8640356622555],[-74.0626512998433,40.8640386774825],[-74.0626700642152,40.8640408709491],[-74.0626889644762,40.8640422352845],[-74.0627553224409,40.8640455550857]]}},{"type":"Feature","id":465571,"properties":{"OBJECTID":465571,"PRIMENAME":"FR US 46 EB TO INDUSTRIAL AVE","ELEVTYP_F":0,"ELEVTYP_T":0},"geometry":{"type":"LineString","coordinates":[[-74.0592085751825,40.862074371712],[-74.0591002594096,40.8619814672557],[-74.0590389190761,40.8619166059664],[-74.0589996204868,40.8618580671732],[-74.0589871022908,40.861833058172],[-74.0589580380233,40.8617699196473],[-74.0589485157115,40.8617433758148],[-74.0589459205041,40.8617251059025],[-74.0589448447876,40.8617118480774],[-74.0589447558254,40.8616667858366],[-74.0589477165865,40.8614312814705]]}},{"type":"Feature","id":465572,"properties":{"OBJECTID":465572,"PRIMENAME":"FR INDUSTRIAL AVE TO US 46 EB","ELEVTYP_F":0,"ELEVTYP_T":0},"geometry":{"type":"LineString","coordinates":[[-74.0589477165865,40.8614312814705],[-74.0587661209671,40.8615248840408],[-74.0587053264316,40.8615519748207],[-74.0586606915037,40.8615644021505],[-74.0586115501531,40.8615711170045],[-74.0585660749535,40.8615732439467],[-74.0585133444968,40.8615725819504],[-74.0583421180796,40.8615625470321]]}},{"type":"Feature","id":465573,"properties":{"OBJECTID":465573,"PRIMENAME":"US Highway 46","ELEVTYP_F":0,"ELEVTYP_T":0},"geometry":{"type":"LineString","coordinates":[[-74.0592085751825,40.862074371712],[-74.0590933768069,40.8620040407915],[-74.0588730120425,40.8618781106942],[-74.0586218529383,40.8617289779962]]}},{"type":"Feature","id":465574,"properties":{"OBJECTID":465574,"PRIMENAME":"US Highway 46","ELEVTYP_F":0,"ELEVTYP_T":0},"geometry":{"type":"LineString","coordinates":[[-74.0586218529383,40.8617289779962],[-74.0585772332974,40.8617024556309],[-74.0584368886722,40.8616191037175],[-74.0583421180796,40.8615625470321]]}},{"type":"Feature","id":465575,"properties":{"OBJECTID":465575,"PRIMENAME":"Industrial Avenue","ELEVTYP_F":0,"ELEVTYP_T":0},"geometry":{"type":"LineString","coordinates":[[-74.0589477165865,40.8614312814705],[-74.0587568994983,40.8616362341648],[-74.0587464533814,40.8616466835821],[-74.0587350982328,40.8616565713178],[-74.0587228862979,40.861665851878],[-74.0587098737642,40.8616744825624],[-74.0586218529383,40.8617289779962]]}},{"type":"Feature","id":465576,"properties":{"OBJECTID":465576,"PRIMENAME":"FR COLLINS AVE TO US 46 WB","ELEVTYP_F":0,"ELEVTYP_T":0},"geometry":{"type":"LineString","coordinates":[[-74.0666419637044,40.8711702053275],[-74.0666982813475,40.8711624648653],[-74.0667295069017,40.8711600551609],[-74.0667590577267,40.8711592178574],[-74.0667952539372,40.8711603021055],[-74.066826434201,40.8711648410049],[-74.066854250594,40.8711747382648],[-74.0669185405526,40.8712068832693],[-74.0670490577302,40.8712808678759]]}},{"type":"Feature","id":465577,"properties":{"OBJECTID":465577,"PRIMENAME":"US Highway 46","ELEVTYP_F":0,"ELEVTYP_T":1},"geometry":{"type":"LineString","coordinates":[[-74.0666403939011,40.8707575608291],[-74.0668138635433,40.8709835198083],[-74.0668822077926,40.871072545669],[-74.0669839312659,40.8711995522711],[-74.0670490577302,40.8712808678759]]}},{"type":"Feature","id":465578,"properties":{"OBJECTID":465578,"PRIMENAME":"FR BURTON AVE TO US 46 WB","ELEVTYP_F":0,"ELEVTYP_T":0},"geometry":{"type":"LineString","coordinates":[[-74.0656045400011,40.8699225235544],[-74.0656866895446,40.8699040542055],[-74.0657134028834,40.8699001886735],[-74.0657529231259,40.8698970062525],[-74.065793531644,40.8698952156936],[-74.0658311953769,40.8698961904949],[-74.0658724838935,40.8699021761917],[-74.0659367478358,40.8699182428659],[-74.066011436593,40.8699407986133]]}},{"type":"Feature","id":465579,"properties":{"OBJECTID":465579,"PRIMENAME":"FR BURTON AVE TO US 46 WB","ELEVTYP_F":0,"ELEVTYP_T":0},"geometry":{"type":"LineString","coordinates":[[-74.066121059303,40.8694169268026],[-74.0660809805382,40.8694335662756],[-74.0660231897558,40.8694529227604],[-74.0659860039113,40.8694558330803],[-74.0659448299027,40.8694541534824],[-74.0659097009728,40.8694498273287],[-74.065851548338,40.8694332135798],[-74.0657643767828,40.8693993337918],[-74.06567481682,40.8693662410489]]}},{"type":"Feature","id":465580,"properties":{"OBJECTID":465580,"PRIMENAME":"US Highway 46","ELEVTYP_F":0,"ELEVTYP_T":0},"geometry":{"type":"LineString","coordinates":[[-74.0655096465501,40.8693045260997],[-74.0657958253528,40.8696674025185],[-74.066011436593,40.8699407986133]]}},{"type":"Feature","id":465581,"properties":{"OBJECTID":465581,"PRIMENAME":"Burton Avenue","ELEVTYP_F":0,"ELEVTYP_T":0},"geometry":{"type":"LineString","coordinates":[[-74.0656045400011,40.8699225235544],[-74.0653812287909,40.8701417169144]]}},{"type":"Feature","id":465582,"properties":{"OBJECTID":465582,"PRIMENAME":"US Highway 46","ELEVTYP_F":0,"ELEVTYP_T":1},"geometry":{"type":"LineString","coordinates":[[-74.06567481682,40.8693662410489],[-74.0656505086702,40.8693344818554],[-74.0656117741937,40.8692859150157],[-74.0652676102469,40.8688541015562],[-74.0651980650305,40.8687672639732]]}},{"type":"Feature","id":467289,"properties":{"OBJECTID":467289,"PRIMENAME":"Collins Avenue","ELEVTYP_F":0,"ELEVTYP_T":0},"geometry":{"type":"LineString","coordinates":[[-74.0666403939011,40.8707575608291],[-74.066708892854,40.8709667360613],[-74.0667116931724,40.8709837673588],[-74.0667128209309,40.8709961285902],[-74.0667131970073,40.8710085161411],[-74.0667128206021,40.8710209036863],[-74.0667116925147,40.8710332649004],[-74.0667098151421,40.8710455735142],[-74.0667071924734,40.8710578033701],[-74.066703830082,40.8710699284781],[-74.0666997351128,40.8710819230704],[-74.0666949162679,40.8710937616569],[-74.0666893837878,40.8711054190789],[-74.0666831494292,40.8711168705625],[-74.0666762264409,40.8711280917719],[-74.0666686295348,40.8711390588601],[-74.0666603748552,40.8711497485206],[-74.0666514799441,40.8711601380362],[-74.0666419637044,40.8711702053275]]}}]}
